ISO-10303-21;
HEADER;
FILE_DESCRIPTION(('FreeCAD Model'),'2;1');
FILE_NAME('Open CASCADE Shape Model','2025-07-05T12:08:10',(''),(''),
  'Open CASCADE STEP processor 7.7','FreeCAD','Unknown');
FILE_SCHEMA(('AUTOMOTIVE_DESIGN { 1 0 10303 214 1 1 1 1 }'));
ENDSEC;
DATA;
#1 = APPLICATION_PROTOCOL_DEFINITION('international standard',
  'automotive_design',2000,#2);
#2 = APPLICATION_CONTEXT(
  'core data for automotive mechanical design processes');
#3 = SHAPE_DEFINITION_REPRESENTATION(#4,#10);
#4 = PRODUCT_DEFINITION_SHAPE('','',#5);
#5 = PRODUCT_DEFINITION('design','',#6,#9);
#6 = PRODUCT_DEFINITION_FORMATION('','',#7);
#7 = PRODUCT('CoreWheel','CoreWheel','',(#8));
#8 = PRODUCT_CONTEXT('',#2,'mechanical');
#9 = PRODUCT_DEFINITION_CONTEXT('part definition',#2,'design');
#10 = ADVANCED_BREP_SHAPE_REPRESENTATION('',(#11,#15),#12202);
#11 = AXIS2_PLACEMENT_3D('',#12,#13,#14);
#12 = CARTESIAN_POINT('',(0.,0.,0.));
#13 = DIRECTION('',(0.,0.,1.));
#14 = DIRECTION('',(1.,0.,-0.));
#15 = MANIFOLD_SOLID_BREP('',#16);
#16 = CLOSED_SHELL('',(#17,#414,#669,#742,#1002,#1075,#1335,#1408,#1668,
    #1742,#2002,#2077,#2337,#2412,#2672,#2747,#3007,#3080,#3340,#3413,
    #3673,#3746,#4006,#4079,#4339,#4412,#4672,#4745,#5005,#5067,#5092,
    #5155,#5715,#5757,#5946,#6008,#6071,#6475,#6538,#6579,#6640,#6652,
    #6714,#6775,#6786,#6816,#6858,#6869,#6899,#6941,#7002,#7014,#7076,
    #7137,#7148,#7178,#7220,#7231,#7261,#7303,#7364,#7376,#7438,#7499,
    #7510,#7540,#7582,#7593,#7623,#7665,#7726,#7739,#7801,#7862,#7873,
    #7903,#7945,#7956,#7986,#8028,#8089,#8101,#8163,#8224,#8235,#8265,
    #8307,#8318,#8348,#8390,#8451,#8463,#8525,#8586,#8597,#8627,#8669,
    #8680,#8710,#8752,#8813,#8825,#8887,#8948,#8959,#8989,#9031,#9042,
    #9072,#9114,#9132,#9187,#9249,#9310,#9321,#9351,#9393,#9404,#9434,
    #9476,#9494,#9549,#9611,#9672,#9683,#9713,#9755,#9766,#9796,#9838,
    #9856,#9911,#9973,#10034,#10045,#10075,#10117,#10128,#10158,#10200,
    #10247,#10302,#10364,#10425,#10436,#10466,#10508,#10519,#10549,
    #10591,#10609,#10664,#10726,#10787,#10798,#10828,#10870,#10881,
    #10911,#10953,#10971,#11026,#11087,#11098,#11128,#11170,#11181,
    #11211,#11253,#11265,#11290,#11317,#11334,#11359,#11384,#11409,
    #11434,#11459,#11471,#11484,#11496,#11508,#11520,#11532,#11544,
    #11556,#11568,#11580,#11592,#11604,#11616,#11628,#11725,#11760,
    #11785,#11810,#11835,#11860,#11885,#11918,#11943,#11969,#11994,
    #12011,#12028,#12045,#12062,#12135,#12160,#12190));
#17 = ADVANCED_FACE('',(#18,#398),#409,.F.);
#18 = FACE_BOUND('',#19,.F.);
#19 = EDGE_LOOP('',(#20,#31,#40,#49,#58,#67,#76,#85,#94,#103,#112,#121,
    #130,#139,#148,#157,#166,#175,#184,#193,#202,#211,#220,#229,#238,
    #247,#256,#265,#274,#283,#292,#301,#310,#319,#328,#337,#346,#355,
    #364,#373,#382,#391));
#20 = ORIENTED_EDGE('',*,*,#21,.T.);
#21 = EDGE_CURVE('',#22,#24,#26,.T.);
#22 = VERTEX_POINT('',#23);
#23 = CARTESIAN_POINT('',(-1.393547631048,-24.,21.555));
#24 = VERTEX_POINT('',#25);
#25 = CARTESIAN_POINT('',(1.5,-24.,21.));
#26 = CIRCLE('',#27,1.5);
#27 = AXIS2_PLACEMENT_3D('',#28,#29,#30);
#28 = CARTESIAN_POINT('',(0.,-24.,21.));
#29 = DIRECTION('',(0.,-1.,-2.22044604925E-16));
#30 = DIRECTION('',(1.,0.,0.));
#31 = ORIENTED_EDGE('',*,*,#32,.T.);
#32 = EDGE_CURVE('',#24,#33,#35,.T.);
#33 = VERTEX_POINT('',#34);
#34 = CARTESIAN_POINT('',(1.393547631048,-24.,21.555));
#35 = CIRCLE('',#36,1.5);
#36 = AXIS2_PLACEMENT_3D('',#37,#38,#39);
#37 = CARTESIAN_POINT('',(0.,-24.,21.));
#38 = DIRECTION('',(0.,-1.,-2.22044604925E-16));
#39 = DIRECTION('',(1.,0.,0.));
#40 = ORIENTED_EDGE('',*,*,#41,.F.);
#41 = EDGE_CURVE('',#42,#33,#44,.T.);
#42 = VERTEX_POINT('',#43);
#43 = CARTESIAN_POINT('',(8.096820965165,-24.,20.025021604434));
#44 = CIRCLE('',#45,21.6);
#45 = AXIS2_PLACEMENT_3D('',#46,#47,#48);
#46 = CARTESIAN_POINT('',(2.101947696487E-45,-24.,-2.101947696487E-45));
#47 = DIRECTION('',(-3.330669073875E-16,-1.,3.330669073875E-16));
#48 = DIRECTION('',(-3.330669073875E-16,3.330669073875E-16,1.));
#49 = ORIENTED_EDGE('',*,*,#50,.T.);
#50 = EDGE_CURVE('',#42,#51,#53,.T.);
#51 = VERTEX_POINT('',#52);
#52 = CARTESIAN_POINT('',(10.463011823322,-24.,18.269520617274));
#53 = CIRCLE('',#54,1.5);
#54 = AXIS2_PLACEMENT_3D('',#55,#56,#57);
#55 = CARTESIAN_POINT('',(9.111558521469,-24.,18.920346225951));
#56 = DIRECTION('',(0.,-1.,-2.22044604925E-16));
#57 = DIRECTION('',(0.900968867902,9.634154343575E-17,-0.433883739118));
#58 = ORIENTED_EDGE('',*,*,#59,.T.);
#59 = EDGE_CURVE('',#51,#60,#62,.T.);
#60 = VERTEX_POINT('',#61);
#61 = CARTESIAN_POINT('',(10.607907028193,-24.,18.815746290839));
#62 = CIRCLE('',#63,1.5);
#63 = AXIS2_PLACEMENT_3D('',#64,#65,#66);
#64 = CARTESIAN_POINT('',(9.111558521469,-24.,18.920346225951));
#65 = DIRECTION('',(0.,-1.,-2.22044604925E-16));
#66 = DIRECTION('',(0.900968867902,9.634154343575E-17,-0.433883739118));
#67 = ORIENTED_EDGE('',*,*,#68,.F.);
#68 = EDGE_CURVE('',#69,#60,#71,.T.);
#69 = VERTEX_POINT('',#70);
#70 = CARTESIAN_POINT('',(15.983514868235,-24.,14.528842089337));
#71 = CIRCLE('',#72,21.6);
#72 = AXIS2_PLACEMENT_3D('',#73,#74,#75);
#73 = CARTESIAN_POINT('',(2.101947696487E-45,-24.,-2.101947696487E-45));
#74 = DIRECTION('',(-3.330669073875E-16,-1.,3.330669073875E-16));
#75 = DIRECTION('',(-3.330669073875E-16,3.330669073875E-16,1.));
#76 = ORIENTED_EDGE('',*,*,#77,.T.);
#77 = EDGE_CURVE('',#69,#78,#80,.T.);
#78 = VERTEX_POINT('',#79);
#79 = CARTESIAN_POINT('',(17.353695834617,-24.,11.920538615331));
#80 = CIRCLE('',#81,1.5);
#81 = AXIS2_PLACEMENT_3D('',#82,#83,#84);
#82 = CARTESIAN_POINT('',(16.418461131829,-24.,13.093285839033));
#83 = DIRECTION('',(0.,-1.,-2.22044604925E-16));
#84 = DIRECTION('',(0.623489801859,1.736014626426E-16,-0.781831482468));
#85 = ORIENTED_EDGE('',*,*,#86,.T.);
#86 = EDGE_CURVE('',#78,#87,#89,.T.);
#87 = VERTEX_POINT('',#88);
#88 = CARTESIAN_POINT('',(17.721240340961,-24.,12.349803268793));
#89 = CIRCLE('',#90,1.5);
#90 = AXIS2_PLACEMENT_3D('',#91,#92,#93);
#91 = CARTESIAN_POINT('',(16.418461131829,-24.,13.093285839033));
#92 = DIRECTION('',(0.,-1.,-2.22044604925E-16));
#93 = DIRECTION('',(0.623489801859,1.736014626426E-16,-0.781831482468));
#94 = ORIENTED_EDGE('',*,*,#95,.F.);
#95 = EDGE_CURVE('',#96,#87,#98,.T.);
#96 = VERTEX_POINT('',#97);
#97 = CARTESIAN_POINT('',(20.704477626706,-24.,6.155047213892));
#98 = CIRCLE('',#99,21.6);
#99 = AXIS2_PLACEMENT_3D('',#100,#101,#102);
#100 = CARTESIAN_POINT('',(2.101947696487E-45,-24.,-2.101947696487E-45)
  );
#101 = DIRECTION('',(-3.330669073875E-16,-1.,3.330669073875E-16));
#102 = DIRECTION('',(-3.330669073875E-16,3.330669073875E-16,1.));
#103 = ORIENTED_EDGE('',*,*,#104,.T.);
#104 = EDGE_CURVE('',#96,#105,#107,.T.);
#105 = VERTEX_POINT('',#106);
#106 = CARTESIAN_POINT('',(20.807267556753,-24.,3.21054774481));
#107 = CIRCLE('',#108,1.5);
#108 = AXIS2_PLACEMENT_3D('',#109,#110,#111);
#109 = CARTESIAN_POINT('',(20.473486155818,-24.,4.672939613083));
#110 = DIRECTION('',(0.,-1.,-2.22044604925E-16));
#111 = DIRECTION('',(0.222520933956,2.164774830908E-16,-0.974927912182)
  );
#112 = ORIENTED_EDGE('',*,*,#113,.T.);
#113 = EDGE_CURVE('',#105,#114,#116,.T.);
#114 = VERTEX_POINT('',#115);
#115 = CARTESIAN_POINT('',(21.324664667453,-24.,3.437830248965));
#116 = CIRCLE('',#117,1.5);
#117 = AXIS2_PLACEMENT_3D('',#118,#119,#120);
#118 = CARTESIAN_POINT('',(20.473486155818,-24.,4.672939613083));
#119 = DIRECTION('',(0.,-1.,-2.22044604925E-16));
#120 = DIRECTION('',(0.222520933956,2.164774830908E-16,-0.974927912182)
  );
#121 = ORIENTED_EDGE('',*,*,#122,.F.);
#122 = EDGE_CURVE('',#123,#114,#125,.T.);
#123 = VERTEX_POINT('',#124);
#124 = CARTESIAN_POINT('',(21.324664667453,-24.,-3.437830248965));
#125 = CIRCLE('',#126,21.6);
#126 = AXIS2_PLACEMENT_3D('',#127,#128,#129);
#127 = CARTESIAN_POINT('',(2.101947696487E-45,-24.,-2.101947696487E-45)
  );
#128 = DIRECTION('',(-3.330669073875E-16,-1.,3.330669073875E-16));
#129 = DIRECTION('',(-3.330669073875E-16,3.330669073875E-16,1.));
#130 = ORIENTED_EDGE('',*,*,#131,.T.);
#131 = EDGE_CURVE('',#123,#132,#134,.T.);
#132 = VERTEX_POINT('',#133);
#133 = CARTESIAN_POINT('',(20.139704754884,-24.,-6.135331481355));
#134 = CIRCLE('',#135,1.5);
#135 = AXIS2_PLACEMENT_3D('',#136,#137,#138);
#136 = CARTESIAN_POINT('',(20.473486155818,-24.,-4.672939613083));
#137 = DIRECTION('',(0.,-1.,-2.22044604925E-16));
#138 = DIRECTION('',(-0.222520933956,2.164774830908E-16,-0.974927912182)
  );
#139 = ORIENTED_EDGE('',*,*,#140,.T.);
#140 = EDGE_CURVE('',#132,#141,#143,.T.);
#141 = VERTEX_POINT('',#142);
#142 = CARTESIAN_POINT('',(20.704477626706,-24.,-6.155047213892));
#143 = CIRCLE('',#144,1.5);
#144 = AXIS2_PLACEMENT_3D('',#145,#146,#147);
#145 = CARTESIAN_POINT('',(20.473486155818,-24.,-4.672939613083));
#146 = DIRECTION('',(0.,-1.,-2.22044604925E-16));
#147 = DIRECTION('',(-0.222520933956,2.164774830908E-16,-0.974927912182)
  );
#148 = ORIENTED_EDGE('',*,*,#149,.F.);
#149 = EDGE_CURVE('',#150,#141,#152,.T.);
#150 = VERTEX_POINT('',#151);
#151 = CARTESIAN_POINT('',(17.721240340961,-24.,-12.34980326879));
#152 = CIRCLE('',#153,21.6);
#153 = AXIS2_PLACEMENT_3D('',#154,#155,#156);
#154 = CARTESIAN_POINT('',(2.101947696487E-45,-24.,-2.101947696487E-45)
  );
#155 = DIRECTION('',(-3.330669073875E-16,-1.,3.330669073875E-16));
#156 = DIRECTION('',(-3.330669073875E-16,3.330669073875E-16,1.));
#157 = ORIENTED_EDGE('',*,*,#158,.T.);
#158 = EDGE_CURVE('',#150,#159,#161,.T.);
#159 = VERTEX_POINT('',#160);
#160 = CARTESIAN_POINT('',(15.483226429041,-24.,-14.26603306273));
#161 = CIRCLE('',#162,1.5);
#162 = AXIS2_PLACEMENT_3D('',#163,#164,#165);
#163 = CARTESIAN_POINT('',(16.418461131829,-24.,-13.09328583903));
#164 = DIRECTION('',(0.,-1.,-2.22044604925E-16));
#165 = DIRECTION('',(-0.623489801859,1.736014626426E-16,-0.781831482468)
  );
#166 = ORIENTED_EDGE('',*,*,#167,.T.);
#167 = EDGE_CURVE('',#159,#168,#170,.T.);
#168 = VERTEX_POINT('',#169);
#169 = CARTESIAN_POINT('',(15.983514868235,-24.,-14.52884208933));
#170 = CIRCLE('',#171,1.5);
#171 = AXIS2_PLACEMENT_3D('',#172,#173,#174);
#172 = CARTESIAN_POINT('',(16.418461131829,-24.,-13.09328583903));
#173 = DIRECTION('',(0.,-1.,-2.22044604925E-16));
#174 = DIRECTION('',(-0.623489801859,1.736014626426E-16,-0.781831482468)
  );
#175 = ORIENTED_EDGE('',*,*,#176,.F.);
#176 = EDGE_CURVE('',#177,#168,#179,.T.);
#177 = VERTEX_POINT('',#178);
#178 = CARTESIAN_POINT('',(10.607907028192,-24.,-18.81574629083));
#179 = CIRCLE('',#180,21.6);
#180 = AXIS2_PLACEMENT_3D('',#181,#182,#183);
#181 = CARTESIAN_POINT('',(2.101947696487E-45,-24.,-2.101947696487E-45)
  );
#182 = DIRECTION('',(-3.330669073875E-16,-1.,3.330669073875E-16));
#183 = DIRECTION('',(-3.330669073875E-16,3.330669073875E-16,1.));
#184 = ORIENTED_EDGE('',*,*,#185,.T.);
#185 = EDGE_CURVE('',#177,#186,#188,.T.);
#186 = VERTEX_POINT('',#187);
#187 = CARTESIAN_POINT('',(7.760105219615,-24.,-19.57117183462));
#188 = CIRCLE('',#189,1.5);
#189 = AXIS2_PLACEMENT_3D('',#190,#191,#192);
#190 = CARTESIAN_POINT('',(9.111558521469,-24.,-18.92034622595));
#191 = DIRECTION('',(0.,-1.,-2.22044604925E-16));
#192 = DIRECTION('',(-0.900968867902,9.634154343575E-17,-0.433883739118)
  );
#193 = ORIENTED_EDGE('',*,*,#194,.T.);
#194 = EDGE_CURVE('',#186,#195,#197,.T.);
#195 = VERTEX_POINT('',#196);
#196 = CARTESIAN_POINT('',(8.096820965165,-24.,-20.02502160443));
#197 = CIRCLE('',#198,1.5);
#198 = AXIS2_PLACEMENT_3D('',#199,#200,#201);
#199 = CARTESIAN_POINT('',(9.111558521469,-24.,-18.92034622595));
#200 = DIRECTION('',(0.,-1.,-2.22044604925E-16));
#201 = DIRECTION('',(-0.900968867902,9.634154343575E-17,-0.433883739118)
  );
#202 = ORIENTED_EDGE('',*,*,#203,.F.);
#203 = EDGE_CURVE('',#204,#195,#206,.T.);
#204 = VERTEX_POINT('',#205);
#205 = CARTESIAN_POINT('',(1.393547631048,-24.,-21.555));
#206 = CIRCLE('',#207,21.6);
#207 = AXIS2_PLACEMENT_3D('',#208,#209,#210);
#208 = CARTESIAN_POINT('',(2.101947696487E-45,-24.,-2.101947696487E-45)
  );
#209 = DIRECTION('',(-3.330669073875E-16,-1.,3.330669073875E-16));
#210 = DIRECTION('',(-3.330669073875E-16,3.330669073875E-16,1.));
#211 = ORIENTED_EDGE('',*,*,#212,.T.);
#212 = EDGE_CURVE('',#204,#213,#215,.T.);
#213 = VERTEX_POINT('',#214);
#214 = CARTESIAN_POINT('',(-1.5,-24.,-21.));
#215 = CIRCLE('',#216,1.5);
#216 = AXIS2_PLACEMENT_3D('',#217,#218,#219);
#217 = CARTESIAN_POINT('',(-2.571758278209E-15,-24.,-21.));
#218 = DIRECTION('',(0.,-1.,-2.22044604925E-16));
#219 = DIRECTION('',(-1.,-2.719262146894E-32,1.224646799147E-16));
#220 = ORIENTED_EDGE('',*,*,#221,.T.);
#221 = EDGE_CURVE('',#213,#222,#224,.T.);
#222 = VERTEX_POINT('',#223);
#223 = CARTESIAN_POINT('',(-1.393547631048,-24.,-21.555));
#224 = CIRCLE('',#225,1.5);
#225 = AXIS2_PLACEMENT_3D('',#226,#227,#228);
#226 = CARTESIAN_POINT('',(-2.571758278209E-15,-24.,-21.));
#227 = DIRECTION('',(0.,-1.,-2.22044604925E-16));
#228 = DIRECTION('',(-1.,-2.719262146894E-32,1.224646799147E-16));
#229 = ORIENTED_EDGE('',*,*,#230,.F.);
#230 = EDGE_CURVE('',#231,#222,#233,.T.);
#231 = VERTEX_POINT('',#232);
#232 = CARTESIAN_POINT('',(-8.096820965165,-24.,-20.02502160443));
#233 = CIRCLE('',#234,21.6);
#234 = AXIS2_PLACEMENT_3D('',#235,#236,#237);
#235 = CARTESIAN_POINT('',(2.101947696487E-45,-24.,-2.101947696487E-45)
  );
#236 = DIRECTION('',(-3.330669073875E-16,-1.,3.330669073875E-16));
#237 = DIRECTION('',(-3.330669073875E-16,3.330669073875E-16,1.));
#238 = ORIENTED_EDGE('',*,*,#239,.T.);
#239 = EDGE_CURVE('',#231,#240,#242,.T.);
#240 = VERTEX_POINT('',#241);
#241 = CARTESIAN_POINT('',(-10.46301182332,-24.,-18.26952061727));
#242 = CIRCLE('',#243,1.5);
#243 = AXIS2_PLACEMENT_3D('',#244,#245,#246);
#244 = CARTESIAN_POINT('',(-9.111558521469,-24.,-18.92034622595));
#245 = DIRECTION('',(0.,-1.,-2.22044604925E-16));
#246 = DIRECTION('',(-0.900968867902,-9.634154343575E-17,0.433883739118)
  );
#247 = ORIENTED_EDGE('',*,*,#248,.T.);
#248 = EDGE_CURVE('',#240,#249,#251,.T.);
#249 = VERTEX_POINT('',#250);
#250 = CARTESIAN_POINT('',(-10.60790702819,-24.,-18.81574629083));
#251 = CIRCLE('',#252,1.5);
#252 = AXIS2_PLACEMENT_3D('',#253,#254,#255);
#253 = CARTESIAN_POINT('',(-9.111558521469,-24.,-18.92034622595));
#254 = DIRECTION('',(0.,-1.,-2.22044604925E-16));
#255 = DIRECTION('',(-0.900968867902,-9.634154343575E-17,0.433883739118)
  );
#256 = ORIENTED_EDGE('',*,*,#257,.F.);
#257 = EDGE_CURVE('',#258,#249,#260,.T.);
#258 = VERTEX_POINT('',#259);
#259 = CARTESIAN_POINT('',(-15.98351486823,-24.,-14.52884208933));
#260 = CIRCLE('',#261,21.6);
#261 = AXIS2_PLACEMENT_3D('',#262,#263,#264);
#262 = CARTESIAN_POINT('',(2.101947696487E-45,-24.,-2.101947696487E-45)
  );
#263 = DIRECTION('',(-3.330669073875E-16,-1.,3.330669073875E-16));
#264 = DIRECTION('',(-3.330669073875E-16,3.330669073875E-16,1.));
#265 = ORIENTED_EDGE('',*,*,#266,.T.);
#266 = EDGE_CURVE('',#258,#267,#269,.T.);
#267 = VERTEX_POINT('',#268);
#268 = CARTESIAN_POINT('',(-17.35369583461,-24.,-11.92053861533));
#269 = CIRCLE('',#270,1.5);
#270 = AXIS2_PLACEMENT_3D('',#271,#272,#273);
#271 = CARTESIAN_POINT('',(-16.41846113182,-24.,-13.09328583903));
#272 = DIRECTION('',(0.,-1.,-2.22044604925E-16));
#273 = DIRECTION('',(-0.623489801859,-1.736014626426E-16,0.781831482468)
  );
#274 = ORIENTED_EDGE('',*,*,#275,.T.);
#275 = EDGE_CURVE('',#267,#276,#278,.T.);
#276 = VERTEX_POINT('',#277);
#277 = CARTESIAN_POINT('',(-17.72124034096,-24.,-12.34980326879));
#278 = CIRCLE('',#279,1.5);
#279 = AXIS2_PLACEMENT_3D('',#280,#281,#282);
#280 = CARTESIAN_POINT('',(-16.41846113182,-24.,-13.09328583903));
#281 = DIRECTION('',(0.,-1.,-2.22044604925E-16));
#282 = DIRECTION('',(-0.623489801859,-1.736014626426E-16,0.781831482468)
  );
#283 = ORIENTED_EDGE('',*,*,#284,.F.);
#284 = EDGE_CURVE('',#285,#276,#287,.T.);
#285 = VERTEX_POINT('',#286);
#286 = CARTESIAN_POINT('',(-20.7044776267,-24.,-6.155047213892));
#287 = CIRCLE('',#288,21.6);
#288 = AXIS2_PLACEMENT_3D('',#289,#290,#291);
#289 = CARTESIAN_POINT('',(2.101947696487E-45,-24.,-2.101947696487E-45)
  );
#290 = DIRECTION('',(-3.330669073875E-16,-1.,3.330669073875E-16));
#291 = DIRECTION('',(-3.330669073875E-16,3.330669073875E-16,1.));
#292 = ORIENTED_EDGE('',*,*,#293,.T.);
#293 = EDGE_CURVE('',#285,#294,#296,.T.);
#294 = VERTEX_POINT('',#295);
#295 = CARTESIAN_POINT('',(-20.80726755675,-24.,-3.21054774481));
#296 = CIRCLE('',#297,1.5);
#297 = AXIS2_PLACEMENT_3D('',#298,#299,#300);
#298 = CARTESIAN_POINT('',(-20.47348615581,-24.,-4.672939613083));
#299 = DIRECTION('',(0.,-1.,-2.22044604925E-16));
#300 = DIRECTION('',(-0.222520933956,-2.164774830908E-16,0.974927912182)
  );
#301 = ORIENTED_EDGE('',*,*,#302,.T.);
#302 = EDGE_CURVE('',#294,#303,#305,.T.);
#303 = VERTEX_POINT('',#304);
#304 = CARTESIAN_POINT('',(-21.32466466745,-24.,-3.437830248965));
#305 = CIRCLE('',#306,1.5);
#306 = AXIS2_PLACEMENT_3D('',#307,#308,#309);
#307 = CARTESIAN_POINT('',(-20.47348615581,-24.,-4.672939613083));
#308 = DIRECTION('',(0.,-1.,-2.22044604925E-16));
#309 = DIRECTION('',(-0.222520933956,-2.164774830908E-16,0.974927912182)
  );
#310 = ORIENTED_EDGE('',*,*,#311,.F.);
#311 = EDGE_CURVE('',#312,#303,#314,.T.);
#312 = VERTEX_POINT('',#313);
#313 = CARTESIAN_POINT('',(-21.32466466745,-24.,3.437830248965));
#314 = CIRCLE('',#315,21.6);
#315 = AXIS2_PLACEMENT_3D('',#316,#317,#318);
#316 = CARTESIAN_POINT('',(2.101947696487E-45,-24.,-2.101947696487E-45)
  );
#317 = DIRECTION('',(-3.330669073875E-16,-1.,3.330669073875E-16));
#318 = DIRECTION('',(-3.330669073875E-16,3.330669073875E-16,1.));
#319 = ORIENTED_EDGE('',*,*,#320,.T.);
#320 = EDGE_CURVE('',#312,#321,#323,.T.);
#321 = VERTEX_POINT('',#322);
#322 = CARTESIAN_POINT('',(-20.13970475488,-24.,6.135331481355));
#323 = CIRCLE('',#324,1.5);
#324 = AXIS2_PLACEMENT_3D('',#325,#326,#327);
#325 = CARTESIAN_POINT('',(-20.47348615581,-24.,4.672939613083));
#326 = DIRECTION('',(0.,-1.,-2.22044604925E-16));
#327 = DIRECTION('',(0.222520933956,-2.164774830908E-16,0.974927912182)
  );
#328 = ORIENTED_EDGE('',*,*,#329,.T.);
#329 = EDGE_CURVE('',#321,#330,#332,.T.);
#330 = VERTEX_POINT('',#331);
#331 = CARTESIAN_POINT('',(-20.7044776267,-24.,6.155047213892));
#332 = CIRCLE('',#333,1.5);
#333 = AXIS2_PLACEMENT_3D('',#334,#335,#336);
#334 = CARTESIAN_POINT('',(-20.47348615581,-24.,4.672939613083));
#335 = DIRECTION('',(0.,-1.,-2.22044604925E-16));
#336 = DIRECTION('',(0.222520933956,-2.164774830908E-16,0.974927912182)
  );
#337 = ORIENTED_EDGE('',*,*,#338,.F.);
#338 = EDGE_CURVE('',#339,#330,#341,.T.);
#339 = VERTEX_POINT('',#340);
#340 = CARTESIAN_POINT('',(-17.72124034096,-24.,12.349803268793));
#341 = CIRCLE('',#342,21.6);
#342 = AXIS2_PLACEMENT_3D('',#343,#344,#345);
#343 = CARTESIAN_POINT('',(2.101947696487E-45,-24.,-2.101947696487E-45)
  );
#344 = DIRECTION('',(-3.330669073875E-16,-1.,3.330669073875E-16));
#345 = DIRECTION('',(-3.330669073875E-16,3.330669073875E-16,1.));
#346 = ORIENTED_EDGE('',*,*,#347,.T.);
#347 = EDGE_CURVE('',#339,#348,#350,.T.);
#348 = VERTEX_POINT('',#349);
#349 = CARTESIAN_POINT('',(-15.48322642904,-24.,14.266033062735));
#350 = CIRCLE('',#351,1.5);
#351 = AXIS2_PLACEMENT_3D('',#352,#353,#354);
#352 = CARTESIAN_POINT('',(-16.41846113182,-24.,13.093285839033));
#353 = DIRECTION('',(0.,-1.,-2.22044604925E-16));
#354 = DIRECTION('',(0.623489801859,-1.736014626426E-16,0.781831482468)
  );
#355 = ORIENTED_EDGE('',*,*,#356,.T.);
#356 = EDGE_CURVE('',#348,#357,#359,.T.);
#357 = VERTEX_POINT('',#358);
#358 = CARTESIAN_POINT('',(-15.98351486823,-24.,14.528842089337));
#359 = CIRCLE('',#360,1.5);
#360 = AXIS2_PLACEMENT_3D('',#361,#362,#363);
#361 = CARTESIAN_POINT('',(-16.41846113182,-24.,13.093285839033));
#362 = DIRECTION('',(0.,-1.,-2.22044604925E-16));
#363 = DIRECTION('',(0.623489801859,-1.736014626426E-16,0.781831482468)
  );
#364 = ORIENTED_EDGE('',*,*,#365,.F.);
#365 = EDGE_CURVE('',#366,#357,#368,.T.);
#366 = VERTEX_POINT('',#367);
#367 = CARTESIAN_POINT('',(-10.60790702819,-24.,18.815746290839));
#368 = CIRCLE('',#369,21.6);
#369 = AXIS2_PLACEMENT_3D('',#370,#371,#372);
#370 = CARTESIAN_POINT('',(2.101947696487E-45,-24.,-2.101947696487E-45)
  );
#371 = DIRECTION('',(-3.330669073875E-16,-1.,3.330669073875E-16));
#372 = DIRECTION('',(-3.330669073875E-16,3.330669073875E-16,1.));
#373 = ORIENTED_EDGE('',*,*,#374,.T.);
#374 = EDGE_CURVE('',#366,#375,#377,.T.);
#375 = VERTEX_POINT('',#376);
#376 = CARTESIAN_POINT('',(-7.760105219615,-24.,19.571171834627));
#377 = CIRCLE('',#378,1.5);
#378 = AXIS2_PLACEMENT_3D('',#379,#380,#381);
#379 = CARTESIAN_POINT('',(-9.111558521469,-24.,18.920346225951));
#380 = DIRECTION('',(0.,-1.,-2.22044604925E-16));
#381 = DIRECTION('',(0.900968867902,-9.634154343575E-17,0.433883739118)
  );
#382 = ORIENTED_EDGE('',*,*,#383,.T.);
#383 = EDGE_CURVE('',#375,#384,#386,.T.);
#384 = VERTEX_POINT('',#385);
#385 = CARTESIAN_POINT('',(-8.096820965165,-24.,20.025021604434));
#386 = CIRCLE('',#387,1.5);
#387 = AXIS2_PLACEMENT_3D('',#388,#389,#390);
#388 = CARTESIAN_POINT('',(-9.111558521469,-24.,18.920346225951));
#389 = DIRECTION('',(0.,-1.,-2.22044604925E-16));
#390 = DIRECTION('',(0.900968867902,-9.634154343575E-17,0.433883739118)
  );
#391 = ORIENTED_EDGE('',*,*,#392,.F.);
#392 = EDGE_CURVE('',#22,#384,#393,.T.);
#393 = CIRCLE('',#394,21.6);
#394 = AXIS2_PLACEMENT_3D('',#395,#396,#397);
#395 = CARTESIAN_POINT('',(2.101947696487E-45,-24.,-2.101947696487E-45)
  );
#396 = DIRECTION('',(-3.330669073875E-16,-1.,3.330669073875E-16));
#397 = DIRECTION('',(-3.330669073875E-16,3.330669073875E-16,1.));
#398 = FACE_BOUND('',#399,.F.);
#399 = EDGE_LOOP('',(#400));
#400 = ORIENTED_EDGE('',*,*,#401,.F.);
#401 = EDGE_CURVE('',#402,#402,#404,.T.);
#402 = VERTEX_POINT('',#403);
#403 = CARTESIAN_POINT('',(-2.531308496145E-15,-24.,11.4));
#404 = CIRCLE('',#405,11.4);
#405 = AXIS2_PLACEMENT_3D('',#406,#407,#408);
#406 = CARTESIAN_POINT('',(-2.627434620609E-46,-24.,1.751623080406E-46)
  );
#407 = DIRECTION('',(3.330669073875E-16,1.,-2.22044604925E-16));
#408 = DIRECTION('',(-2.22044604925E-16,2.22044604925E-16,1.));
#409 = PLANE('',#410);
#410 = AXIS2_PLACEMENT_3D('',#411,#412,#413);
#411 = CARTESIAN_POINT('',(-2.627434620609E-46,-24.,1.751623080406E-46)
  );
#412 = DIRECTION('',(3.330669073875E-16,1.,-2.22044604925E-16));
#413 = DIRECTION('',(-2.22044604925E-16,2.22044604925E-16,1.));
#414 = ADVANCED_FACE('',(#415),#664,.F.);
#415 = FACE_BOUND('',#416,.F.);
#416 = EDGE_LOOP('',(#417,#418,#426,#435,#447,#456,#467,#514,#525,#534,
    #546,#553,#554,#555,#567,#576,#587,#634,#645,#654));
#417 = ORIENTED_EDGE('',*,*,#32,.F.);
#418 = ORIENTED_EDGE('',*,*,#419,.T.);
#419 = EDGE_CURVE('',#24,#420,#422,.T.);
#420 = VERTEX_POINT('',#421);
#421 = CARTESIAN_POINT('',(1.5,-4.,21.));
#422 = LINE('',#423,#424);
#423 = CARTESIAN_POINT('',(1.5,-24.,21.));
#424 = VECTOR('',#425,1.);
#425 = DIRECTION('',(0.,1.,2.22044604925E-16));
#426 = ORIENTED_EDGE('',*,*,#427,.T.);
#427 = EDGE_CURVE('',#420,#428,#430,.T.);
#428 = VERTEX_POINT('',#429);
#429 = CARTESIAN_POINT('',(1.393547631048,-4.,21.555));
#430 = CIRCLE('',#431,1.5);
#431 = AXIS2_PLACEMENT_3D('',#432,#433,#434);
#432 = CARTESIAN_POINT('',(0.,-4.,21.));
#433 = DIRECTION('',(0.,-1.,-2.22044604925E-16));
#434 = DIRECTION('',(1.,0.,0.));
#435 = ORIENTED_EDGE('',*,*,#436,.T.);
#436 = EDGE_CURVE('',#428,#437,#439,.T.);
#437 = VERTEX_POINT('',#438);
#438 = CARTESIAN_POINT('',(1.347675157286,-4.100501485124,
    21.658613445378));
#439 = B_SPLINE_CURVE_WITH_KNOTS('',6,(#440,#441,#442,#443,#444,#445,
    #446),.UNSPECIFIED.,.F.,.F.,(7,7),(0.,1.),.PIECEWISE_BEZIER_KNOTS.);
#440 = CARTESIAN_POINT('',(1.393547631048,-4.,21.555));
#441 = CARTESIAN_POINT('',(1.365367360523,-4.06879225341,21.625757746364
    ));
#442 = CARTESIAN_POINT('',(1.332333374225,-4.136975360483,
    21.696159359588));
#443 = CARTESIAN_POINT('',(1.294139813177,-4.204431968223,
    21.766075181887));
#444 = CARTESIAN_POINT('',(1.250379746999,-4.270962133273,
    21.835287535862));
#445 = CARTESIAN_POINT('',(1.200568331087,-4.336286712138,
    21.903490841287));
#446 = CARTESIAN_POINT('',(1.143957183879,-4.4,21.970238095238));
#447 = ORIENTED_EDGE('',*,*,#448,.T.);
#448 = EDGE_CURVE('',#437,#449,#451,.T.);
#449 = VERTEX_POINT('',#450);
#450 = CARTESIAN_POINT('',(1.347675157286,-9.595033644246,
    21.658613445378));
#451 = ( BOUNDED_CURVE() B_SPLINE_CURVE(2,(#452,#453,#454,#455),
.UNSPECIFIED.,.F.,.F.) B_SPLINE_CURVE_WITH_KNOTS((3,1,3),(
    -0.352998490577,6.157075717328E-14,8.767282772495),.UNSPECIFIED.) 
CURVE() GEOMETRIC_REPRESENTATION_ITEM() RATIONAL_B_SPLINE_CURVE((
    1.056651799772,1.056651799772,1.056651799772,1.056651799772)) 
REPRESENTATION_ITEM('') );
#452 = CARTESIAN_POINT('',(1.347675157286,-3.647001509423,
    21.658613445378));
#453 = CARTESIAN_POINT('',(1.347675157286,-3.823500754712,
    21.658613445378));
#454 = CARTESIAN_POINT('',(1.347675157286,-8.383641386248,
    21.658613445378));
#455 = CARTESIAN_POINT('',(1.347675157286,-12.76728277249,
    21.658613445378));
#456 = ORIENTED_EDGE('',*,*,#457,.F.);
#457 = EDGE_CURVE('',#458,#449,#460,.T.);
#458 = VERTEX_POINT('',#459);
#459 = CARTESIAN_POINT('',(1.143957183879,-9.767949192431,
    21.970238095238));
#460 = B_SPLINE_CURVE_WITH_KNOTS('',5,(#461,#462,#463,#464,#465,#466),
  .UNSPECIFIED.,.F.,.F.,(6,6),(0.,1.),.PIECEWISE_BEZIER_KNOTS.);
#461 = CARTESIAN_POINT('',(1.143957183879,-9.767949192431,
    21.970238095238));
#462 = CARTESIAN_POINT('',(1.194406947584,-9.735167862391,
    21.910755407537));
#463 = CARTESIAN_POINT('',(1.239742595792,-9.701284861084,
    21.849465591295));
#464 = CARTESIAN_POINT('',(1.28024475813,-9.66652913878,21.7868099382));
#465 = CARTESIAN_POINT('',(1.316152928098,-9.631071625064,
    21.723115203545));
#466 = CARTESIAN_POINT('',(1.347675157286,-9.595033644246,
    21.658613445378));
#467 = ORIENTED_EDGE('',*,*,#468,.T.);
#468 = EDGE_CURVE('',#458,#469,#471,.T.);
#469 = VERTEX_POINT('',#470);
#470 = CARTESIAN_POINT('',(-1.143957183879,-9.767949192431,
    21.970238095238));
#471 = B_SPLINE_CURVE_WITH_KNOTS('',6,(#472,#473,#474,#475,#476,#477,
    #478,#479,#480,#481,#482,#483,#484,#485,#486,#487,#488,#489,#490,
    #491,#492,#493,#494,#495,#496,#497,#498,#499,#500,#501,#502,#503,
    #504,#505,#506,#507,#508,#509,#510,#511,#512,#513),.UNSPECIFIED.,.F.
  ,.F.,(7,5,5,5,5,5,5,5,7),(0.,0.252056098887,0.342524550795,
    0.393382524828,0.499498930326,0.605590612055,0.656421595747,
    0.748433994172,1.),.UNSPECIFIED.);
#472 = CARTESIAN_POINT('',(1.143957183879,-9.767949192431,
    21.970238095238));
#473 = CARTESIAN_POINT('',(1.083728787708,-9.807084498282,
    22.041250258966));
#474 = CARTESIAN_POINT('',(1.016543308022,-9.844686099889,
    22.109742049601));
#475 = CARTESIAN_POINT('',(0.941941157085,-9.880459450747,
    22.175140260317));
#476 = CARTESIAN_POINT('',(0.859520029351,-9.913908480409,
    22.236496059859));
#477 = CARTESIAN_POINT('',(0.769075222502,-9.944362151705,
    22.292516810198));
#478 = CARTESIAN_POINT('',(0.635503552357,-9.980586581018,
    22.359297971964));
#479 = CARTESIAN_POINT('',(0.59922499498,-9.989661948643,22.376044459702
    ));
#480 = CARTESIAN_POINT('',(0.561965151571,-9.998206348877,
    22.391824762387));
#481 = CARTESIAN_POINT('',(0.523755651973,-10.00617807651,
    22.406558779239));
#482 = CARTESIAN_POINT('',(0.484645241623,-10.01353457883,22.42016480986
    ));
#483 = CARTESIAN_POINT('',(0.4222493601,-10.02400120456,22.439534035511)
  );
#484 = CARTESIAN_POINT('',(0.399532769895,-10.02756033001,
    22.446122881767));
#485 = CARTESIAN_POINT('',(0.376565945116,-10.03090459879,
    22.452316044985));
#486 = CARTESIAN_POINT('',(0.353363468031,-10.03402694595,
    22.458099968415));
#487 = CARTESIAN_POINT('',(0.32994203826,-10.0369206856,22.463461824538)
  );
#488 = CARTESIAN_POINT('',(0.257033499186,-10.04512721464,
    22.478671261767));
#489 = CARTESIAN_POINT('',(0.206868905674,-10.04965305547,
    22.487064439586));
#490 = CARTESIAN_POINT('',(0.15600962299,-10.05309915622,22.493458100566
    ));
#491 = CARTESIAN_POINT('',(0.104663562451,-10.05542187152,
    22.497768530321));
#492 = CARTESIAN_POINT('',(5.306283071727E-02,-10.05659682434,
    22.499948961391));
#493 = CARTESIAN_POINT('',(-5.012491941003E-02,-10.05665105453,
    22.500049600079));
#494 = CARTESIAN_POINT('',(-0.101722826542,-10.05553087291,
    22.497970811787));
#495 = CARTESIAN_POINT('',(-0.153075361341,-10.05326279979,
    22.493761745008));
#496 = CARTESIAN_POINT('',(-0.203950033891,-10.04987056267,
    22.487467921279));
#497 = CARTESIAN_POINT('',(-0.254138146667,-10.04539725803,
    22.479172001628));
#498 = CARTESIAN_POINT('',(-0.327084825744,-10.03726672046,
    22.464103029256));
#499 = CARTESIAN_POINT('',(-0.350515593586,-10.0343978829,
    22.458787170668));
#500 = CARTESIAN_POINT('',(-0.373729048288,-10.03130014321,
    22.453048662087));
#501 = CARTESIAN_POINT('',(-0.396708385909,-10.02798014924,
    22.44690025786));
#502 = CARTESIAN_POINT('',(-0.419438915184,-10.02444493573,
    22.440355456648));
#503 = CARTESIAN_POINT('',(-0.48258088198,-10.01392646117,
    22.420889578952));
#504 = CARTESIAN_POINT('',(-0.522396864721,-10.00647000584,
    22.407098254458));
#505 = CARTESIAN_POINT('',(-0.561282314493,-9.998375833621,
    22.392137592737));
#506 = CARTESIAN_POINT('',(-0.599185641559,-9.989688742124,
    22.376093603927));
#507 = CARTESIAN_POINT('',(-0.636073586645,-9.980452641028,
    22.359050622628));
#508 = CARTESIAN_POINT('',(-0.769953512911,-9.944066245427,
    22.291972484937));
#509 = CARTESIAN_POINT('',(-0.860160186586,-9.913648521657,
    22.236019220304));
#510 = CARTESIAN_POINT('',(-0.942375616213,-9.880251048608,
    22.174759279492));
#511 = CARTESIAN_POINT('',(-1.016804177694,-9.844540093256,
    22.109476096597));
#512 = CARTESIAN_POINT('',(-1.083845812412,-9.807008457779,
    22.041112281235));
#513 = CARTESIAN_POINT('',(-1.143957183879,-9.767949192431,
    21.970238095238));
#514 = ORIENTED_EDGE('',*,*,#515,.T.);
#515 = EDGE_CURVE('',#469,#516,#518,.T.);
#516 = VERTEX_POINT('',#517);
#517 = CARTESIAN_POINT('',(-1.347675157286,-9.595033644246,
    21.658613445378));
#518 = B_SPLINE_CURVE_WITH_KNOTS('',5,(#519,#520,#521,#522,#523,#524),
  .UNSPECIFIED.,.F.,.F.,(6,6),(0.,1.),.PIECEWISE_BEZIER_KNOTS.);
#519 = CARTESIAN_POINT('',(-1.143957183879,-9.767949192431,
    21.970238095238));
#520 = CARTESIAN_POINT('',(-1.194407380676,-9.735167580976,
    21.910754896901));
#521 = CARTESIAN_POINT('',(-1.239742958782,-9.70128451468,
    21.849464966881));
#522 = CARTESIAN_POINT('',(-1.280244501506,-9.666529280453,
    21.786810199191));
#523 = CARTESIAN_POINT('',(-1.316152347739,-9.631072288562,
    21.723116391093));
#524 = CARTESIAN_POINT('',(-1.347675157286,-9.595033644246,
    21.658613445378));
#525 = ORIENTED_EDGE('',*,*,#526,.F.);
#526 = EDGE_CURVE('',#527,#516,#529,.T.);
#527 = VERTEX_POINT('',#528);
#528 = CARTESIAN_POINT('',(-1.347675157286,-4.100501485124,
    21.658613445378));
#529 = ( BOUNDED_CURVE() B_SPLINE_CURVE(2,(#530,#531,#532,#533),
.UNSPECIFIED.,.F.,.F.) B_SPLINE_CURVE_WITH_KNOTS((3,1,3),(
    -0.352998490577,6.168843056153E-14,8.767282772495),.UNSPECIFIED.) 
CURVE() GEOMETRIC_REPRESENTATION_ITEM() RATIONAL_B_SPLINE_CURVE((
    1.056651799772,1.056651799772,1.056651799772,1.056651799772)) 
REPRESENTATION_ITEM('') );
#530 = CARTESIAN_POINT('',(-1.347675157286,-3.647001509423,
    21.658613445378));
#531 = CARTESIAN_POINT('',(-1.347675157286,-3.823500754712,
    21.658613445378));
#532 = CARTESIAN_POINT('',(-1.347675157286,-8.383641386248,
    21.658613445378));
#533 = CARTESIAN_POINT('',(-1.347675157286,-12.76728277249,
    21.658613445378));
#534 = ORIENTED_EDGE('',*,*,#535,.T.);
#535 = EDGE_CURVE('',#527,#536,#538,.T.);
#536 = VERTEX_POINT('',#537);
#537 = CARTESIAN_POINT('',(-1.393547631048,-4.,21.555));
#538 = B_SPLINE_CURVE_WITH_KNOTS('',6,(#539,#540,#541,#542,#543,#544,
    #545),.UNSPECIFIED.,.F.,.F.,(7,7),(0.,1.),.PIECEWISE_BEZIER_KNOTS.);
#539 = CARTESIAN_POINT('',(-1.143957183879,-4.4,21.970238095238));
#540 = CARTESIAN_POINT('',(-1.20056841211,-4.336286620949,
    21.903490745756));
#541 = CARTESIAN_POINT('',(-1.250379890047,-4.270961945766,
    21.835287340091));
#542 = CARTESIAN_POINT('',(-1.294140002433,-4.204431680731,
    21.766074882798));
#543 = CARTESIAN_POINT('',(-1.332333595291,-4.136974970364,
    21.696158955238));
#544 = CARTESIAN_POINT('',(-1.365367600192,-4.06879175888,21.62575723574
    ));
#545 = CARTESIAN_POINT('',(-1.393547876834,-3.9999994,21.554999382857));
#546 = ORIENTED_EDGE('',*,*,#547,.T.);
#547 = EDGE_CURVE('',#536,#420,#548,.T.);
#548 = CIRCLE('',#549,1.5);
#549 = AXIS2_PLACEMENT_3D('',#550,#551,#552);
#550 = CARTESIAN_POINT('',(0.,-4.,21.));
#551 = DIRECTION('',(0.,-1.,-2.22044604925E-16));
#552 = DIRECTION('',(1.,0.,0.));
#553 = ORIENTED_EDGE('',*,*,#419,.F.);
#554 = ORIENTED_EDGE('',*,*,#21,.F.);
#555 = ORIENTED_EDGE('',*,*,#556,.F.);
#556 = EDGE_CURVE('',#557,#22,#559,.T.);
#557 = VERTEX_POINT('',#558);
#558 = CARTESIAN_POINT('',(-1.347675157286,-23.89949851487,
    21.658613445378));
#559 = B_SPLINE_CURVE_WITH_KNOTS('',6,(#560,#561,#562,#563,#564,#565,
    #566),.UNSPECIFIED.,.F.,.F.,(7,7),(0.,1.),.PIECEWISE_BEZIER_KNOTS.);
#560 = CARTESIAN_POINT('',(-1.143957183879,-23.6,21.970238095238));
#561 = CARTESIAN_POINT('',(-1.20056841211,-23.66371337905,
    21.903490745756));
#562 = CARTESIAN_POINT('',(-1.250379890047,-23.72903805423,
    21.835287340091));
#563 = CARTESIAN_POINT('',(-1.294140002433,-23.79556831926,
    21.766074882798));
#564 = CARTESIAN_POINT('',(-1.332333595291,-23.86302502963,
    21.696158955238));
#565 = CARTESIAN_POINT('',(-1.365367600192,-23.93120824112,
    21.62575723574));
#566 = CARTESIAN_POINT('',(-1.393547876834,-24.0000006,21.554999382857)
  );
#567 = ORIENTED_EDGE('',*,*,#568,.F.);
#568 = EDGE_CURVE('',#569,#557,#571,.T.);
#569 = VERTEX_POINT('',#570);
#570 = CARTESIAN_POINT('',(-1.347675157286,-18.40496635575,
    21.658613445378));
#571 = ( BOUNDED_CURVE() B_SPLINE_CURVE(2,(#572,#573,#574,#575),
.UNSPECIFIED.,.F.,.F.) B_SPLINE_CURVE_WITH_KNOTS((3,1,3),(
-2.999333580064,5.767949192431,6.120947683008),.UNSPECIFIED.) CURVE() 
GEOMETRIC_REPRESENTATION_ITEM() RATIONAL_B_SPLINE_CURVE((1.056651799772,
1.056651799772,1.056651799772,1.056651799772)) REPRESENTATION_ITEM('') 
  );
#572 = CARTESIAN_POINT('',(-1.347675157286,-15.2327172275,
    21.658613445378));
#573 = CARTESIAN_POINT('',(-1.347675157286,-19.61635861375,
    21.658613445378));
#574 = CARTESIAN_POINT('',(-1.347675157286,-24.17649924528,
    21.658613445378));
#575 = CARTESIAN_POINT('',(-1.347675157286,-24.35299849057,
    21.658613445378));
#576 = ORIENTED_EDGE('',*,*,#577,.F.);
#577 = EDGE_CURVE('',#578,#569,#580,.T.);
#578 = VERTEX_POINT('',#579);
#579 = CARTESIAN_POINT('',(-1.143957183879,-18.23205080756,
    21.970238095238));
#580 = B_SPLINE_CURVE_WITH_KNOTS('',5,(#581,#582,#583,#584,#585,#586),
  .UNSPECIFIED.,.F.,.F.,(6,6),(0.,1.),.PIECEWISE_BEZIER_KNOTS.);
#581 = CARTESIAN_POINT('',(-1.143957183879,-18.23205080756,
    21.970238095238));
#582 = CARTESIAN_POINT('',(-1.194406947584,-18.2648321376,
    21.910755407537));
#583 = CARTESIAN_POINT('',(-1.239742595792,-18.29871513891,
    21.849465591295));
#584 = CARTESIAN_POINT('',(-1.28024475813,-18.33347086122,21.7868099382)
  );
#585 = CARTESIAN_POINT('',(-1.316152928098,-18.36892837493,
    21.723115203545));
#586 = CARTESIAN_POINT('',(-1.347675157286,-18.40496635575,
    21.658613445378));
#587 = ORIENTED_EDGE('',*,*,#588,.F.);
#588 = EDGE_CURVE('',#589,#578,#591,.T.);
#589 = VERTEX_POINT('',#590);
#590 = CARTESIAN_POINT('',(1.143957183879,-18.23205080756,
    21.970238095238));
#591 = B_SPLINE_CURVE_WITH_KNOTS('',6,(#592,#593,#594,#595,#596,#597,
    #598,#599,#600,#601,#602,#603,#604,#605,#606,#607,#608,#609,#610,
    #611,#612,#613,#614,#615,#616,#617,#618,#619,#620,#621,#622,#623,
    #624,#625,#626,#627,#628,#629,#630,#631,#632,#633),.UNSPECIFIED.,.F.
  ,.F.,(7,5,5,5,5,5,5,5,7),(0.,0.252056098887,0.342524550795,
    0.393382524828,0.499498930326,0.605590612055,0.656421595747,
    0.748433994172,1.),.UNSPECIFIED.);
#592 = CARTESIAN_POINT('',(1.143957183879,-18.23205080756,
    21.970238095238));
#593 = CARTESIAN_POINT('',(1.083728787708,-18.19291550171,
    22.041250258966));
#594 = CARTESIAN_POINT('',(1.016543308022,-18.15531390011,
    22.109742049601));
#595 = CARTESIAN_POINT('',(0.941941157085,-18.11954054925,
    22.175140260317));
#596 = CARTESIAN_POINT('',(0.85952002935,-18.08609151959,22.23649605986)
  );
#597 = CARTESIAN_POINT('',(0.769075222502,-18.05563784829,
    22.292516810198));
#598 = CARTESIAN_POINT('',(0.635503552357,-18.01941341898,
    22.359297971964));
#599 = CARTESIAN_POINT('',(0.59922499498,-18.01033805135,22.376044459702
    ));
#600 = CARTESIAN_POINT('',(0.561965151571,-18.00179365112,
    22.391824762387));
#601 = CARTESIAN_POINT('',(0.523755651973,-17.99382192348,
    22.406558779239));
#602 = CARTESIAN_POINT('',(0.484645241623,-17.98646542116,22.42016480986
    ));
#603 = CARTESIAN_POINT('',(0.4222493601,-17.97599879543,22.439534035511)
  );
#604 = CARTESIAN_POINT('',(0.399532769895,-17.97243966998,
    22.446122881767));
#605 = CARTESIAN_POINT('',(0.376565945116,-17.9690954012,22.452316044985
    ));
#606 = CARTESIAN_POINT('',(0.353363468031,-17.96597305404,
    22.458099968415));
#607 = CARTESIAN_POINT('',(0.32994203826,-17.96307931439,22.463461824538
    ));
#608 = CARTESIAN_POINT('',(0.257033499186,-17.95487278535,
    22.478671261767));
#609 = CARTESIAN_POINT('',(0.206868905674,-17.95034694452,
    22.487064439586));
#610 = CARTESIAN_POINT('',(0.15600962299,-17.94690084377,22.493458100566
    ));
#611 = CARTESIAN_POINT('',(0.104663562451,-17.94457812847,
    22.497768530321));
#612 = CARTESIAN_POINT('',(5.306283071724E-02,-17.94340317565,
    22.499948961391));
#613 = CARTESIAN_POINT('',(-5.012491941008E-02,-17.94334894546,
    22.500049600079));
#614 = CARTESIAN_POINT('',(-0.101722826542,-17.94446912709,
    22.497970811787));
#615 = CARTESIAN_POINT('',(-0.153075361341,-17.9467372002,
    22.493761745008));
#616 = CARTESIAN_POINT('',(-0.203950033891,-17.95012943732,
    22.487467921279));
#617 = CARTESIAN_POINT('',(-0.254138146667,-17.95460274196,
    22.479172001628));
#618 = CARTESIAN_POINT('',(-0.327084825744,-17.96273327953,
    22.464103029256));
#619 = CARTESIAN_POINT('',(-0.350515593586,-17.96560211709,
    22.458787170668));
#620 = CARTESIAN_POINT('',(-0.373729048288,-17.96869985678,
    22.453048662087));
#621 = CARTESIAN_POINT('',(-0.396708385909,-17.97201985075,
    22.44690025786));
#622 = CARTESIAN_POINT('',(-0.419438915184,-17.97555506426,
    22.440355456648));
#623 = CARTESIAN_POINT('',(-0.48258088198,-17.98607353882,
    22.420889578952));
#624 = CARTESIAN_POINT('',(-0.522396864721,-17.99352999415,
    22.407098254458));
#625 = CARTESIAN_POINT('',(-0.561282314493,-18.00162416637,
    22.392137592737));
#626 = CARTESIAN_POINT('',(-0.599185641559,-18.01031125787,
    22.376093603927));
#627 = CARTESIAN_POINT('',(-0.636073586645,-18.01954735897,
    22.359050622628));
#628 = CARTESIAN_POINT('',(-0.769953512911,-18.05593375457,
    22.291972484937));
#629 = CARTESIAN_POINT('',(-0.860160186587,-18.08635147834,
    22.236019220304));
#630 = CARTESIAN_POINT('',(-0.942375616213,-18.11974895139,
    22.174759279492));
#631 = CARTESIAN_POINT('',(-1.016804177694,-18.15545990674,
    22.109476096597));
#632 = CARTESIAN_POINT('',(-1.083845812411,-18.19299154222,
    22.041112281235));
#633 = CARTESIAN_POINT('',(-1.143957183879,-18.23205080756,
    21.970238095238));
#634 = ORIENTED_EDGE('',*,*,#635,.T.);
#635 = EDGE_CURVE('',#589,#636,#638,.T.);
#636 = VERTEX_POINT('',#637);
#637 = CARTESIAN_POINT('',(1.347675157286,-18.40496635575,
    21.658613445378));
#638 = B_SPLINE_CURVE_WITH_KNOTS('',5,(#639,#640,#641,#642,#643,#644),
  .UNSPECIFIED.,.F.,.F.,(6,6),(0.,1.),.PIECEWISE_BEZIER_KNOTS.);
#639 = CARTESIAN_POINT('',(1.143957183879,-18.23205080756,
    21.970238095238));
#640 = CARTESIAN_POINT('',(1.194407380676,-18.26483241902,
    21.910754896901));
#641 = CARTESIAN_POINT('',(1.239742958782,-18.29871548532,
    21.849464966881));
#642 = CARTESIAN_POINT('',(1.280244501506,-18.33347071954,
    21.786810199191));
#643 = CARTESIAN_POINT('',(1.316152347739,-18.36892771143,
    21.723116391093));
#644 = CARTESIAN_POINT('',(1.347675157286,-18.40496635575,
    21.658613445378));
#645 = ORIENTED_EDGE('',*,*,#646,.T.);
#646 = EDGE_CURVE('',#636,#647,#649,.T.);
#647 = VERTEX_POINT('',#648);
#648 = CARTESIAN_POINT('',(1.347675157286,-23.89949851487,
    21.658613445378));
#649 = ( BOUNDED_CURVE() B_SPLINE_CURVE(2,(#650,#651,#652,#653),
.UNSPECIFIED.,.F.,.F.) B_SPLINE_CURVE_WITH_KNOTS((3,1,3),(
-2.999333580064,5.767949192431,6.120947683008),.UNSPECIFIED.) CURVE() 
GEOMETRIC_REPRESENTATION_ITEM() RATIONAL_B_SPLINE_CURVE((1.056651799772,
1.056651799772,1.056651799772,1.056651799772)) REPRESENTATION_ITEM('') 
  );
#650 = CARTESIAN_POINT('',(1.347675157286,-15.2327172275,21.658613445378
    ));
#651 = CARTESIAN_POINT('',(1.347675157286,-19.61635861375,
    21.658613445378));
#652 = CARTESIAN_POINT('',(1.347675157286,-24.17649924528,
    21.658613445378));
#653 = CARTESIAN_POINT('',(1.347675157286,-24.35299849057,
    21.658613445378));
#654 = ORIENTED_EDGE('',*,*,#655,.F.);
#655 = EDGE_CURVE('',#33,#647,#656,.T.);
#656 = B_SPLINE_CURVE_WITH_KNOTS('',6,(#657,#658,#659,#660,#661,#662,
    #663),.UNSPECIFIED.,.F.,.F.,(7,7),(0.,1.),.PIECEWISE_BEZIER_KNOTS.);
#657 = CARTESIAN_POINT('',(1.393547631048,-24.,21.555));
#658 = CARTESIAN_POINT('',(1.365367360523,-23.93120774659,
    21.625757746364));
#659 = CARTESIAN_POINT('',(1.332333374225,-23.86302463951,
    21.696159359588));
#660 = CARTESIAN_POINT('',(1.294139813177,-23.79556803177,
    21.766075181887));
#661 = CARTESIAN_POINT('',(1.250379746999,-23.72903786672,
    21.835287535862));
#662 = CARTESIAN_POINT('',(1.200568331087,-23.66371328786,
    21.903490841287));
#663 = CARTESIAN_POINT('',(1.143957183879,-23.6,21.970238095238));
#664 = CYLINDRICAL_SURFACE('',#665,1.5);
#665 = AXIS2_PLACEMENT_3D('',#666,#667,#668);
#666 = CARTESIAN_POINT('',(0.,-24.,21.));
#667 = DIRECTION('',(0.,-1.,-2.22044604925E-16));
#668 = DIRECTION('',(1.,0.,0.));
#669 = ADVANCED_FACE('',(#670),#737,.T.);
#670 = FACE_BOUND('',#671,.T.);
#671 = EDGE_LOOP('',(#672,#694,#703,#725,#735,#736));
#672 = ORIENTED_EDGE('',*,*,#673,.F.);
#673 = EDGE_CURVE('',#674,#557,#676,.T.);
#674 = VERTEX_POINT('',#675);
#675 = CARTESIAN_POINT('',(-1.541377702829,-23.6,21.945937090433));
#676 = B_SPLINE_CURVE_WITH_KNOTS('',6,(#677,#678,#679,#680,#681,#682,
    #683,#684,#685,#686,#687,#688,#689,#690,#691,#692,#693),
  .UNSPECIFIED.,.F.,.F.,(7,5,5,7),(0.,0.316956850843,0.754284106066,1.),
  .UNSPECIFIED.);
#677 = CARTESIAN_POINT('',(-1.541377703089,-23.6,21.945937090414));
#678 = CARTESIAN_POINT('',(-1.519232902639,-23.6,21.947492435324));
#679 = CARTESIAN_POINT('',(-1.496879660838,-23.60292968256,
    21.946098616132));
#680 = CARTESIAN_POINT('',(-1.474815771928,-23.60879107585,
    21.941718423014));
#681 = CARTESIAN_POINT('',(-1.45354316834,-23.61747112047,
    21.934434345347));
#682 = CARTESIAN_POINT('',(-1.433531957919,-23.62875558664,
    21.924435539678));
#683 = CARTESIAN_POINT('',(-1.38986915279,-23.66109047172,
    21.894853244553));
#684 = CARTESIAN_POINT('',(-1.36772138875,-23.68422275631,
    21.873071243653));
#685 = CARTESIAN_POINT('',(-1.349798418568,-23.71095374068,
    21.847395102788));
#686 = CARTESIAN_POINT('',(-1.336920958137,-23.74019722753,
    21.818882844047));
#687 = CARTESIAN_POINT('',(-1.32953622595,-23.77069595712,
    21.788778038754));
#688 = CARTESIAN_POINT('',(-1.326699849532,-23.81832034118,
    21.741238149399));
#689 = CARTESIAN_POINT('',(-1.327437405778,-23.83545018304,
    21.724031428676));
#690 = CARTESIAN_POINT('',(-1.329946479125,-23.85235355992,
    21.706943522563));
#691 = CARTESIAN_POINT('',(-1.334202696685,-23.86880501024,
    21.690200628967));
#692 = CARTESIAN_POINT('',(-1.340144702269,-23.88458687614,
    21.674022494831));
#693 = CARTESIAN_POINT('',(-1.347675157286,-23.89949851487,
    21.658613445378));
#694 = ORIENTED_EDGE('',*,*,#695,.T.);
#695 = EDGE_CURVE('',#674,#696,#698,.T.);
#696 = VERTEX_POINT('',#697);
#697 = CARTESIAN_POINT('',(-8.133251919308,-23.6,20.441384816521));
#698 = CIRCLE('',#699,22.);
#699 = AXIS2_PLACEMENT_3D('',#700,#701,#702);
#700 = CARTESIAN_POINT('',(1.33226762955E-16,-23.6,-1.33226762955E-16));
#701 = DIRECTION('',(-3.330669073875E-16,-1.,3.330669073875E-16));
#702 = DIRECTION('',(-3.3104832007E-16,3.330669073875E-16,1.));
#703 = ORIENTED_EDGE('',*,*,#704,.T.);
#704 = EDGE_CURVE('',#696,#705,#707,.T.);
#705 = VERTEX_POINT('',#706);
#706 = CARTESIAN_POINT('',(-8.183106825022,-23.89949851487,
    20.098470772578));
#707 = B_SPLINE_CURVE_WITH_KNOTS('',6,(#708,#709,#710,#711,#712,#713,
    #714,#715,#716,#717,#718,#719,#720,#721,#722,#723,#724),
  .UNSPECIFIED.,.F.,.F.,(7,5,5,7),(0.,0.316954787698,0.754283363894,1.),
  .UNSPECIFIED.);
#708 = CARTESIAN_POINT('',(-8.133253098763,-23.6,20.441384347235));
#709 = CARTESIAN_POINT('',(-8.153879464798,-23.60000013961,
    20.433177343041));
#710 = CARTESIAN_POINT('',(-8.173414038196,-23.60292990599,
    20.422222854087));
#711 = CARTESIAN_POINT('',(-8.191392193113,-23.60879132401,
    20.408703337594));
#712 = CARTESIAN_POINT('',(-8.207397507562,-23.61747133556,
    20.392910887745));
#713 = CARTESIAN_POINT('',(-8.221088510909,-23.62875571613,
    20.375219891027));
#714 = CARTESIAN_POINT('',(-8.247591956059,-23.66109047173,
    20.329622765521));
#715 = CARTESIAN_POINT('',(-8.258095545955,-23.68422275632,
    20.300388306154));
#716 = CARTESIAN_POINT('',(-8.263103124103,-23.71095374069,
    20.269478417268));
#717 = CARTESIAN_POINT('',(-8.262334309615,-23.74019722755,
    20.238202439107));
#718 = CARTESIAN_POINT('',(-8.255925737925,-23.77069595713,
    20.20787483155));
#719 = CARTESIAN_POINT('',(-8.237854439823,-23.81832034119,
    20.163812213654));
#720 = CARTESIAN_POINT('',(-8.229724208282,-23.83545018305,
    20.148629507628));
#721 = CARTESIAN_POINT('',(-8.220049446711,-23.85235355992,
    20.13432248233));
#722 = CARTESIAN_POINT('',(-8.208950257919,-23.86880501025,
    20.121084360032));
#723 = CARTESIAN_POINT('',(-8.196577266545,-23.88458687614,
    20.109086504437));
#724 = CARTESIAN_POINT('',(-8.183106825022,-23.89949851487,
    20.098470772578));
#725 = ORIENTED_EDGE('',*,*,#726,.F.);
#726 = EDGE_CURVE('',#384,#705,#727,.T.);
#727 = B_SPLINE_CURVE_WITH_KNOTS('',6,(#728,#729,#730,#731,#732,#733,
    #734),.UNSPECIFIED.,.F.,.F.,(7,7),(0.,1.),.PIECEWISE_BEZIER_KNOTS.);
#728 = CARTESIAN_POINT('',(-8.096820965165,-24.,20.025021604434));
#729 = CARTESIAN_POINT('',(-8.152911147161,-23.93120774659,
    20.076545169927));
#730 = CARTESIAN_POINT('',(-8.213219855584,-23.86302463951,
    20.125641922198));
#731 = CARTESIAN_POINT('',(-8.277966403445,-23.79556803177,
    20.172062336386));
#732 = CARTESIAN_POINT('',(-8.347422975665,-23.72903786672,
    20.215433731454));
#733 = CARTESIAN_POINT('',(-8.421893815846,-23.66371328786,
    20.255270422944));
#734 = CARTESIAN_POINT('',(-8.501859245176,-23.6,20.290844964545));
#735 = ORIENTED_EDGE('',*,*,#392,.F.);
#736 = ORIENTED_EDGE('',*,*,#556,.F.);
#737 = CONICAL_SURFACE('',#738,22.,0.785398163397);
#738 = AXIS2_PLACEMENT_3D('',#739,#740,#741);
#739 = CARTESIAN_POINT('',(1.33226762955E-16,-23.6,-1.33226762955E-16));
#740 = DIRECTION('',(3.330669073875E-16,1.,-3.330669073875E-16));
#741 = DIRECTION('',(-3.3104832007E-16,3.330669073875E-16,1.));
#742 = ADVANCED_FACE('',(#743),#997,.F.);
#743 = FACE_BOUND('',#744,.F.);
#744 = EDGE_LOOP('',(#745,#753,#754,#766,#775,#786,#841,#852,#859,#860,
    #861,#862,#871,#883,#892,#903,#958,#969,#978,#990));
#745 = ORIENTED_EDGE('',*,*,#746,.F.);
#746 = EDGE_CURVE('',#375,#747,#749,.T.);
#747 = VERTEX_POINT('',#748);
#748 = CARTESIAN_POINT('',(-7.760105219615,-4.,19.571171834627));
#749 = LINE('',#750,#751);
#750 = CARTESIAN_POINT('',(-7.760105219615,-24.,19.571171834627));
#751 = VECTOR('',#752,1.);
#752 = DIRECTION('',(0.,1.,2.22044604925E-16));
#753 = ORIENTED_EDGE('',*,*,#374,.F.);
#754 = ORIENTED_EDGE('',*,*,#755,.F.);
#755 = EDGE_CURVE('',#756,#366,#758,.T.);
#756 = VERTEX_POINT('',#757);
#757 = CARTESIAN_POINT('',(-10.61153354654,-23.89949851487,
    18.929002099859));
#758 = B_SPLINE_CURVE_WITH_KNOTS('',6,(#759,#760,#761,#762,#763,#764,
    #765),.UNSPECIFIED.,.F.,.F.,(7,7),(0.,1.),.PIECEWISE_BEZIER_KNOTS.);
#759 = CARTESIAN_POINT('',(-10.56319886295,-23.6,19.298156123881));
#760 = CARTESIAN_POINT('',(-10.58524322759,-23.66371337905,
    19.213456148602));
#761 = CARTESIAN_POINT('',(-10.6005294698,-23.72903805423,
    19.130394613115));
#762 = CARTESIAN_POINT('',(-10.60992580896,-23.79556831926,
    19.049049542637));
#763 = CARTESIAN_POINT('',(-10.614001663,-23.86302502963,18.969485889655
    ));
#764 = CARTESIAN_POINT('',(-10.6132181117,-23.93120824112,
    18.891723214576));
#765 = CARTESIAN_POINT('',(-10.60790698187,-24.0000006,18.81574562817));
#766 = ORIENTED_EDGE('',*,*,#767,.F.);
#767 = EDGE_CURVE('',#768,#756,#770,.T.);
#768 = VERTEX_POINT('',#769);
#769 = CARTESIAN_POINT('',(-10.61153354654,-18.40496635575,
    18.929002099859));
#770 = ( BOUNDED_CURVE() B_SPLINE_CURVE(2,(#771,#772,#773,#774),
.UNSPECIFIED.,.F.,.F.) B_SPLINE_CURVE_WITH_KNOTS((3,1,3),(
-2.999333580064,5.767949192431,6.120947683008),.UNSPECIFIED.) CURVE() 
GEOMETRIC_REPRESENTATION_ITEM() RATIONAL_B_SPLINE_CURVE((1.056651799772,
1.056651799772,1.056651799772,1.056651799772)) REPRESENTATION_ITEM('') 
  );
#771 = CARTESIAN_POINT('',(-10.61153354654,-15.2327172275,
    18.929002099859));
#772 = CARTESIAN_POINT('',(-10.61153354654,-19.61635861375,
    18.929002099859));
#773 = CARTESIAN_POINT('',(-10.61153354654,-24.17649924528,
    18.929002099859));
#774 = CARTESIAN_POINT('',(-10.61153354654,-24.35299849057,
    18.929002099859));
#775 = ORIENTED_EDGE('',*,*,#776,.F.);
#776 = EDGE_CURVE('',#777,#768,#779,.T.);
#777 = VERTEX_POINT('',#778);
#778 = CARTESIAN_POINT('',(-10.56319886295,-18.23205080756,
    19.298156123881));
#779 = B_SPLINE_CURVE_WITH_KNOTS('',5,(#780,#781,#782,#783,#784,#785),
  .UNSPECIFIED.,.F.,.F.,(6,6),(0.,1.),.PIECEWISE_BEZIER_KNOTS.);
#780 = CARTESIAN_POINT('',(-10.56319886295,-18.23205080756,
    19.298156123881));
#781 = CARTESIAN_POINT('',(-10.58284395849,-18.2648321376,19.22267474197
    ));
#782 = CARTESIAN_POINT('',(-10.59709731149,-18.29871513891,
    19.147784125057));
#783 = CARTESIAN_POINT('',(-10.6064032298,-18.33347086122,
    19.073760102582));
#784 = CARTESIAN_POINT('',(-10.61111926341,-18.36892837493,
    19.000793158558));
#785 = CARTESIAN_POINT('',(-10.61153354654,-18.40496635575,
    18.929002099859));
#786 = ORIENTED_EDGE('',*,*,#787,.F.);
#787 = EDGE_CURVE('',#788,#777,#790,.T.);
#788 = VERTEX_POINT('',#789);
#789 = CARTESIAN_POINT('',(-8.501859245177,-18.23205080756,
    20.290844964545));
#790 = B_SPLINE_CURVE_WITH_KNOTS('',7,(#791,#792,#793,#794,#795,#796,
    #797,#798,#799,#800,#801,#802,#803,#804,#805,#806,#807,#808,#809,
    #810,#811,#812,#813,#814,#815,#816,#817,#818,#819,#820,#821,#822,
    #823,#824,#825,#826,#827,#828,#829,#830,#831,#832,#833,#834,#835,
    #836,#837,#838,#839,#840),.UNSPECIFIED.,.F.,.F.,(8,6,6,6,6,6,6,6,8),
  (0.,0.2917736759,0.37258094973,0.414439938036,0.499890492638,
    0.585334514129,0.628368186824,0.709247356438,1.),.UNSPECIFIED.);
#791 = CARTESIAN_POINT('',(-8.183106825022,-18.40496635575,
    20.098470772578));
#792 = CARTESIAN_POINT('',(-8.273429846274,-18.34723903902,
    20.169652179119));
#793 = CARTESIAN_POINT('',(-8.372203802828,-18.29101297073,
    20.234397969516));
#794 = CARTESIAN_POINT('',(-8.479908231651,-18.2365032558,
    20.291992162803));
#795 = CARTESIAN_POINT('',(-8.5969152865,-18.18425605398,20.341101397475
    ));
#796 = CARTESIAN_POINT('',(-8.723316249794,-18.1351480876,
    20.379825394318));
#797 = CARTESIAN_POINT('',(-8.858733836776,-18.09032647859,
    20.405884396737));
#798 = CARTESIAN_POINT('',(-9.042162457059,-18.04052741522,
    20.41927093994));
#799 = CARTESIAN_POINT('',(-9.082544673691,-18.03018210044,
    20.420977123521));
#800 = CARTESIAN_POINT('',(-9.123492019541,-18.02032768699,
    20.421426746559));
#801 = CARTESIAN_POINT('',(-9.164958479719,-18.0110032649,
    20.420558598535));
#802 = CARTESIAN_POINT('',(-9.206885129647,-18.00225018444,
    20.418312900574));
#803 = CARTESIAN_POINT('',(-9.249199096001,-17.99411076513,
    20.414634545866));
#804 = CARTESIAN_POINT('',(-9.313886702753,-17.98275034101,
    20.406804337135));
#805 = CARTESIAN_POINT('',(-9.336040998002,-17.97904960332,
    20.403735381792));
#806 = CARTESIAN_POINT('',(-9.358262883302,-17.97553075858,
    20.400262791492));
#807 = CARTESIAN_POINT('',(-9.380538752462,-17.9721995873,
    20.396380805098));
#808 = CARTESIAN_POINT('',(-9.402853913206,-17.96906168366,
    20.392084582904));
#809 = CARTESIAN_POINT('',(-9.425192587173,-17.96612245555,
    20.38737020664));
#810 = CARTESIAN_POINT('',(-9.493153446721,-17.95780324482,
    20.371751061435));
#811 = CARTESIAN_POINT('',(-9.53880344575,-17.9530680857,20.359511167677
    ));
#812 = CARTESIAN_POINT('',(-9.584334687953,-17.94922664054,
    20.345493059524));
#813 = CARTESIAN_POINT('',(-9.629586297204,-17.94631608448,
    20.329695080686));
#814 = CARTESIAN_POINT('',(-9.674391865118,-17.94436346392,
    20.312139780838));
#815 = CARTESIAN_POINT('',(-9.718581575858,-17.94338338604,
    20.292877839199));
#816 = CARTESIAN_POINT('',(-9.805383767682,-17.94336803121,
    20.251107733848));
#817 = CARTESIAN_POINT('',(-9.848006494266,-17.9443326036,
    20.228594946518));
#818 = CARTESIAN_POINT('',(-9.889681043911,-17.94626971897,
    20.204535543478));
#819 = CARTESIAN_POINT('',(-9.930261734931,-17.94916491656,
    20.179030469454));
#820 = CARTESIAN_POINT('',(-9.969626946443,-17.95299128188,
    20.152195601444));
#821 = CARTESIAN_POINT('',(-10.00767739405,-17.95771174719,
    20.124157653624));
#822 = CARTESIAN_POINT('',(-10.06279661988,-17.96608653002,
    20.080390125043));
#823 = CARTESIAN_POINT('',(-10.08090667906,-17.96910732244,
    20.065457695347));
#824 = CARTESIAN_POINT('',(-10.09865567747,-17.97233809715,
    20.050269159609));
#825 = CARTESIAN_POINT('',(-10.11603626622,-17.97577297636,
    20.034840574404));
#826 = CARTESIAN_POINT('',(-10.13304265315,-17.97940587658,
    20.019187686445));
#827 = CARTESIAN_POINT('',(-10.14967060284,-17.98323050864,
    20.003325932576));
#828 = CARTESIAN_POINT('',(-10.1964523722,-17.99477668262,
    19.957095117909));
#829 = CARTESIAN_POINT('',(-10.22564010045,-18.00296734982,
    19.92623580758));
#830 = CARTESIAN_POINT('',(-10.2534635033,-18.01177024892,19.89479054289
    ));
#831 = CARTESIAN_POINT('',(-10.27992087607,-18.02114299098,
    19.862850494921));
#832 = CARTESIAN_POINT('',(-10.3050227571,-18.03104420807,
    19.830498783098));
#833 = CARTESIAN_POINT('',(-10.32878875723,-18.04143483282,
    19.79780928655));
#834 = CARTESIAN_POINT('',(-10.43197017421,-18.09126444914,
    19.646343731577));
#835 = CARTESIAN_POINT('',(-10.49553384969,-18.13600420293,
    19.524634160125));
#836 = CARTESIAN_POINT('',(-10.5437043443,-18.18498378676,19.40210838881
    ));
#837 = CARTESIAN_POINT('',(-10.57801251188,-18.23707209556,
    19.280456120349));
#838 = CARTESIAN_POINT('',(-10.5999821043,-18.29140434752,
    19.160774692098));
#839 = CARTESIAN_POINT('',(-10.61087224616,-18.3474406478,19.0435987388)
  );
#840 = CARTESIAN_POINT('',(-10.61153354654,-18.40496635575,
    18.929002099859));
#841 = ORIENTED_EDGE('',*,*,#842,.T.);
#842 = EDGE_CURVE('',#788,#843,#845,.T.);
#843 = VERTEX_POINT('',#844);
#844 = CARTESIAN_POINT('',(-8.183106825022,-18.40496635575,
    20.098470772578));
#845 = B_SPLINE_CURVE_WITH_KNOTS('',5,(#846,#847,#848,#849,#850,#851),
  .UNSPECIFIED.,.F.,.F.,(6,6),(0.,1.),.PIECEWISE_BEZIER_KNOTS.);
#846 = CARTESIAN_POINT('',(-8.501859245176,-18.23205080756,
    20.290844964545));
#847 = CARTESIAN_POINT('',(-8.430596395974,-18.26483241902,
    20.259141974705));
#848 = CARTESIAN_POINT('',(-8.363157747485,-18.29871548532,
    20.223592025986));
#849 = CARTESIAN_POINT('',(-8.299482233509,-18.33347071954,
    20.184714991668));
#850 = CARTESIAN_POINT('',(-8.239494674324,-18.36892771143,
    20.142908684081));
#851 = CARTESIAN_POINT('',(-8.183106825022,-18.40496635575,
    20.098470772578));
#852 = ORIENTED_EDGE('',*,*,#853,.T.);
#853 = EDGE_CURVE('',#843,#705,#854,.T.);
#854 = ( BOUNDED_CURVE() B_SPLINE_CURVE(2,(#855,#856,#857,#858),
.UNSPECIFIED.,.F.,.F.) B_SPLINE_CURVE_WITH_KNOTS((3,1,3),(
-2.999333580064,5.767949192431,6.120947683008),.UNSPECIFIED.) CURVE() 
GEOMETRIC_REPRESENTATION_ITEM() RATIONAL_B_SPLINE_CURVE((1.056651799772,
1.056651799772,1.056651799772,1.056651799772)) REPRESENTATION_ITEM('') 
  );
#855 = CARTESIAN_POINT('',(-8.183106825022,-15.2327172275,
    20.098470772578));
#856 = CARTESIAN_POINT('',(-8.183106825022,-19.61635861375,
    20.098470772578));
#857 = CARTESIAN_POINT('',(-8.183106825022,-24.17649924528,
    20.098470772578));
#858 = CARTESIAN_POINT('',(-8.183106825022,-24.35299849057,
    20.098470772578));
#859 = ORIENTED_EDGE('',*,*,#726,.F.);
#860 = ORIENTED_EDGE('',*,*,#383,.F.);
#861 = ORIENTED_EDGE('',*,*,#746,.T.);
#862 = ORIENTED_EDGE('',*,*,#863,.T.);
#863 = EDGE_CURVE('',#747,#864,#866,.T.);
#864 = VERTEX_POINT('',#865);
#865 = CARTESIAN_POINT('',(-8.096820965165,-4.,20.025021604434));
#866 = CIRCLE('',#867,1.5);
#867 = AXIS2_PLACEMENT_3D('',#868,#869,#870);
#868 = CARTESIAN_POINT('',(-9.111558521469,-4.,18.920346225951));
#869 = DIRECTION('',(0.,-1.,-2.22044604925E-16));
#870 = DIRECTION('',(0.900968867902,-9.634154343575E-17,0.433883739118)
  );
#871 = ORIENTED_EDGE('',*,*,#872,.T.);
#872 = EDGE_CURVE('',#864,#873,#875,.T.);
#873 = VERTEX_POINT('',#874);
#874 = CARTESIAN_POINT('',(-8.183106825022,-4.100501485124,
    20.098470772578));
#875 = B_SPLINE_CURVE_WITH_KNOTS('',6,(#876,#877,#878,#879,#880,#881,
    #882),.UNSPECIFIED.,.F.,.F.,(7,7),(0.,1.),.PIECEWISE_BEZIER_KNOTS.);
#876 = CARTESIAN_POINT('',(-8.096820965165,-4.,20.025021604434));
#877 = CARTESIAN_POINT('',(-8.152911147161,-4.06879225341,
    20.076545169927));
#878 = CARTESIAN_POINT('',(-8.213219855584,-4.136975360483,
    20.125641922198));
#879 = CARTESIAN_POINT('',(-8.277966403445,-4.204431968223,
    20.172062336386));
#880 = CARTESIAN_POINT('',(-8.347422975666,-4.270962133273,
    20.215433731454));
#881 = CARTESIAN_POINT('',(-8.421893815846,-4.336286712138,
    20.255270422944));
#882 = CARTESIAN_POINT('',(-8.501859245176,-4.4,20.290844964545));
#883 = ORIENTED_EDGE('',*,*,#884,.T.);
#884 = EDGE_CURVE('',#873,#885,#887,.T.);
#885 = VERTEX_POINT('',#886);
#886 = CARTESIAN_POINT('',(-8.183106825022,-9.595033644246,
    20.098470772578));
#887 = ( BOUNDED_CURVE() B_SPLINE_CURVE(2,(#888,#889,#890,#891),
.UNSPECIFIED.,.F.,.F.) B_SPLINE_CURVE_WITH_KNOTS((3,1,3),(
    -0.352998490577,6.157075717328E-14,8.767282772495),.UNSPECIFIED.) 
CURVE() GEOMETRIC_REPRESENTATION_ITEM() RATIONAL_B_SPLINE_CURVE((
    1.056651799772,1.056651799772,1.056651799772,1.056651799772)) 
REPRESENTATION_ITEM('') );
#888 = CARTESIAN_POINT('',(-8.183106825022,-3.647001509423,
    20.098470772578));
#889 = CARTESIAN_POINT('',(-8.183106825022,-3.823500754712,
    20.098470772578));
#890 = CARTESIAN_POINT('',(-8.183106825022,-8.383641386248,
    20.098470772578));
#891 = CARTESIAN_POINT('',(-8.183106825022,-12.76728277249,
    20.098470772578));
#892 = ORIENTED_EDGE('',*,*,#893,.F.);
#893 = EDGE_CURVE('',#894,#885,#896,.T.);
#894 = VERTEX_POINT('',#895);
#895 = CARTESIAN_POINT('',(-8.501859245176,-9.767949192431,
    20.290844964545));
#896 = B_SPLINE_CURVE_WITH_KNOTS('',5,(#897,#898,#899,#900,#901,#902),
  .UNSPECIFIED.,.F.,.F.,(6,6),(0.,1.),.PIECEWISE_BEZIER_KNOTS.);
#897 = CARTESIAN_POINT('',(-8.501859245176,-9.767949192431,
    20.290844964545));
#898 = CARTESIAN_POINT('',(-8.430597007733,-9.735167862391,
    20.259142246861));
#899 = CARTESIAN_POINT('',(-8.363158345451,-9.701284861084,
    20.223592431068));
#900 = CARTESIAN_POINT('',(-8.299481889059,-9.66652913878,
    20.184714867868));
#901 = CARTESIAN_POINT('',(-8.239493636181,-9.631071625064,
    20.142907865946));
#902 = CARTESIAN_POINT('',(-8.183106825022,-9.595033644246,
    20.098470772578));
#903 = ORIENTED_EDGE('',*,*,#904,.T.);
#904 = EDGE_CURVE('',#894,#905,#907,.T.);
#905 = VERTEX_POINT('',#906);
#906 = CARTESIAN_POINT('',(-10.56319886295,-9.767949192431,
    19.298156123881));
#907 = B_SPLINE_CURVE_WITH_KNOTS('',7,(#908,#909,#910,#911,#912,#913,
    #914,#915,#916,#917,#918,#919,#920,#921,#922,#923,#924,#925,#926,
    #927,#928,#929,#930,#931,#932,#933,#934,#935,#936,#937,#938,#939,
    #940,#941,#942,#943,#944,#945,#946,#947,#948,#949,#950,#951,#952,
    #953,#954,#955,#956,#957),.UNSPECIFIED.,.F.,.F.,(8,6,6,6,6,6,6,6,8),
  (0.,0.2917736759,0.37258094973,0.414439938036,0.499890492638,
    0.585334514129,0.628368186824,0.709247356438,1.),.UNSPECIFIED.);
#908 = CARTESIAN_POINT('',(-8.183106825022,-9.595033644246,
    20.098470772578));
#909 = CARTESIAN_POINT('',(-8.273429846274,-9.652760960978,
    20.169652179119));
#910 = CARTESIAN_POINT('',(-8.372203802828,-9.70898702927,
    20.234397969516));
#911 = CARTESIAN_POINT('',(-8.479908231652,-9.763496744192,
    20.291992162803));
#912 = CARTESIAN_POINT('',(-8.596915286499,-9.815743946012,
    20.341101397475));
#913 = CARTESIAN_POINT('',(-8.723316249794,-9.864851912397,
    20.379825394318));
#914 = CARTESIAN_POINT('',(-8.858733836776,-9.909673521406,
    20.405884396737));
#915 = CARTESIAN_POINT('',(-9.042162457059,-9.95947258478,20.41927093994
    ));
#916 = CARTESIAN_POINT('',(-9.082544673691,-9.969817899551,
    20.420977123521));
#917 = CARTESIAN_POINT('',(-9.123492019541,-9.979672313007,
    20.421426746559));
#918 = CARTESIAN_POINT('',(-9.164958479719,-9.988996735091,
    20.420558598535));
#919 = CARTESIAN_POINT('',(-9.206885129647,-9.997749815551,
    20.418312900574));
#920 = CARTESIAN_POINT('',(-9.249199096001,-10.00588923486,
    20.414634545866));
#921 = CARTESIAN_POINT('',(-9.313886702753,-10.01724965898,
    20.406804337135));
#922 = CARTESIAN_POINT('',(-9.336040998002,-10.02095039667,
    20.403735381792));
#923 = CARTESIAN_POINT('',(-9.358262883302,-10.02446924141,
    20.400262791492));
#924 = CARTESIAN_POINT('',(-9.380538752462,-10.0278004127,
    20.396380805098));
#925 = CARTESIAN_POINT('',(-9.402853913206,-10.03093831633,
    20.392084582904));
#926 = CARTESIAN_POINT('',(-9.425192587173,-10.03387754444,
    20.38737020664));
#927 = CARTESIAN_POINT('',(-9.493153446721,-10.04219675517,
    20.371751061435));
#928 = CARTESIAN_POINT('',(-9.53880344575,-10.04693191429,
    20.359511167677));
#929 = CARTESIAN_POINT('',(-9.584334687953,-10.05077335945,
    20.345493059524));
#930 = CARTESIAN_POINT('',(-9.629586297204,-10.05368391551,
    20.329695080686));
#931 = CARTESIAN_POINT('',(-9.674391865118,-10.05563653607,
    20.312139780838));
#932 = CARTESIAN_POINT('',(-9.718581575858,-10.05661661395,
    20.292877839199));
#933 = CARTESIAN_POINT('',(-9.805383767682,-10.05663196878,
    20.251107733848));
#934 = CARTESIAN_POINT('',(-9.848006494266,-10.05566739639,
    20.228594946518));
#935 = CARTESIAN_POINT('',(-9.889681043911,-10.05373028102,
    20.204535543478));
#936 = CARTESIAN_POINT('',(-9.930261734931,-10.05083508343,
    20.179030469454));
#937 = CARTESIAN_POINT('',(-9.969626946443,-10.04700871811,
    20.152195601444));
#938 = CARTESIAN_POINT('',(-10.00767739405,-10.0422882528,
    20.124157653624));
#939 = CARTESIAN_POINT('',(-10.06279661988,-10.03391346997,
    20.080390125043));
#940 = CARTESIAN_POINT('',(-10.08090667906,-10.03089267755,
    20.065457695348));
#941 = CARTESIAN_POINT('',(-10.09865567747,-10.02766190284,
    20.050269159609));
#942 = CARTESIAN_POINT('',(-10.11603626622,-10.02422702363,
    20.034840574405));
#943 = CARTESIAN_POINT('',(-10.13304265315,-10.02059412341,
    20.019187686445));
#944 = CARTESIAN_POINT('',(-10.14967060284,-10.01676949135,
    20.003325932577));
#945 = CARTESIAN_POINT('',(-10.1964523722,-10.00522331737,
    19.957095117909));
#946 = CARTESIAN_POINT('',(-10.22564010045,-9.997032650177,
    19.92623580758));
#947 = CARTESIAN_POINT('',(-10.2534635033,-9.988229751075,19.89479054289
    ));
#948 = CARTESIAN_POINT('',(-10.27992087607,-9.978857009014,
    19.862850494921));
#949 = CARTESIAN_POINT('',(-10.3050227571,-9.968955791926,
    19.830498783098));
#950 = CARTESIAN_POINT('',(-10.32878875723,-9.958565167175,
    19.79780928655));
#951 = CARTESIAN_POINT('',(-10.43197017421,-9.908735550855,
    19.646343731577));
#952 = CARTESIAN_POINT('',(-10.49553384969,-9.863995797067,
    19.524634160125));
#953 = CARTESIAN_POINT('',(-10.5437043443,-9.815016213235,19.40210838881
    ));
#954 = CARTESIAN_POINT('',(-10.57801251188,-9.762927904433,
    19.28045612035));
#955 = CARTESIAN_POINT('',(-10.5999821043,-9.708595652471,
    19.160774692097));
#956 = CARTESIAN_POINT('',(-10.61087224616,-9.652559352193,19.0435987388
    ));
#957 = CARTESIAN_POINT('',(-10.61153354654,-9.595033644246,
    18.929002099859));
#958 = ORIENTED_EDGE('',*,*,#959,.T.);
#959 = EDGE_CURVE('',#905,#960,#962,.T.);
#960 = VERTEX_POINT('',#961);
#961 = CARTESIAN_POINT('',(-10.61153354654,-9.595033644246,
    18.929002099859));
#962 = B_SPLINE_CURVE_WITH_KNOTS('',5,(#963,#964,#965,#966,#967,#968),
  .UNSPECIFIED.,.F.,.F.,(6,6),(0.,1.),.PIECEWISE_BEZIER_KNOTS.);
#963 = CARTESIAN_POINT('',(-10.56319886295,-9.767949192431,
    19.298156123881));
#964 = CARTESIAN_POINT('',(-10.58284412713,-9.735167580976,
    19.222674093991));
#965 = CARTESIAN_POINT('',(-10.59709736761,-9.70128451468,
    19.147783404984));
#966 = CARTESIAN_POINT('',(-10.60640311183,-9.666529280453,
    19.073760449071));
#967 = CARTESIAN_POINT('',(-10.61111925578,-9.631072288562,
    19.00079448031));
#968 = CARTESIAN_POINT('',(-10.61153354654,-9.595033644246,
    18.929002099859));
#969 = ORIENTED_EDGE('',*,*,#970,.F.);
#970 = EDGE_CURVE('',#971,#960,#973,.T.);
#971 = VERTEX_POINT('',#972);
#972 = CARTESIAN_POINT('',(-10.61153354654,-4.100501485124,
    18.929002099859));
#973 = ( BOUNDED_CURVE() B_SPLINE_CURVE(2,(#974,#975,#976,#977),
.UNSPECIFIED.,.F.,.F.) B_SPLINE_CURVE_WITH_KNOTS((3,1,3),(
    -0.352998490577,6.168843056153E-14,8.767282772495),.UNSPECIFIED.) 
CURVE() GEOMETRIC_REPRESENTATION_ITEM() RATIONAL_B_SPLINE_CURVE((
    1.056651799772,1.056651799772,1.056651799772,1.056651799772)) 
REPRESENTATION_ITEM('') );
#974 = CARTESIAN_POINT('',(-10.61153354654,-3.647001509423,
    18.929002099859));
#975 = CARTESIAN_POINT('',(-10.61153354654,-3.823500754712,
    18.929002099859));
#976 = CARTESIAN_POINT('',(-10.61153354654,-8.383641386248,
    18.929002099859));
#977 = CARTESIAN_POINT('',(-10.61153354654,-12.76728277249,
    18.929002099859));
#978 = ORIENTED_EDGE('',*,*,#979,.T.);
#979 = EDGE_CURVE('',#971,#980,#982,.T.);
#980 = VERTEX_POINT('',#981);
#981 = CARTESIAN_POINT('',(-10.60790702819,-4.,18.815746290839));
#982 = B_SPLINE_CURVE_WITH_KNOTS('',6,(#983,#984,#985,#986,#987,#988,
    #989),.UNSPECIFIED.,.F.,.F.,(7,7),(0.,1.),.PIECEWISE_BEZIER_KNOTS.);
#983 = CARTESIAN_POINT('',(-10.56319886295,-4.4,19.298156123881));
#984 = CARTESIAN_POINT('',(-10.58524322759,-4.336286620949,
    19.213456148602));
#985 = CARTESIAN_POINT('',(-10.6005294698,-4.270961945766,
    19.130394613115));
#986 = CARTESIAN_POINT('',(-10.60992580896,-4.204431680731,
    19.049049542637));
#987 = CARTESIAN_POINT('',(-10.614001663,-4.136974970364,18.969485889655
    ));
#988 = CARTESIAN_POINT('',(-10.6132181117,-4.06879175888,18.891723214576
    ));
#989 = CARTESIAN_POINT('',(-10.60790698187,-3.9999994,18.81574562817));
#990 = ORIENTED_EDGE('',*,*,#991,.T.);
#991 = EDGE_CURVE('',#980,#747,#992,.T.);
#992 = CIRCLE('',#993,1.5);
#993 = AXIS2_PLACEMENT_3D('',#994,#995,#996);
#994 = CARTESIAN_POINT('',(-9.111558521469,-4.,18.920346225951));
#995 = DIRECTION('',(0.,-1.,-2.22044604925E-16));
#996 = DIRECTION('',(0.900968867902,-9.634154343575E-17,0.433883739118)
  );
#997 = CYLINDRICAL_SURFACE('',#998,1.5);
#998 = AXIS2_PLACEMENT_3D('',#999,#1000,#1001);
#999 = CARTESIAN_POINT('',(-9.111558521469,-24.,18.920346225951));
#1000 = DIRECTION('',(0.,-1.,-2.22044604925E-16));
#1001 = DIRECTION('',(0.900968867902,-9.634154343575E-17,0.433883739118)
  );
#1002 = ADVANCED_FACE('',(#1003),#1070,.T.);
#1003 = FACE_BOUND('',#1004,.T.);
#1004 = EDGE_LOOP('',(#1005,#1027,#1036,#1058,#1068,#1069));
#1005 = ORIENTED_EDGE('',*,*,#1006,.F.);
#1006 = EDGE_CURVE('',#1007,#756,#1009,.T.);
#1007 = VERTEX_POINT('',#1008);
#1008 = CARTESIAN_POINT('',(-10.91071856716,-23.6,19.103827374329));
#1009 = B_SPLINE_CURVE_WITH_KNOTS('',6,(#1010,#1011,#1012,#1013,#1014,
    #1015,#1016,#1017,#1018,#1019,#1020,#1021,#1022,#1023,#1024,#1025,
    #1026),.UNSPECIFIED.,.F.,.F.,(7,5,5,7),(0.,0.31695685085,
    0.754284106075,1.),.UNSPECIFIED.);
#1010 = CARTESIAN_POINT('',(-10.91071856718,-23.6,19.103827374315));
#1011 = CARTESIAN_POINT('',(-10.89144163026,-23.6,19.114836960479));
#1012 = CARTESIAN_POINT('',(-10.87069730029,-23.60292968256,
    19.123279880641));
#1013 = CARTESIAN_POINT('',(-10.84891792854,-23.60879107585,
    19.12890662572));
#1014 = CARTESIAN_POINT('',(-10.82659153181,-23.61747112047,
    19.13157373547));
#1015 = CARTESIAN_POINT('',(-10.80422373522,-23.62875558664,
    19.131247661537));
#1016 = CARTESIAN_POINT('',(-10.75204963029,-23.66109047172,
    19.123539515737));
#1017 = CARTESIAN_POINT('',(-10.7226443284,-23.68422275632,
    19.113524165719));
#1018 = CARTESIAN_POINT('',(-10.69535583024,-23.71095374068,
    19.09816724747));
#1019 = CARTESIAN_POINT('',(-10.67138263386,-23.74019722754,
    19.078065910673));
#1020 = CARTESIAN_POINT('',(-10.65166723458,-23.77069595712,
    19.054146533543));
#1021 = CARTESIAN_POINT('',(-10.62848496278,-23.81832034119,
    19.012545230856));
#1022 = CARTESIAN_POINT('',(-10.62168376167,-23.83545018305,
    18.996722497505));
#1023 = CARTESIAN_POINT('',(-10.61653019405,-23.85235355992,
    18.980238179954));
#1024 = CARTESIAN_POINT('',(-10.61310044429,-23.86880501025,
    18.963306650477));
#1025 = CARTESIAN_POINT('',(-10.611434577,-23.88458687614,
    18.946152515679));
#1026 = CARTESIAN_POINT('',(-10.61153354654,-23.89949851487,
    18.929002099859));
#1027 = ORIENTED_EDGE('',*,*,#1028,.T.);
#1028 = EDGE_CURVE('',#1007,#1029,#1031,.T.);
#1029 = VERTEX_POINT('',#1030);
#1030 = CARTESIAN_POINT('',(-16.19699125103,-23.6,14.888165582564));
#1031 = CIRCLE('',#1032,22.);
#1032 = AXIS2_PLACEMENT_3D('',#1033,#1034,#1035);
#1033 = CARTESIAN_POINT('',(1.33226762955E-16,-23.6,-1.33226762955E-16)
  );
#1034 = DIRECTION('',(-3.330669073875E-16,-1.,3.330669073875E-16));
#1035 = DIRECTION('',(-3.3104832007E-16,3.330669073875E-16,1.));
#1036 = ORIENTED_EDGE('',*,*,#1037,.T.);
#1037 = EDGE_CURVE('',#1029,#1038,#1040,.T.);
#1038 = VERTEX_POINT('',#1039);
#1039 = CARTESIAN_POINT('',(-16.09312414141,-23.89949851487,
    14.5575794717));
#1040 = B_SPLINE_CURVE_WITH_KNOTS('',6,(#1041,#1042,#1043,#1044,#1045,
    #1046,#1047,#1048,#1049,#1050,#1051,#1052,#1053,#1054,#1055,#1056,
    #1057),.UNSPECIFIED.,.F.,.F.,(7,5,5,7),(0.,0.31695456005,
    0.75428328198,1.),.UNSPECIFIED.);
#1041 = CARTESIAN_POINT('',(-16.19699220484,-23.6,14.888164544903));
#1042 = CARTESIAN_POINT('',(-16.21201500559,-23.60000015502,
    14.871820851468));
#1043 = CARTESIAN_POINT('',(-16.22486204936,-23.60292993064,
    14.853475476621));
#1044 = CARTESIAN_POINT('',(-16.2351938893,-23.60879135138,
    14.833494401324));
#1045 = CARTESIAN_POINT('',(-16.24276207807,-23.61747135929,
    14.812321470761));
#1046 = CARTESIAN_POINT('',(-16.24742140206,-23.62875573041,
    14.790442152533));
#1047 = CARTESIAN_POINT('',(-16.25151632792,-23.66109047172,
    14.737861171337));
#1048 = CARTESIAN_POINT('',(-16.24829537888,-23.68422275631,
    14.706964496719));
#1049 = CARTESIAN_POINT('',(-16.23939575273,-23.71095374067,
    14.676942942391));
#1050 = CARTESIAN_POINT('',(-16.22513293646,-23.74019722753,
    14.649097835858));
#1051 = CARTESIAN_POINT('',(-16.20620035712,-23.77069595711,
    14.624554180658));
#1052 = CARTESIAN_POINT('',(-16.17080062672,-23.81832034118,
    14.592695976083));
#1053 = CARTESIAN_POINT('',(-16.15688801195,-23.83545018304,
    14.582544405881));
#1054 = CARTESIAN_POINT('',(-16.14196376734,-23.85235355992,
    14.573851943219));
#1055 = CARTESIAN_POINT('',(-16.12621993777,-23.86880501024,
    14.566740564693));
#1056 = CARTESIAN_POINT('',(-16.10986658329,-23.88458687614,
    14.561299310081));
#1057 = CARTESIAN_POINT('',(-16.09312414141,-23.89949851487,
    14.5575794717));
#1058 = ORIENTED_EDGE('',*,*,#1059,.F.);
#1059 = EDGE_CURVE('',#357,#1038,#1060,.T.);
#1060 = B_SPLINE_CURVE_WITH_KNOTS('',6,(#1061,#1062,#1063,#1064,#1065,
    #1066,#1067),.UNSPECIFIED.,.F.,.F.,(7,7),(0.,1.),
  .PIECEWISE_BEZIER_KNOTS.);
#1061 = CARTESIAN_POINT('',(-15.98351486823,-24.,14.528842089337));
#1062 = CARTESIAN_POINT('',(-16.05640561325,-23.93120774659,
    14.550926599917));
#1063 = CARTESIAN_POINT('',(-16.13204416446,-23.86302463951,
    14.568994277316));
#1064 = CARTESIAN_POINT('',(-16.21051985127,-23.79556803177,
    14.582725151054));
#1065 = CARTESIAN_POINT('',(-16.29191620357,-23.72903786672,
    14.591665350507));
#1066 = CARTESIAN_POINT('',(-16.3762966048,-23.66371328786,
    14.595245282746));
#1067 = CARTESIAN_POINT('',(-16.46377818226,-23.6,14.592601137741));
#1068 = ORIENTED_EDGE('',*,*,#365,.F.);
#1069 = ORIENTED_EDGE('',*,*,#755,.F.);
#1070 = CONICAL_SURFACE('',#1071,22.,0.785398163397);
#1071 = AXIS2_PLACEMENT_3D('',#1072,#1073,#1074);
#1072 = CARTESIAN_POINT('',(1.33226762955E-16,-23.6,-1.33226762955E-16)
  );
#1073 = DIRECTION('',(3.330669073875E-16,1.,-3.330669073875E-16));
#1074 = DIRECTION('',(-3.3104832007E-16,3.330669073875E-16,1.));
#1075 = ADVANCED_FACE('',(#1076),#1330,.F.);
#1076 = FACE_BOUND('',#1077,.F.);
#1077 = EDGE_LOOP('',(#1078,#1086,#1087,#1099,#1108,#1119,#1174,#1185,
    #1192,#1193,#1194,#1195,#1204,#1216,#1225,#1236,#1291,#1302,#1311,
    #1323));
#1078 = ORIENTED_EDGE('',*,*,#1079,.F.);
#1079 = EDGE_CURVE('',#348,#1080,#1082,.T.);
#1080 = VERTEX_POINT('',#1081);
#1081 = CARTESIAN_POINT('',(-15.48322642904,-4.,14.266033062735));
#1082 = LINE('',#1083,#1084);
#1083 = CARTESIAN_POINT('',(-15.48322642904,-24.,14.266033062735));
#1084 = VECTOR('',#1085,1.);
#1085 = DIRECTION('',(0.,1.,2.22044604925E-16));
#1086 = ORIENTED_EDGE('',*,*,#347,.F.);
#1087 = ORIENTED_EDGE('',*,*,#1088,.F.);
#1088 = EDGE_CURVE('',#1089,#339,#1091,.T.);
#1089 = VERTEX_POINT('',#1090);
#1090 = CARTESIAN_POINT('',(-17.77364757498,-23.89949851487,
    12.450269739487));
#1091 = B_SPLINE_CURVE_WITH_KNOTS('',6,(#1092,#1093,#1094,#1095,#1096,
    #1097,#1098),.UNSPECIFIED.,.F.,.F.,(7,7),(0.,1.),
  .PIECEWISE_BEZIER_KNOTS.);
#1092 = CARTESIAN_POINT('',(-17.89026945808,-23.6,12.803837655837));
#1093 = CARTESIAN_POINT('',(-17.87338080236,-23.66371337905,
    12.717960923642));
#1094 = CARTESIAN_POINT('',(-17.85111418111,-23.72903805423,
    12.636492614118));
#1095 = CARTESIAN_POINT('',(-17.82428568682,-23.79556831926,
    12.559126319295));
#1096 = CARTESIAN_POINT('',(-17.79343652917,-23.86302502963,
    12.485673498148));
#1097 = CARTESIAN_POINT('',(-17.75899061362,-23.93120824112,
    12.415951718984));
#1098 = CARTESIAN_POINT('',(-17.7212400117,-24.0000006,12.349802691848)
  );
#1099 = ORIENTED_EDGE('',*,*,#1100,.F.);
#1100 = EDGE_CURVE('',#1101,#1089,#1103,.T.);
#1101 = VERTEX_POINT('',#1102);
#1102 = CARTESIAN_POINT('',(-17.77364757498,-18.40496635575,
    12.450269739487));
#1103 = ( BOUNDED_CURVE() B_SPLINE_CURVE(2,(#1104,#1105,#1106,#1107),
.UNSPECIFIED.,.F.,.F.) B_SPLINE_CURVE_WITH_KNOTS((3,1,3),(
-2.999333580064,5.767949192431,6.120947683008),.UNSPECIFIED.) CURVE() 
GEOMETRIC_REPRESENTATION_ITEM() RATIONAL_B_SPLINE_CURVE((1.056651799772,
1.056651799772,1.056651799772,1.056651799772)) REPRESENTATION_ITEM('') 
  );
#1104 = CARTESIAN_POINT('',(-17.77364757498,-15.2327172275,
    12.450269739487));
#1105 = CARTESIAN_POINT('',(-17.77364757498,-19.61635861375,
    12.450269739487));
#1106 = CARTESIAN_POINT('',(-17.77364757498,-24.17649924528,
    12.450269739487));
#1107 = CARTESIAN_POINT('',(-17.77364757498,-24.35299849057,
    12.450269739487));
#1108 = ORIENTED_EDGE('',*,*,#1109,.F.);
#1109 = EDGE_CURVE('',#1110,#1101,#1112,.T.);
#1110 = VERTEX_POINT('',#1111);
#1111 = CARTESIAN_POINT('',(-17.89026945808,-18.23205080756,
    12.803837655837));
#1112 = B_SPLINE_CURVE_WITH_KNOTS('',5,(#1113,#1114,#1115,#1116,#1117,
    #1118),.UNSPECIFIED.,.F.,.F.,(6,6),(0.,1.),
  .PIECEWISE_BEZIER_KNOTS.);
#1113 = CARTESIAN_POINT('',(-17.89026945808,-18.23205080756,
    12.803837655837));
#1114 = CARTESIAN_POINT('',(-17.87521893335,-18.2648321376,
    12.727307593121));
#1115 = CARTESIAN_POINT('',(-17.85556693978,-18.29871513891,
    12.65364918069));
#1116 = CARTESIAN_POINT('',(-17.8318334628,-18.33347086122,
    12.582918154331));
#1117 = CARTESIAN_POINT('',(-17.80442329176,-18.36892837493,
    12.515130999083));
#1118 = CARTESIAN_POINT('',(-17.77364757498,-18.40496635575,
    12.450269739487));
#1119 = ORIENTED_EDGE('',*,*,#1120,.F.);
#1120 = EDGE_CURVE('',#1121,#1110,#1123,.T.);
#1121 = VERTEX_POINT('',#1122);
#1122 = CARTESIAN_POINT('',(-16.46377818226,-18.23205080756,
    14.592601137741));
#1123 = B_SPLINE_CURVE_WITH_KNOTS('',7,(#1124,#1125,#1126,#1127,#1128,
    #1129,#1130,#1131,#1132,#1133,#1134,#1135,#1136,#1137,#1138,#1139,
    #1140,#1141,#1142,#1143,#1144,#1145,#1146,#1147,#1148,#1149,#1150,
    #1151,#1152,#1153,#1154,#1155,#1156,#1157,#1158,#1159,#1160,#1161,
    #1162,#1163,#1164,#1165,#1166,#1167,#1168,#1169,#1170,#1171,#1172,
    #1173),.UNSPECIFIED.,.F.,.F.,(8,6,6,6,6,6,6,6,8),(0.,0.2917736759,
    0.37258094973,0.414439938036,0.499890492637,0.585334514129,
    0.628368186824,0.709247356438,1.),.UNSPECIFIED.);
#1124 = CARTESIAN_POINT('',(-16.09312414141,-18.40496635575,
    14.5575794717));
#1125 = CARTESIAN_POINT('',(-16.20538682644,-18.34723903902,
    14.582522012778));
#1126 = CARTESIAN_POINT('',(-16.32247123188,-18.29101297073,
    14.597999540656));
#1127 = CARTESIAN_POINT('',(-16.44449875312,-18.2365032558,
    14.603158915483));
#1128 = CARTESIAN_POINT('',(-16.57122616523,-18.18425605398,
    14.596637348587));
#1129 = CARTESIAN_POINT('',(-16.70191121058,-18.1351480876,
    14.576683141602));
#1130 = CARTESIAN_POINT('',(-16.83522481802,-18.09032647859,
    14.541406002528));
#1131 = CARTESIAN_POINT('',(-17.0062964978,-18.04052741522,
    14.473880165574));
#1132 = CARTESIAN_POINT('',(-17.04341990311,-18.03018210044,
    14.457896196716));
#1133 = CARTESIAN_POINT('',(-17.08050727107,-18.02032768699,
    14.440534905552));
#1134 = CARTESIAN_POINT('',(-17.11749058544,-18.0110032649,
    14.421761108419));
#1135 = CARTESIAN_POINT('',(-17.15429081993,-18.00225018444,
    14.40154651283));
#1136 = CARTESIAN_POINT('',(-17.190818408,-17.99411076513,
    14.379873087815));
#1137 = CARTESIAN_POINT('',(-17.24570252758,-17.98275034101,
    14.344751412827));
#1138 = CARTESIAN_POINT('',(-17.26433128807,-17.97904960332,
    14.332373991146));
#1139 = CARTESIAN_POINT('',(-17.28284581445,-17.97553075858,
    14.319603580711));
#1140 = CARTESIAN_POINT('',(-17.3012313483,-17.9721995873,14.30644089442
    ));
#1141 = CARTESIAN_POINT('',(-17.31947255246,-17.96906168366,
    14.292887946591));
#1142 = CARTESIAN_POINT('',(-17.33755351105,-17.96612245555,
    14.278948052958));
#1143 = CARTESIAN_POINT('',(-17.39200723662,-17.95780324482,
    14.235388577531));
#1144 = CARTESIAN_POINT('',(-17.42782577369,-17.9530680857,
    14.204554022039));
#1145 = CARTESIAN_POINT('',(-17.46276577626,-17.94922664054,
    14.172168877393));
#1146 = CARTESIAN_POINT('',(-17.49668158128,-17.94631608448,
    14.138301452861));
#1147 = CARTESIAN_POINT('',(-17.52943304394,-17.94436346392,
    14.103044266892));
#1148 = CARTESIAN_POINT('',(-17.56088915434,-17.94338338604,
    14.066516660213));
#1149 = CARTESIAN_POINT('',(-17.62097185735,-17.94336803121,
    13.991221036131));
#1150 = CARTESIAN_POINT('',(-17.64960567472,-17.9443326036,
    13.952444407634));
#1151 = CARTESIAN_POINT('',(-17.67671416278,-17.94626971897,
    13.912685725089));
#1152 = CARTESIAN_POINT('',(-17.70220986515,-17.94916491656,
    13.872099145465));
#1153 = CARTESIAN_POINT('',(-17.72603348232,-17.95299128188,
    13.830841839651));
#1154 = CARTESIAN_POINT('',(-17.7481505414,-17.95771174719,
    13.789071051059));
#1155 = CARTESIAN_POINT('',(-17.77882122894,-17.96608653002,
    13.725722534583));
#1156 = CARTESIAN_POINT('',(-17.78865889002,-17.96910732244,
    13.704411220115));
#1157 = CARTESIAN_POINT('',(-17.79806012635,-17.97233809715,
    13.683025820469));
#1158 = CARTESIAN_POINT('',(-17.80702528348,-17.97577297636,
    13.661583990689));
#1159 = CARTESIAN_POINT('',(-17.8155559751,-17.97940587658,
    13.640102431195));
#1160 = CARTESIAN_POINT('',(-17.82365508303,-17.98323050864,
    13.618596887784));
#1161 = CARTESIAN_POINT('',(-17.84574520208,-17.99477668262,
    13.556646514017));
#1162 = CARTESIAN_POINT('',(-17.85865308361,-18.00296734982,
    13.516179155456));
#1163 = CARTESIAN_POINT('',(-17.87007751435,-18.01177024892,
    13.475775828866));
#1164 = CARTESIAN_POINT('',(-17.88005651611,-18.02114299098,
    13.435519416179));
#1165 = CARTESIAN_POINT('',(-17.88863564775,-18.03104420807,
    13.395480233006));
#1166 = CARTESIAN_POINT('',(-17.89586463299,-18.04143483282,
    13.355716333307));
#1167 = CARTESIAN_POINT('',(-17.9231094361,-18.09126444914,
    13.174481844708));
#1168 = CARTESIAN_POINT('',(-17.92757052489,-18.13600420293,
    13.037246064715));
#1169 = CARTESIAN_POINT('',(-17.91780870108,-18.18498378676,
    12.905953764929));
#1170 = CARTESIAN_POINT('',(-17.89593635088,-18.23707209556,
    12.781463102305));
#1171 = CARTESIAN_POINT('',(-17.86380244409,-18.29140434752,
    12.664101612477));
#1172 = CARTESIAN_POINT('',(-17.82277338212,-18.3474406478,
    12.553804671022));
#1173 = CARTESIAN_POINT('',(-17.77364757498,-18.40496635575,
    12.450269739487));
#1174 = ORIENTED_EDGE('',*,*,#1175,.T.);
#1175 = EDGE_CURVE('',#1121,#1176,#1178,.T.);
#1176 = VERTEX_POINT('',#1177);
#1177 = CARTESIAN_POINT('',(-16.09312414141,-18.40496635575,
    14.5575794717));
#1178 = B_SPLINE_CURVE_WITH_KNOTS('',5,(#1179,#1180,#1181,#1182,#1183,
    #1184),.UNSPECIFIED.,.F.,.F.,(6,6),(0.,1.),
  .PIECEWISE_BEZIER_KNOTS.);
#1179 = CARTESIAN_POINT('',(-16.46377818226,-18.23205080756,
    14.592601137741));
#1180 = CARTESIAN_POINT('',(-16.38581716192,-18.26483241902,
    14.594957522348));
#1181 = CARTESIAN_POINT('',(-16.30963249446,-18.29871548532,
    14.592188658264));
#1182 = CARTESIAN_POINT('',(-16.2353947257,-18.33347071954,
    14.584789430761));
#1183 = CARTESIAN_POINT('',(-16.16320872536,-18.36892771143,
    14.573150875624));
#1184 = CARTESIAN_POINT('',(-16.09312414141,-18.40496635575,
    14.5575794717));
#1185 = ORIENTED_EDGE('',*,*,#1186,.T.);
#1186 = EDGE_CURVE('',#1176,#1038,#1187,.T.);
#1187 = ( BOUNDED_CURVE() B_SPLINE_CURVE(2,(#1188,#1189,#1190,#1191),
.UNSPECIFIED.,.F.,.F.) B_SPLINE_CURVE_WITH_KNOTS((3,1,3),(
-2.999333580064,5.767949192431,6.120947683008),.UNSPECIFIED.) CURVE() 
GEOMETRIC_REPRESENTATION_ITEM() RATIONAL_B_SPLINE_CURVE((1.056651799772,
1.056651799772,1.056651799772,1.056651799772)) REPRESENTATION_ITEM('') 
  );
#1188 = CARTESIAN_POINT('',(-16.09312414141,-15.2327172275,14.5575794717
    ));
#1189 = CARTESIAN_POINT('',(-16.09312414141,-19.61635861375,
    14.5575794717));
#1190 = CARTESIAN_POINT('',(-16.09312414141,-24.17649924528,
    14.5575794717));
#1191 = CARTESIAN_POINT('',(-16.09312414141,-24.35299849057,
    14.5575794717));
#1192 = ORIENTED_EDGE('',*,*,#1059,.F.);
#1193 = ORIENTED_EDGE('',*,*,#356,.F.);
#1194 = ORIENTED_EDGE('',*,*,#1079,.T.);
#1195 = ORIENTED_EDGE('',*,*,#1196,.T.);
#1196 = EDGE_CURVE('',#1080,#1197,#1199,.T.);
#1197 = VERTEX_POINT('',#1198);
#1198 = CARTESIAN_POINT('',(-15.98351486823,-4.,14.528842089337));
#1199 = CIRCLE('',#1200,1.5);
#1200 = AXIS2_PLACEMENT_3D('',#1201,#1202,#1203);
#1201 = CARTESIAN_POINT('',(-16.41846113182,-4.,13.093285839033));
#1202 = DIRECTION('',(0.,-1.,-2.22044604925E-16));
#1203 = DIRECTION('',(0.623489801859,-1.736014626426E-16,0.781831482468)
  );
#1204 = ORIENTED_EDGE('',*,*,#1205,.T.);
#1205 = EDGE_CURVE('',#1197,#1206,#1208,.T.);
#1206 = VERTEX_POINT('',#1207);
#1207 = CARTESIAN_POINT('',(-16.09312414141,-4.100501485124,
    14.5575794717));
#1208 = B_SPLINE_CURVE_WITH_KNOTS('',6,(#1209,#1210,#1211,#1212,#1213,
    #1214,#1215),.UNSPECIFIED.,.F.,.F.,(7,7),(0.,1.),
  .PIECEWISE_BEZIER_KNOTS.);
#1209 = CARTESIAN_POINT('',(-15.98351486823,-4.,14.528842089337));
#1210 = CARTESIAN_POINT('',(-16.05640561325,-4.06879225341,
    14.550926599917));
#1211 = CARTESIAN_POINT('',(-16.13204416446,-4.136975360483,
    14.568994277316));
#1212 = CARTESIAN_POINT('',(-16.21051985127,-4.204431968223,
    14.582725151054));
#1213 = CARTESIAN_POINT('',(-16.29191620357,-4.270962133273,
    14.591665350507));
#1214 = CARTESIAN_POINT('',(-16.3762966048,-4.336286712138,
    14.595245282746));
#1215 = CARTESIAN_POINT('',(-16.46377818226,-4.4,14.592601137741));
#1216 = ORIENTED_EDGE('',*,*,#1217,.T.);
#1217 = EDGE_CURVE('',#1206,#1218,#1220,.T.);
#1218 = VERTEX_POINT('',#1219);
#1219 = CARTESIAN_POINT('',(-16.09312414141,-9.595033644246,
    14.5575794717));
#1220 = ( BOUNDED_CURVE() B_SPLINE_CURVE(2,(#1221,#1222,#1223,#1224),
.UNSPECIFIED.,.F.,.F.) B_SPLINE_CURVE_WITH_KNOTS((3,1,3),(
    -0.352998490577,6.157075717328E-14,8.767282772495),.UNSPECIFIED.) 
CURVE() GEOMETRIC_REPRESENTATION_ITEM() RATIONAL_B_SPLINE_CURVE((
    1.056651799772,1.056651799772,1.056651799772,1.056651799772)) 
REPRESENTATION_ITEM('') );
#1221 = CARTESIAN_POINT('',(-16.09312414141,-3.647001509423,
    14.5575794717));
#1222 = CARTESIAN_POINT('',(-16.09312414141,-3.823500754712,
    14.5575794717));
#1223 = CARTESIAN_POINT('',(-16.09312414141,-8.383641386248,
    14.5575794717));
#1224 = CARTESIAN_POINT('',(-16.09312414141,-12.76728277249,
    14.5575794717));
#1225 = ORIENTED_EDGE('',*,*,#1226,.F.);
#1226 = EDGE_CURVE('',#1227,#1218,#1229,.T.);
#1227 = VERTEX_POINT('',#1228);
#1228 = CARTESIAN_POINT('',(-16.46377818226,-9.767949192431,
    14.592601137741));
#1229 = B_SPLINE_CURVE_WITH_KNOTS('',5,(#1230,#1231,#1232,#1233,#1234,
    #1235),.UNSPECIFIED.,.F.,.F.,(6,6),(0.,1.),
  .PIECEWISE_BEZIER_KNOTS.);
#1230 = CARTESIAN_POINT('',(-16.46377818226,-9.767949192431,
    14.592601137741));
#1231 = CARTESIAN_POINT('',(-16.38581783118,-9.735167862391,
    14.59495750212));
#1232 = CARTESIAN_POINT('',(-16.30963320897,-9.701284861084,
    14.592188763782));
#1233 = CARTESIAN_POINT('',(-16.23539436165,-9.66652913878,
    14.584789468672));
#1234 = CARTESIAN_POINT('',(-16.16320743505,-9.631071625064,
    14.573150588942));
#1235 = CARTESIAN_POINT('',(-16.09312414141,-9.595033644246,
    14.5575794717));
#1236 = ORIENTED_EDGE('',*,*,#1237,.T.);
#1237 = EDGE_CURVE('',#1227,#1238,#1240,.T.);
#1238 = VERTEX_POINT('',#1239);
#1239 = CARTESIAN_POINT('',(-17.89026945808,-9.767949192431,
    12.803837655837));
#1240 = B_SPLINE_CURVE_WITH_KNOTS('',7,(#1241,#1242,#1243,#1244,#1245,
    #1246,#1247,#1248,#1249,#1250,#1251,#1252,#1253,#1254,#1255,#1256,
    #1257,#1258,#1259,#1260,#1261,#1262,#1263,#1264,#1265,#1266,#1267,
    #1268,#1269,#1270,#1271,#1272,#1273,#1274,#1275,#1276,#1277,#1278,
    #1279,#1280,#1281,#1282,#1283,#1284,#1285,#1286,#1287,#1288,#1289,
    #1290),.UNSPECIFIED.,.F.,.F.,(8,6,6,6,6,6,6,6,8),(0.,0.2917736759,
    0.37258094973,0.414439938035,0.499890492637,0.585334514129,
    0.628368186823,0.709247356437,1.),.UNSPECIFIED.);
#1241 = CARTESIAN_POINT('',(-16.09312414141,-9.595033644246,
    14.5575794717));
#1242 = CARTESIAN_POINT('',(-16.20538682644,-9.652760960978,
    14.582522012778));
#1243 = CARTESIAN_POINT('',(-16.32247123188,-9.70898702927,
    14.597999540656));
#1244 = CARTESIAN_POINT('',(-16.44449875312,-9.763496744192,
    14.603158915483));
#1245 = CARTESIAN_POINT('',(-16.57122616523,-9.815743946012,
    14.596637348588));
#1246 = CARTESIAN_POINT('',(-16.70191121058,-9.864851912397,
    14.576683141602));
#1247 = CARTESIAN_POINT('',(-16.83522481802,-9.909673521406,
    14.541406002528));
#1248 = CARTESIAN_POINT('',(-17.0062964978,-9.95947258478,
    14.473880165574));
#1249 = CARTESIAN_POINT('',(-17.04341990311,-9.969817899551,
    14.457896196716));
#1250 = CARTESIAN_POINT('',(-17.08050727107,-9.979672313007,
    14.440534905552));
#1251 = CARTESIAN_POINT('',(-17.11749058544,-9.988996735091,
    14.421761108419));
#1252 = CARTESIAN_POINT('',(-17.15429081993,-9.997749815551,
    14.40154651283));
#1253 = CARTESIAN_POINT('',(-17.190818408,-10.00588923486,
    14.379873087815));
#1254 = CARTESIAN_POINT('',(-17.24570252758,-10.01724965898,
    14.344751412827));
#1255 = CARTESIAN_POINT('',(-17.26433128807,-10.02095039667,
    14.332373991146));
#1256 = CARTESIAN_POINT('',(-17.28284581445,-10.02446924141,
    14.319603580711));
#1257 = CARTESIAN_POINT('',(-17.3012313483,-10.0278004127,14.30644089442
    ));
#1258 = CARTESIAN_POINT('',(-17.31947255246,-10.03093831633,
    14.292887946592));
#1259 = CARTESIAN_POINT('',(-17.33755351105,-10.03387754444,
    14.278948052958));
#1260 = CARTESIAN_POINT('',(-17.39200723662,-10.04219675517,
    14.235388577531));
#1261 = CARTESIAN_POINT('',(-17.42782577369,-10.04693191429,
    14.204554022039));
#1262 = CARTESIAN_POINT('',(-17.46276577626,-10.05077335945,
    14.172168877393));
#1263 = CARTESIAN_POINT('',(-17.49668158128,-10.05368391551,
    14.138301452861));
#1264 = CARTESIAN_POINT('',(-17.52943304394,-10.05563653607,
    14.103044266892));
#1265 = CARTESIAN_POINT('',(-17.56088915434,-10.05661661395,
    14.066516660213));
#1266 = CARTESIAN_POINT('',(-17.62097185735,-10.05663196878,
    13.991221036131));
#1267 = CARTESIAN_POINT('',(-17.64960567472,-10.05566739639,
    13.952444407634));
#1268 = CARTESIAN_POINT('',(-17.67671416278,-10.05373028102,
    13.912685725089));
#1269 = CARTESIAN_POINT('',(-17.70220986515,-10.05083508343,
    13.872099145465));
#1270 = CARTESIAN_POINT('',(-17.72603348232,-10.04700871811,
    13.830841839651));
#1271 = CARTESIAN_POINT('',(-17.7481505414,-10.0422882528,
    13.789071051059));
#1272 = CARTESIAN_POINT('',(-17.77882122894,-10.03391346997,
    13.725722534584));
#1273 = CARTESIAN_POINT('',(-17.78865889002,-10.03089267755,
    13.704411220115));
#1274 = CARTESIAN_POINT('',(-17.79806012635,-10.02766190284,
    13.683025820469));
#1275 = CARTESIAN_POINT('',(-17.80702528348,-10.02422702363,
    13.66158399069));
#1276 = CARTESIAN_POINT('',(-17.8155559751,-10.02059412341,
    13.640102431195));
#1277 = CARTESIAN_POINT('',(-17.82365508303,-10.01676949135,
    13.618596887784));
#1278 = CARTESIAN_POINT('',(-17.84574520208,-10.00522331737,
    13.556646514017));
#1279 = CARTESIAN_POINT('',(-17.85865308361,-9.997032650177,
    13.516179155456));
#1280 = CARTESIAN_POINT('',(-17.87007751435,-9.988229751075,
    13.475775828866));
#1281 = CARTESIAN_POINT('',(-17.88005651611,-9.978857009014,
    13.435519416179));
#1282 = CARTESIAN_POINT('',(-17.88863564775,-9.968955791926,
    13.395480233006));
#1283 = CARTESIAN_POINT('',(-17.89586463299,-9.958565167175,
    13.355716333307));
#1284 = CARTESIAN_POINT('',(-17.9231094361,-9.908735550855,
    13.174481844708));
#1285 = CARTESIAN_POINT('',(-17.92757052489,-9.863995797067,
    13.037246064715));
#1286 = CARTESIAN_POINT('',(-17.91780870108,-9.815016213235,
    12.905953764929));
#1287 = CARTESIAN_POINT('',(-17.89593635088,-9.762927904433,
    12.781463102304));
#1288 = CARTESIAN_POINT('',(-17.86380244409,-9.708595652471,
    12.664101612478));
#1289 = CARTESIAN_POINT('',(-17.82277338212,-9.652559352193,
    12.553804671022));
#1290 = CARTESIAN_POINT('',(-17.77364757498,-9.595033644246,
    12.450269739487));
#1291 = ORIENTED_EDGE('',*,*,#1292,.T.);
#1292 = EDGE_CURVE('',#1238,#1293,#1295,.T.);
#1293 = VERTEX_POINT('',#1294);
#1294 = CARTESIAN_POINT('',(-17.77364757498,-9.595033644246,
    12.450269739487));
#1295 = B_SPLINE_CURVE_WITH_KNOTS('',5,(#1296,#1297,#1298,#1299,#1300,
    #1301),.UNSPECIFIED.,.F.,.F.,(6,6),(0.,1.),
  .PIECEWISE_BEZIER_KNOTS.);
#1296 = CARTESIAN_POINT('',(-17.89026945808,-9.767949192431,
    12.803837655837));
#1297 = CARTESIAN_POINT('',(-17.87521880415,-9.735167580976,
    12.727306936139));
#1298 = CARTESIAN_POINT('',(-17.85556667791,-9.70128451468,
    12.653648507576));
#1299 = CARTESIAN_POINT('',(-17.83183350685,-9.666529280453,
    12.582918517693));
#1300 = CARTESIAN_POINT('',(-17.80442385838,-9.631072288562,
    12.51513219325));
#1301 = CARTESIAN_POINT('',(-17.77364757498,-9.595033644246,
    12.450269739487));
#1302 = ORIENTED_EDGE('',*,*,#1303,.F.);
#1303 = EDGE_CURVE('',#1304,#1293,#1306,.T.);
#1304 = VERTEX_POINT('',#1305);
#1305 = CARTESIAN_POINT('',(-17.77364757498,-4.100501485124,
    12.450269739487));
#1306 = ( BOUNDED_CURVE() B_SPLINE_CURVE(2,(#1307,#1308,#1309,#1310),
.UNSPECIFIED.,.F.,.F.) B_SPLINE_CURVE_WITH_KNOTS((3,1,3),(
    -0.352998490577,6.168843056153E-14,8.767282772495),.UNSPECIFIED.) 
CURVE() GEOMETRIC_REPRESENTATION_ITEM() RATIONAL_B_SPLINE_CURVE((
    1.056651799772,1.056651799772,1.056651799772,1.056651799772)) 
REPRESENTATION_ITEM('') );
#1307 = CARTESIAN_POINT('',(-17.77364757498,-3.647001509423,
    12.450269739487));
#1308 = CARTESIAN_POINT('',(-17.77364757498,-3.823500754712,
    12.450269739487));
#1309 = CARTESIAN_POINT('',(-17.77364757498,-8.383641386248,
    12.450269739487));
#1310 = CARTESIAN_POINT('',(-17.77364757498,-12.76728277249,
    12.450269739487));
#1311 = ORIENTED_EDGE('',*,*,#1312,.T.);
#1312 = EDGE_CURVE('',#1304,#1313,#1315,.T.);
#1313 = VERTEX_POINT('',#1314);
#1314 = CARTESIAN_POINT('',(-17.72124034096,-4.,12.349803268793));
#1315 = B_SPLINE_CURVE_WITH_KNOTS('',6,(#1316,#1317,#1318,#1319,#1320,
    #1321,#1322),.UNSPECIFIED.,.F.,.F.,(7,7),(0.,1.),
  .PIECEWISE_BEZIER_KNOTS.);
#1316 = CARTESIAN_POINT('',(-17.89026945808,-4.4,12.803837655837));
#1317 = CARTESIAN_POINT('',(-17.87338080236,-4.336286620949,
    12.717960923642));
#1318 = CARTESIAN_POINT('',(-17.85111418111,-4.270961945766,
    12.636492614118));
#1319 = CARTESIAN_POINT('',(-17.82428568682,-4.204431680731,
    12.559126319295));
#1320 = CARTESIAN_POINT('',(-17.79343652917,-4.136974970364,
    12.485673498148));
#1321 = CARTESIAN_POINT('',(-17.75899061362,-4.06879175888,
    12.415951718984));
#1322 = CARTESIAN_POINT('',(-17.7212400117,-3.9999994,12.349802691848));
#1323 = ORIENTED_EDGE('',*,*,#1324,.T.);
#1324 = EDGE_CURVE('',#1313,#1080,#1325,.T.);
#1325 = CIRCLE('',#1326,1.5);
#1326 = AXIS2_PLACEMENT_3D('',#1327,#1328,#1329);
#1327 = CARTESIAN_POINT('',(-16.41846113182,-4.,13.093285839033));
#1328 = DIRECTION('',(0.,-1.,-2.22044604925E-16));
#1329 = DIRECTION('',(0.623489801859,-1.736014626426E-16,0.781831482468)
  );
#1330 = CYLINDRICAL_SURFACE('',#1331,1.5);
#1331 = AXIS2_PLACEMENT_3D('',#1332,#1333,#1334);
#1332 = CARTESIAN_POINT('',(-16.41846113182,-24.,13.093285839033));
#1333 = DIRECTION('',(0.,-1.,-2.22044604925E-16));
#1334 = DIRECTION('',(0.623489801859,-1.736014626426E-16,0.781831482468)
  );
#1335 = ADVANCED_FACE('',(#1336),#1403,.T.);
#1336 = FACE_BOUND('',#1337,.T.);
#1337 = EDGE_LOOP('',(#1338,#1360,#1369,#1391,#1401,#1402));
#1338 = ORIENTED_EDGE('',*,*,#1339,.F.);
#1339 = EDGE_CURVE('',#1340,#1089,#1342,.T.);
#1340 = VERTEX_POINT('',#1341);
#1341 = CARTESIAN_POINT('',(-18.11905780808,-23.6,12.477970353672));
#1342 = B_SPLINE_CURVE_WITH_KNOTS('',6,(#1343,#1344,#1345,#1346,#1347,
    #1348,#1349,#1350,#1351,#1352,#1353,#1354,#1355,#1356,#1357,#1358,
    #1359),.UNSPECIFIED.,.F.,.F.,(7,5,5,7),(0.,0.316954520851,
    0.754283267872,1.),.UNSPECIFIED.);
#1343 = CARTESIAN_POINT('',(-18.11905699501,-23.6,12.477971534324));
#1344 = CARTESIAN_POINT('',(-18.10646595982,-23.60000015767,
    12.496254491196));
#1345 = CARTESIAN_POINT('',(-18.09143927916,-23.60292993489,
    12.512861658183));
#1346 = CARTESIAN_POINT('',(-18.07425822395,-23.6087913561,
    12.527380660908));
#1347 = CARTESIAN_POINT('',(-18.05530022635,-23.61747136337,
    12.539470516512));
#1348 = CARTESIAN_POINT('',(-18.03500626895,-23.62875573287,
    12.548881625639));
#1349 = CARTESIAN_POINT('',(-17.98465481329,-23.66109047172,
    12.564574251009));
#1350 = CARTESIAN_POINT('',(-17.95381605423,-23.68422275631,
    12.568309214777));
#1351 = CARTESIAN_POINT('',(-17.92256684982,-23.71095374067,
    12.566313145146));
#1352 = CARTESIAN_POINT('',(-17.89224610305,-23.74019722753,
    12.558604046573));
#1353 = CARTESIAN_POINT('',(-17.86410491329,-23.77069595711,
    12.5456076236));
#1354 = CARTESIAN_POINT('',(-17.82516827935,-23.81832034118,
    12.518184555786));
#1355 = CARTESIAN_POINT('',(-17.81217538217,-23.83545018304,
    12.506879696198));
#1356 = CARTESIAN_POINT('',(-17.80037990084,-23.85235355992,
    12.494263888466));
#1357 = CARTESIAN_POINT('',(-17.78994348777,-23.86880501024,
    12.48049722017));
#1358 = CARTESIAN_POINT('',(-17.78099969305,-23.88458687614,
    12.465764671488));
#1359 = CARTESIAN_POINT('',(-17.77364757498,-23.89949851487,
    12.450269739487));
#1360 = ORIENTED_EDGE('',*,*,#1361,.T.);
#1361 = EDGE_CURVE('',#1340,#1362,#1364,.T.);
#1362 = VERTEX_POINT('',#1363);
#1363 = CARTESIAN_POINT('',(-21.05271782243,-23.6,6.386162563612));
#1364 = CIRCLE('',#1365,22.);
#1365 = AXIS2_PLACEMENT_3D('',#1366,#1367,#1368);
#1366 = CARTESIAN_POINT('',(1.33226762955E-16,-23.6,-1.33226762955E-16)
  );
#1367 = DIRECTION('',(-3.330669073875E-16,-1.,3.330669073875E-16));
#1368 = DIRECTION('',(-3.3104832007E-16,3.330669073875E-16,1.));
#1369 = ORIENTED_EDGE('',*,*,#1370,.T.);
#1370 = EDGE_CURVE('',#1362,#1371,#1373,.T.);
#1371 = VERTEX_POINT('',#1372);
#1372 = CARTESIAN_POINT('',(-20.81570085238,-23.89949851487,
    6.133381019457));
#1373 = B_SPLINE_CURVE_WITH_KNOTS('',6,(#1374,#1375,#1376,#1377,#1378,
    #1379,#1380,#1381,#1382,#1383,#1384,#1385,#1386,#1387,#1388,#1389,
    #1390),.UNSPECIFIED.,.F.,.F.,(7,5,5,7),(0.,0.316956850566,
    0.754284105988,1.),.UNSPECIFIED.);
#1374 = CARTESIAN_POINT('',(-21.05271783241,-23.6,6.386162530713));
#1375 = CARTESIAN_POINT('',(-21.05916186324,-23.59999999998,
    6.364919043489));
#1376 = CARTESIAN_POINT('',(-21.06277703049,-23.60292968261,
    6.342816168393));
#1377 = CARTESIAN_POINT('',(-21.06341634332,-23.60879107587,
    6.320330755607));
#1378 = CARTESIAN_POINT('',(-21.06104850753,-23.61747112046,
    6.29797059073));
#1379 = CARTESIAN_POINT('',(-21.05575329631,-23.62875558666,
    6.276236191493));
#1380 = CARTESIAN_POINT('',(-21.03662857927,-23.66109047173,
    6.227085424138));
#1381 = CARTESIAN_POINT('',(-21.02032103975,-23.68422275632,
    6.200645999601));
#1382 = CARTESIAN_POINT('',(-20.99927688941,-23.71095374069,
    6.177458916857));
#1383 = CARTESIAN_POINT('',(-20.97434499704,-23.74019722755,
    6.158559746801));
#1384 = CARTESIAN_POINT('',(-20.94663823957,-23.77069595713,
    6.14466121588));
#1385 = CARTESIAN_POINT('',(-20.90092142763,-23.8183203412,
    6.131317332765));
#1386 = CARTESIAN_POINT('',(-20.88398199362,-23.83545018305,
    6.128207541372));
#1387 = CARTESIAN_POINT('',(-20.86676419564,-23.85235355993,
    6.126851290185));
#1388 = CARTESIAN_POINT('',(-20.84949398384,-23.86880501025,
    6.127275151165));
#1389 = CARTESIAN_POINT('',(-20.83239924867,-23.88458687614,
    6.129468204745));
#1390 = CARTESIAN_POINT('',(-20.81570085238,-23.89949851487,
    6.133381019457));
#1391 = ORIENTED_EDGE('',*,*,#1392,.F.);
#1392 = EDGE_CURVE('',#330,#1371,#1393,.T.);
#1393 = B_SPLINE_CURVE_WITH_KNOTS('',6,(#1394,#1395,#1396,#1397,#1398,
    #1399,#1400),.UNSPECIFIED.,.F.,.F.,(7,7),(0.,1.),
  .PIECEWISE_BEZIER_KNOTS.);
#1394 = CARTESIAN_POINT('',(-20.7044776267,-24.,6.155047213892));
#1395 = CARTESIAN_POINT('',(-20.77973202875,-23.93120774659,
    6.14331856139));
#1396 = CARTESIAN_POINT('',(-20.85571928003,-23.86302463951,
    6.126778638824));
#1397 = CARTESIAN_POINT('',(-20.93238103357,-23.79556803177,
    6.105100404169));
#1398 = CARTESIAN_POINT('',(-21.00959562012,-23.72903786672,
    6.07783869186));
#1399 = CARTESIAN_POINT('',(-21.08717300907,-23.66371328786,
    6.044452815365));
#1400 = CARTESIAN_POINT('',(-21.16484393536,-23.6,6.0041136891));
#1401 = ORIENTED_EDGE('',*,*,#338,.F.);
#1402 = ORIENTED_EDGE('',*,*,#1088,.F.);
#1403 = CONICAL_SURFACE('',#1404,22.,0.785398163397);
#1404 = AXIS2_PLACEMENT_3D('',#1405,#1406,#1407);
#1405 = CARTESIAN_POINT('',(1.33226762955E-16,-23.6,-1.33226762955E-16)
  );
#1406 = DIRECTION('',(3.330669073875E-16,1.,-3.330669073875E-16));
#1407 = DIRECTION('',(-3.3104832007E-16,3.330669073875E-16,1.));
#1408 = ADVANCED_FACE('',(#1409),#1663,.F.);
#1409 = FACE_BOUND('',#1410,.F.);
#1410 = EDGE_LOOP('',(#1411,#1419,#1420,#1432,#1441,#1452,#1507,#1518,
    #1525,#1526,#1527,#1528,#1537,#1549,#1558,#1569,#1624,#1635,#1644,
    #1656));
#1411 = ORIENTED_EDGE('',*,*,#1412,.F.);
#1412 = EDGE_CURVE('',#321,#1413,#1415,.T.);
#1413 = VERTEX_POINT('',#1414);
#1414 = CARTESIAN_POINT('',(-20.13970475488,-4.,6.135331481355));
#1415 = LINE('',#1416,#1417);
#1416 = CARTESIAN_POINT('',(-20.13970475488,-24.,6.135331481355));
#1417 = VECTOR('',#1418,1.);
#1418 = DIRECTION('',(4.930380657631E-32,1.,2.22044604925E-16));
#1419 = ORIENTED_EDGE('',*,*,#320,.F.);
#1420 = ORIENTED_EDGE('',*,*,#1421,.F.);
#1421 = EDGE_CURVE('',#1422,#312,#1424,.T.);
#1422 = VERTEX_POINT('',#1423);
#1423 = CARTESIAN_POINT('',(-21.41547272172,-23.89949851487,
    3.505608764672));
#1424 = B_SPLINE_CURVE_WITH_KNOTS('',6,(#1425,#1426,#1427,#1428,#1429,
    #1430,#1431),.UNSPECIFIED.,.F.,.F.,(7,7),(0.,1.),
  .PIECEWISE_BEZIER_KNOTS.);
#1425 = CARTESIAN_POINT('',(-21.67395277729,-23.6,3.77356211129));
#1426 = CARTESIAN_POINT('',(-21.62147610659,-23.66371337905,
    3.703517562199));
#1427 = CARTESIAN_POINT('',(-21.56606679929,-23.72903805423,
    3.639778276484));
#1428 = CARTESIAN_POINT('',(-21.50832718389,-23.79556831926,
    3.581714100841));
#1429 = CARTESIAN_POINT('',(-21.44866306856,-23.86302502963,
    3.528920343597));
#1430 = CARTESIAN_POINT('',(-21.38737722477,-23.93120824112,
    3.481048713793));
#1431 = CARTESIAN_POINT('',(-21.32466412047,-24.0000006,3.437829872014)
  );
#1432 = ORIENTED_EDGE('',*,*,#1433,.F.);
#1433 = EDGE_CURVE('',#1434,#1422,#1436,.T.);
#1434 = VERTEX_POINT('',#1435);
#1435 = CARTESIAN_POINT('',(-21.41547272172,-18.40496635575,
    3.505608764672));
#1436 = ( BOUNDED_CURVE() B_SPLINE_CURVE(2,(#1437,#1438,#1439,#1440),
.UNSPECIFIED.,.F.,.F.) B_SPLINE_CURVE_WITH_KNOTS((3,1,3),(
-2.999333580064,5.767949192431,6.120947683008),.UNSPECIFIED.) CURVE() 
GEOMETRIC_REPRESENTATION_ITEM() RATIONAL_B_SPLINE_CURVE((1.056651799772,
1.056651799772,1.056651799772,1.056651799772)) REPRESENTATION_ITEM('') 
  );
#1437 = CARTESIAN_POINT('',(-21.41547272172,-15.2327172275,
    3.505608764672));
#1438 = CARTESIAN_POINT('',(-21.41547272172,-19.61635861375,
    3.505608764672));
#1439 = CARTESIAN_POINT('',(-21.41547272172,-24.17649924528,
    3.505608764672));
#1440 = CARTESIAN_POINT('',(-21.41547272172,-24.35299849057,
    3.505608764672));
#1441 = ORIENTED_EDGE('',*,*,#1442,.F.);
#1442 = EDGE_CURVE('',#1443,#1434,#1445,.T.);
#1443 = VERTEX_POINT('',#1444);
#1444 = CARTESIAN_POINT('',(-21.67395277729,-18.23205080756,
    3.77356211129));
#1445 = B_SPLINE_CURVE_WITH_KNOTS('',5,(#1446,#1447,#1448,#1449,#1450,
    #1451),.UNSPECIFIED.,.F.,.F.,(6,6),(0.,1.),
  .PIECEWISE_BEZIER_KNOTS.);
#1446 = CARTESIAN_POINT('',(-21.67395277729,-18.23205080756,
    3.77356211129));
#1447 = CARTESIAN_POINT('',(-21.62718757329,-18.2648321376,3.71114108527
    ));
#1448 = CARTESIAN_POINT('',(-21.57752255149,-18.29871513891,
    3.653303829263));
#1449 = CARTESIAN_POINT('',(-21.52545038542,-18.33347086122,
    3.599874946252));
#1450 = CARTESIAN_POINT('',(-21.47134293026,-18.36892837493,
    3.550693657231));
#1451 = CARTESIAN_POINT('',(-21.41547272172,-18.40496635575,
    3.505608764672));
#1452 = ORIENTED_EDGE('',*,*,#1453,.F.);
#1453 = EDGE_CURVE('',#1454,#1443,#1456,.T.);
#1454 = VERTEX_POINT('',#1455);
#1455 = CARTESIAN_POINT('',(-21.16484393536,-18.23205080756,6.0041136891
    ));
#1456 = B_SPLINE_CURVE_WITH_KNOTS('',7,(#1457,#1458,#1459,#1460,#1461,
    #1462,#1463,#1464,#1465,#1466,#1467,#1468,#1469,#1470,#1471,#1472,
    #1473,#1474,#1475,#1476,#1477,#1478,#1479,#1480,#1481,#1482,#1483,
    #1484,#1485,#1486,#1487,#1488,#1489,#1490,#1491,#1492,#1493,#1494,
    #1495,#1496,#1497,#1498,#1499,#1500,#1501,#1502,#1503,#1504,#1505,
    #1506),.UNSPECIFIED.,.F.,.F.,(8,6,6,6,6,6,6,6,8),(0.,0.2917736759,
    0.37258094973,0.414439938036,0.499890492637,0.585334514129,
    0.628368186823,0.709247356437,1.),.UNSPECIFIED.);
#1457 = CARTESIAN_POINT('',(-20.81570085238,-18.40496635575,
    6.133381019457));
#1458 = CARTESIAN_POINT('',(-20.92766819961,-18.34723903902,
    6.107144518911));
#1459 = CARTESIAN_POINT('',(-21.0398730515,-18.29101297073,
    6.070288270055));
#1460 = CARTESIAN_POINT('',(-21.152054618,-18.2365032558,6.021990948959)
  );
#1461 = CARTESIAN_POINT('',(-21.26340246919,-18.18425605398,
    5.961130256805));
#1462 = CARTESIAN_POINT('',(-21.37248782061,-18.1351480876,
    5.886450021404));
#1463 = CARTESIAN_POINT('',(-21.47729305358,-18.09032647859,
    5.796823810877));
#1464 = CARTESIAN_POINT('',(-21.60212494861,-18.04052741522,
    5.661759913924));
#1465 = CARTESIAN_POINT('',(-21.6286367969,-18.03018210044,
    5.631251613692));
#1466 = CARTESIAN_POINT('',(-21.65451857889,-18.02032768699,
    5.599518024962));
#1467 = CARTESIAN_POINT('',(-21.67969374848,-18.0110032649,
    5.566556959489));
#1468 = CARTESIAN_POINT('',(-21.70407882977,-18.00225018444,
    5.532377214844));
#1469 = CARTESIAN_POINT('',(-21.72758530275,-17.99411076513,
    5.497001407152));
#1470 = CARTESIAN_POINT('',(-21.76179546217,-17.98275034101,
    5.441544544378));
#1471 = CARTESIAN_POINT('',(-21.77320903342,-17.97904960332,
    5.422310156521));
#1472 = CARTESIAN_POINT('',(-21.78434917186,-17.97553075858,
    5.402771262356));
#1473 = CARTESIAN_POINT('',(-21.79520288993,-17.9721995873,5.38293490762
    ));
#1474 = CARTESIAN_POINT('',(-21.80575724331,-17.96906168366,
    5.362809561689));
#1475 = CARTESIAN_POINT('',(-21.81599933093,-17.96612245555,
    5.342405117582));
#1476 = CARTESIAN_POINT('',(-21.84616069434,-17.95780324482,
    5.279532800263));
#1477 = CARTESIAN_POINT('',(-21.86505346891,-17.9530680857,
    5.236210744913));
#1478 = CARTESIAN_POINT('',(-21.88248193581,-17.94922664054,
    5.191872838849));
#1479 = CARTESIAN_POINT('',(-21.89834449548,-17.94631608448,
    5.146643827409));
#1480 = CARTESIAN_POINT('',(-21.91255502403,-17.94436346392,5.1006678734
    ));
#1481 = CARTESIAN_POINT('',(-21.92504726564,-17.94338338604,
    5.054109342166));
#1482 = CARTESIAN_POINT('',(-21.94651036363,-17.94336803121,
    4.960201421142));
#1483 = CARTESIAN_POINT('',(-21.95548399309,-17.9443326036,
    4.912841138318));
#1484 = CARTESIAN_POINT('',(-21.96265725104,-17.94626971897,
    4.865257870954));
#1485 = CARTESIAN_POINT('',(-21.96801822821,-17.94916491656,
    4.817628455584));
#1486 = CARTESIAN_POINT('',(-21.9715816915,-17.95299128188,
    4.770120227372));
#1487 = CARTESIAN_POINT('',(-21.97338480724,-17.95771174719,
    4.722889814974));
#1488 = CARTESIAN_POINT('',(-21.97353225067,-17.96608653002,
    4.65250726121));
#1489 = CARTESIAN_POINT('',(-21.97314904423,-17.96910732244,
    4.629038029164));
#1490 = CARTESIAN_POINT('',(-21.97234048832,-17.97233809715,
    4.605691406287));
#1491 = CARTESIAN_POINT('',(-21.97111455452,-17.97577297636,
    4.582483149286));
#1492 = CARTESIAN_POINT('',(-21.96947994273,-17.97940587658,
    4.559427604569));
#1493 = CARTESIAN_POINT('',(-21.96744608125,-17.98323050864,
    4.536537708236));
#1494 = CARTESIAN_POINT('',(-21.96046933099,-17.99477668262,
    4.471137806666));
#1495 = CARTESIAN_POINT('',(-21.95454080155,-18.00296734982,
    4.429077456535));
#1496 = CARTESIAN_POINT('',(-21.94730351157,-18.01177024892,
    4.387718442391));
#1497 = CARTESIAN_POINT('',(-21.93882767863,-18.02114299098,
    4.347118941231));
#1498 = CARTESIAN_POINT('',(-21.92918485864,-18.03104420807,
    4.307322537983));
#1499 = CARTESIAN_POINT('',(-21.91844503981,-18.04143483282,
    4.268359963141));
#1500 = CARTESIAN_POINT('',(-21.86435706165,-18.09126444914,
    4.093252254079));
#1501 = CARTESIAN_POINT('',(-21.8088319904,-18.13600420293,
    3.967671494858));
#1502 = CARTESIAN_POINT('',(-21.74307129711,-18.18498378676,
    3.853616716768));
#1503 = CARTESIAN_POINT('',(-21.66935051632,-18.23707209556,
    3.75094456249));
#1504 = CARTESIAN_POINT('',(-21.58947762467,-18.29140434752,
    3.659147893493));
#1505 = CARTESIAN_POINT('',(-21.50465566779,-18.3474406478,
    3.577575625837));
#1506 = CARTESIAN_POINT('',(-21.41547272172,-18.40496635575,
    3.505608764672));
#1507 = ORIENTED_EDGE('',*,*,#1508,.T.);
#1508 = EDGE_CURVE('',#1454,#1509,#1511,.T.);
#1509 = VERTEX_POINT('',#1510);
#1510 = CARTESIAN_POINT('',(-20.81570085238,-18.40496635575,
    6.133381019457));
#1511 = B_SPLINE_CURVE_WITH_KNOTS('',5,(#1512,#1513,#1514,#1515,#1516,
    #1517),.UNSPECIFIED.,.F.,.F.,(6,6),(0.,1.),
  .PIECEWISE_BEZIER_KNOTS.);
#1512 = CARTESIAN_POINT('',(-21.16484393536,-18.23205080756,6.0041136891
    ));
#1513 = CARTESIAN_POINT('',(-21.09562588009,-18.26483241902,
    6.040062737283));
#1514 = CARTESIAN_POINT('',(-21.02578450139,-18.29871548532,
    6.070623365324));
#1515 = CARTESIAN_POINT('',(-20.95568817843,-18.33347071954,
    6.096167452389));
#1516 = CARTESIAN_POINT('',(-20.8856010596,-18.36892771143,
    6.117001808283));
#1517 = CARTESIAN_POINT('',(-20.81570085238,-18.40496635575,
    6.133381019457));
#1518 = ORIENTED_EDGE('',*,*,#1519,.T.);
#1519 = EDGE_CURVE('',#1509,#1371,#1520,.T.);
#1520 = ( BOUNDED_CURVE() B_SPLINE_CURVE(2,(#1521,#1522,#1523,#1524),
.UNSPECIFIED.,.F.,.F.) B_SPLINE_CURVE_WITH_KNOTS((3,1,3),(
-2.999333580064,5.767949192431,6.120947683008),.UNSPECIFIED.) CURVE() 
GEOMETRIC_REPRESENTATION_ITEM() RATIONAL_B_SPLINE_CURVE((1.056651799772,
1.056651799772,1.056651799772,1.056651799772)) REPRESENTATION_ITEM('') 
  );
#1521 = CARTESIAN_POINT('',(-20.81570085238,-15.2327172275,
    6.133381019457));
#1522 = CARTESIAN_POINT('',(-20.81570085238,-19.61635861375,
    6.133381019457));
#1523 = CARTESIAN_POINT('',(-20.81570085238,-24.17649924528,
    6.133381019457));
#1524 = CARTESIAN_POINT('',(-20.81570085238,-24.35299849057,
    6.133381019457));
#1525 = ORIENTED_EDGE('',*,*,#1392,.F.);
#1526 = ORIENTED_EDGE('',*,*,#329,.F.);
#1527 = ORIENTED_EDGE('',*,*,#1412,.T.);
#1528 = ORIENTED_EDGE('',*,*,#1529,.T.);
#1529 = EDGE_CURVE('',#1413,#1530,#1532,.T.);
#1530 = VERTEX_POINT('',#1531);
#1531 = CARTESIAN_POINT('',(-20.7044776267,-4.,6.155047213892));
#1532 = CIRCLE('',#1533,1.5);
#1533 = AXIS2_PLACEMENT_3D('',#1534,#1535,#1536);
#1534 = CARTESIAN_POINT('',(-20.47348615581,-4.,4.672939613083));
#1535 = DIRECTION('',(0.,-1.,-2.22044604925E-16));
#1536 = DIRECTION('',(0.222520933956,-2.164774830908E-16,0.974927912182)
  );
#1537 = ORIENTED_EDGE('',*,*,#1538,.T.);
#1538 = EDGE_CURVE('',#1530,#1539,#1541,.T.);
#1539 = VERTEX_POINT('',#1540);
#1540 = CARTESIAN_POINT('',(-20.81570085238,-4.100501485124,
    6.133381019457));
#1541 = B_SPLINE_CURVE_WITH_KNOTS('',6,(#1542,#1543,#1544,#1545,#1546,
    #1547,#1548),.UNSPECIFIED.,.F.,.F.,(7,7),(0.,1.),
  .PIECEWISE_BEZIER_KNOTS.);
#1542 = CARTESIAN_POINT('',(-20.7044776267,-4.,6.155047213892));
#1543 = CARTESIAN_POINT('',(-20.77973202875,-4.06879225341,6.14331856139
    ));
#1544 = CARTESIAN_POINT('',(-20.85571928003,-4.136975360483,
    6.126778638824));
#1545 = CARTESIAN_POINT('',(-20.93238103357,-4.204431968223,
    6.105100404169));
#1546 = CARTESIAN_POINT('',(-21.00959562012,-4.270962133273,
    6.07783869186));
#1547 = CARTESIAN_POINT('',(-21.08717300907,-4.336286712138,
    6.044452815365));
#1548 = CARTESIAN_POINT('',(-21.16484393536,-4.4,6.0041136891));
#1549 = ORIENTED_EDGE('',*,*,#1550,.T.);
#1550 = EDGE_CURVE('',#1539,#1551,#1553,.T.);
#1551 = VERTEX_POINT('',#1552);
#1552 = CARTESIAN_POINT('',(-20.81570085238,-9.595033644246,
    6.133381019457));
#1553 = ( BOUNDED_CURVE() B_SPLINE_CURVE(2,(#1554,#1555,#1556,#1557),
.UNSPECIFIED.,.F.,.F.) B_SPLINE_CURVE_WITH_KNOTS((3,1,3),(
    -0.352998490577,6.157075717328E-14,8.767282772495),.UNSPECIFIED.) 
CURVE() GEOMETRIC_REPRESENTATION_ITEM() RATIONAL_B_SPLINE_CURVE((
    1.056651799772,1.056651799772,1.056651799772,1.056651799772)) 
REPRESENTATION_ITEM('') );
#1554 = CARTESIAN_POINT('',(-20.81570085238,-3.647001509423,
    6.133381019457));
#1555 = CARTESIAN_POINT('',(-20.81570085238,-3.823500754712,
    6.133381019457));
#1556 = CARTESIAN_POINT('',(-20.81570085238,-8.383641386248,
    6.133381019457));
#1557 = CARTESIAN_POINT('',(-20.81570085238,-12.76728277249,
    6.133381019457));
#1558 = ORIENTED_EDGE('',*,*,#1559,.F.);
#1559 = EDGE_CURVE('',#1560,#1551,#1562,.T.);
#1560 = VERTEX_POINT('',#1561);
#1561 = CARTESIAN_POINT('',(-21.16484393536,-9.767949192431,6.0041136891
    ));
#1562 = B_SPLINE_CURVE_WITH_KNOTS('',5,(#1563,#1564,#1565,#1566,#1567,
    #1568),.UNSPECIFIED.,.F.,.F.,(6,6),(0.,1.),
  .PIECEWISE_BEZIER_KNOTS.);
#1563 = CARTESIAN_POINT('',(-21.16484393536,-9.767949192431,6.0041136891
    ));
#1564 = CARTESIAN_POINT('',(-21.09562647429,-9.735167862391,
    6.040062428677));
#1565 = CARTESIAN_POINT('',(-21.02578519092,-9.701284861084,
    6.070623150379));
#1566 = CARTESIAN_POINT('',(-20.95568786687,-9.66652913878,
    6.096167644502));
#1567 = CARTESIAN_POINT('',(-20.88559977268,-9.631071625064,
    6.117002109836));
#1568 = CARTESIAN_POINT('',(-20.81570085238,-9.595033644246,
    6.133381019457));
#1569 = ORIENTED_EDGE('',*,*,#1570,.T.);
#1570 = EDGE_CURVE('',#1560,#1571,#1573,.T.);
#1571 = VERTEX_POINT('',#1572);
#1572 = CARTESIAN_POINT('',(-21.67395277729,-9.767949192431,
    3.77356211129));
#1573 = B_SPLINE_CURVE_WITH_KNOTS('',7,(#1574,#1575,#1576,#1577,#1578,
    #1579,#1580,#1581,#1582,#1583,#1584,#1585,#1586,#1587,#1588,#1589,
    #1590,#1591,#1592,#1593,#1594,#1595,#1596,#1597,#1598,#1599,#1600,
    #1601,#1602,#1603,#1604,#1605,#1606,#1607,#1608,#1609,#1610,#1611,
    #1612,#1613,#1614,#1615,#1616,#1617,#1618,#1619,#1620,#1621,#1622,
    #1623),.UNSPECIFIED.,.F.,.F.,(8,6,6,6,6,6,6,6,8),(0.,0.2917736759,
    0.37258094973,0.414439938035,0.499890492637,0.585334514129,
    0.628368186823,0.709247356437,1.),.UNSPECIFIED.);
#1574 = CARTESIAN_POINT('',(-20.81570085238,-9.595033644246,
    6.133381019457));
#1575 = CARTESIAN_POINT('',(-20.92766819961,-9.652760960978,
    6.107144518911));
#1576 = CARTESIAN_POINT('',(-21.0398730515,-9.70898702927,6.070288270055
    ));
#1577 = CARTESIAN_POINT('',(-21.152054618,-9.763496744191,6.021990948961
    ));
#1578 = CARTESIAN_POINT('',(-21.26340246919,-9.815743946013,
    5.961130256803));
#1579 = CARTESIAN_POINT('',(-21.37248782061,-9.864851912397,
    5.886450021405));
#1580 = CARTESIAN_POINT('',(-21.47729305358,-9.909673521406,
    5.796823810877));
#1581 = CARTESIAN_POINT('',(-21.60212494861,-9.95947258478,
    5.661759913924));
#1582 = CARTESIAN_POINT('',(-21.6286367969,-9.969817899551,
    5.631251613692));
#1583 = CARTESIAN_POINT('',(-21.65451857889,-9.979672313007,
    5.599518024962));
#1584 = CARTESIAN_POINT('',(-21.67969374848,-9.988996735091,
    5.566556959489));
#1585 = CARTESIAN_POINT('',(-21.70407882977,-9.997749815551,
    5.532377214844));
#1586 = CARTESIAN_POINT('',(-21.72758530275,-10.00588923486,
    5.497001407152));
#1587 = CARTESIAN_POINT('',(-21.76179546217,-10.01724965898,
    5.441544544378));
#1588 = CARTESIAN_POINT('',(-21.77320903342,-10.02095039667,
    5.422310156521));
#1589 = CARTESIAN_POINT('',(-21.78434917186,-10.02446924141,
    5.402771262356));
#1590 = CARTESIAN_POINT('',(-21.79520288993,-10.0278004127,5.38293490762
    ));
#1591 = CARTESIAN_POINT('',(-21.80575724331,-10.03093831633,
    5.362809561689));
#1592 = CARTESIAN_POINT('',(-21.81599933093,-10.03387754444,
    5.342405117582));
#1593 = CARTESIAN_POINT('',(-21.84616069434,-10.04219675517,
    5.279532800263));
#1594 = CARTESIAN_POINT('',(-21.86505346891,-10.04693191429,
    5.236210744913));
#1595 = CARTESIAN_POINT('',(-21.88248193581,-10.05077335945,
    5.191872838849));
#1596 = CARTESIAN_POINT('',(-21.89834449548,-10.05368391551,
    5.146643827409));
#1597 = CARTESIAN_POINT('',(-21.91255502403,-10.05563653607,5.1006678734
    ));
#1598 = CARTESIAN_POINT('',(-21.92504726564,-10.05661661395,
    5.054109342166));
#1599 = CARTESIAN_POINT('',(-21.94651036363,-10.05663196878,
    4.960201421142));
#1600 = CARTESIAN_POINT('',(-21.95548399309,-10.05566739639,
    4.912841138318));
#1601 = CARTESIAN_POINT('',(-21.96265725104,-10.05373028102,
    4.865257870954));
#1602 = CARTESIAN_POINT('',(-21.96801822821,-10.05083508343,
    4.817628455584));
#1603 = CARTESIAN_POINT('',(-21.9715816915,-10.04700871811,
    4.770120227372));
#1604 = CARTESIAN_POINT('',(-21.97338480724,-10.0422882528,
    4.722889814974));
#1605 = CARTESIAN_POINT('',(-21.97353225067,-10.03391346997,
    4.65250726121));
#1606 = CARTESIAN_POINT('',(-21.97314904423,-10.03089267755,
    4.629038029164));
#1607 = CARTESIAN_POINT('',(-21.97234048832,-10.02766190284,
    4.605691406287));
#1608 = CARTESIAN_POINT('',(-21.97111455452,-10.02422702363,
    4.582483149286));
#1609 = CARTESIAN_POINT('',(-21.96947994273,-10.02059412341,
    4.559427604569));
#1610 = CARTESIAN_POINT('',(-21.96744608125,-10.01676949135,
    4.536537708236));
#1611 = CARTESIAN_POINT('',(-21.96046933099,-10.00522331737,
    4.471137806666));
#1612 = CARTESIAN_POINT('',(-21.95454080155,-9.997032650177,
    4.429077456535));
#1613 = CARTESIAN_POINT('',(-21.94730351157,-9.988229751075,
    4.387718442391));
#1614 = CARTESIAN_POINT('',(-21.93882767863,-9.978857009014,
    4.347118941231));
#1615 = CARTESIAN_POINT('',(-21.92918485864,-9.968955791926,
    4.307322537983));
#1616 = CARTESIAN_POINT('',(-21.91844503981,-9.958565167175,
    4.268359963141));
#1617 = CARTESIAN_POINT('',(-21.86435706165,-9.908735550855,
    4.093252254079));
#1618 = CARTESIAN_POINT('',(-21.8088319904,-9.863995797067,
    3.967671494858));
#1619 = CARTESIAN_POINT('',(-21.74307129711,-9.815016213236,
    3.853616716769));
#1620 = CARTESIAN_POINT('',(-21.66935051632,-9.762927904433,
    3.75094456249));
#1621 = CARTESIAN_POINT('',(-21.58947762467,-9.708595652471,
    3.659147893493));
#1622 = CARTESIAN_POINT('',(-21.50465566779,-9.652559352193,
    3.577575625837));
#1623 = CARTESIAN_POINT('',(-21.41547272172,-9.595033644246,
    3.505608764672));
#1624 = ORIENTED_EDGE('',*,*,#1625,.T.);
#1625 = EDGE_CURVE('',#1571,#1626,#1628,.T.);
#1626 = VERTEX_POINT('',#1627);
#1627 = CARTESIAN_POINT('',(-21.41547272172,-9.595033644246,
    3.505608764672));
#1628 = B_SPLINE_CURVE_WITH_KNOTS('',5,(#1629,#1630,#1631,#1632,#1633,
    #1634),.UNSPECIFIED.,.F.,.F.,(6,6),(0.,1.),
  .PIECEWISE_BEZIER_KNOTS.);
#1629 = CARTESIAN_POINT('',(-21.67395277729,-9.767949192431,
    3.77356211129));
#1630 = CARTESIAN_POINT('',(-21.62718717183,-9.735167580976,
    3.711140549409));
#1631 = CARTESIAN_POINT('',(-21.5775220235,-9.70128451468,3.653303336429
    ));
#1632 = CARTESIAN_POINT('',(-21.52545058276,-9.666529280453,
    3.599875254517));
#1633 = CARTESIAN_POINT('',(-21.47134395889,-9.631072288562,
    3.550694487293));
#1634 = CARTESIAN_POINT('',(-21.41547272172,-9.595033644246,
    3.505608764672));
#1635 = ORIENTED_EDGE('',*,*,#1636,.F.);
#1636 = EDGE_CURVE('',#1637,#1626,#1639,.T.);
#1637 = VERTEX_POINT('',#1638);
#1638 = CARTESIAN_POINT('',(-21.41547272172,-4.100501485124,
    3.505608764672));
#1639 = ( BOUNDED_CURVE() B_SPLINE_CURVE(2,(#1640,#1641,#1642,#1643),
.UNSPECIFIED.,.F.,.F.) B_SPLINE_CURVE_WITH_KNOTS((3,1,3),(
    -0.352998490577,6.168843056153E-14,8.767282772495),.UNSPECIFIED.) 
CURVE() GEOMETRIC_REPRESENTATION_ITEM() RATIONAL_B_SPLINE_CURVE((
    1.056651799772,1.056651799772,1.056651799772,1.056651799772)) 
REPRESENTATION_ITEM('') );
#1640 = CARTESIAN_POINT('',(-21.41547272172,-3.647001509423,
    3.505608764672));
#1641 = CARTESIAN_POINT('',(-21.41547272172,-3.823500754712,
    3.505608764672));
#1642 = CARTESIAN_POINT('',(-21.41547272172,-8.383641386248,
    3.505608764672));
#1643 = CARTESIAN_POINT('',(-21.41547272172,-12.76728277249,
    3.505608764672));
#1644 = ORIENTED_EDGE('',*,*,#1645,.T.);
#1645 = EDGE_CURVE('',#1637,#1646,#1648,.T.);
#1646 = VERTEX_POINT('',#1647);
#1647 = CARTESIAN_POINT('',(-21.32466466745,-4.,3.437830248965));
#1648 = B_SPLINE_CURVE_WITH_KNOTS('',6,(#1649,#1650,#1651,#1652,#1653,
    #1654,#1655),.UNSPECIFIED.,.F.,.F.,(7,7),(0.,1.),
  .PIECEWISE_BEZIER_KNOTS.);
#1649 = CARTESIAN_POINT('',(-21.67395277729,-4.4,3.77356211129));
#1650 = CARTESIAN_POINT('',(-21.62147610659,-4.336286620949,
    3.703517562199));
#1651 = CARTESIAN_POINT('',(-21.56606679929,-4.270961945766,
    3.639778276484));
#1652 = CARTESIAN_POINT('',(-21.50832718389,-4.204431680731,
    3.581714100841));
#1653 = CARTESIAN_POINT('',(-21.44866306856,-4.136974970364,
    3.528920343597));
#1654 = CARTESIAN_POINT('',(-21.38737722477,-4.06879175888,
    3.481048713793));
#1655 = CARTESIAN_POINT('',(-21.32466412047,-3.9999994,3.437829872014));
#1656 = ORIENTED_EDGE('',*,*,#1657,.T.);
#1657 = EDGE_CURVE('',#1646,#1413,#1658,.T.);
#1658 = CIRCLE('',#1659,1.5);
#1659 = AXIS2_PLACEMENT_3D('',#1660,#1661,#1662);
#1660 = CARTESIAN_POINT('',(-20.47348615581,-4.,4.672939613083));
#1661 = DIRECTION('',(0.,-1.,-2.22044604925E-16));
#1662 = DIRECTION('',(0.222520933956,-2.164774830908E-16,0.974927912182)
  );
#1663 = CYLINDRICAL_SURFACE('',#1664,1.5);
#1664 = AXIS2_PLACEMENT_3D('',#1665,#1666,#1667);
#1665 = CARTESIAN_POINT('',(-20.47348615581,-24.,4.672939613083));
#1666 = DIRECTION('',(-4.930380657631E-32,-1.,-2.22044604925E-16));
#1667 = DIRECTION('',(0.222520933956,-2.164774830908E-16,0.974927912182)
  );
#1668 = ADVANCED_FACE('',(#1669),#1737,.T.);
#1669 = FACE_BOUND('',#1670,.T.);
#1670 = EDGE_LOOP('',(#1671,#1693,#1702,#1725,#1735,#1736));
#1671 = ORIENTED_EDGE('',*,*,#1672,.F.);
#1672 = EDGE_CURVE('',#1673,#1422,#1675,.T.);
#1673 = VERTEX_POINT('',#1674);
#1674 = CARTESIAN_POINT('',(-21.73869543446,-23.6,3.380698272207));
#1675 = B_SPLINE_CURVE_WITH_KNOTS('',6,(#1676,#1677,#1678,#1679,#1680,
    #1681,#1682,#1683,#1684,#1685,#1686,#1687,#1688,#1689,#1690,#1691,
    #1692),.UNSPECIFIED.,.F.,.F.,(7,5,5,7),(0.,0.316956850861,
    0.754284106079,1.),.UNSPECIFIED.);
#1676 = CARTESIAN_POINT('',(-21.73869543465,-23.6,3.380698270943));
#1677 = CARTESIAN_POINT('',(-21.73528410214,-23.6,3.402633951816));
#1678 = CARTESIAN_POINT('',(-21.72895116429,-23.60292968256,
    3.424116599602));
#1679 = CARTESIAN_POINT('',(-21.71977111472,-23.60879107585,
    3.44465261527));
#1680 = CARTESIAN_POINT('',(-21.70793606471,-23.61747112047,
    3.463771008986));
#1681 = CARTESIAN_POINT('',(-21.69373503659,-23.62875558664,
    3.481055553976));
#1682 = CARTESIAN_POINT('',(-21.65517854319,-23.66109047172,
    3.517040961481));
#1683 = CARTESIAN_POINT('',(-21.62901432139,-23.68422275632,
    3.533786483652));
#1684 = CARTESIAN_POINT('',(-21.59999369892,-23.71095374068,
    3.545546608705));
#1685 = CARTESIAN_POINT('',(-21.56933079751,-23.74019722754,
    3.551756629873));
#1686 = CARTESIAN_POINT('',(-21.53833752503,-23.77069595712,
    3.552257262015));
#1687 = CARTESIAN_POINT('',(-21.49135840683,-23.81832034119,
    3.544443903974));
#1688 = CARTESIAN_POINT('',(-21.47474721623,-23.83545018305,
    3.539895984237));
#1689 = CARTESIAN_POINT('',(-21.45864606094,-23.85235355992,
    3.53364740177));
#1690 = CARTESIAN_POINT('',(-21.44327004415,-23.86880501025,
    3.52577225215));
#1691 = CARTESIAN_POINT('',(-21.42881975025,-23.88458687614,
    3.516379251535));
#1692 = CARTESIAN_POINT('',(-21.41547272172,-23.89949851487,
    3.505608764672));
#1693 = ORIENTED_EDGE('',*,*,#1694,.T.);
#1694 = EDGE_CURVE('',#1673,#1695,#1697,.T.);
#1695 = VERTEX_POINT('',#1696);
#1696 = CARTESIAN_POINT('',(-21.73869543446,-23.6,-3.380698272207));
#1697 = CIRCLE('',#1698,22.);
#1698 = AXIS2_PLACEMENT_3D('',#1699,#1700,#1701);
#1699 = CARTESIAN_POINT('',(1.33226762955E-16,-23.6,-1.33226762955E-16)
  );
#1700 = DIRECTION('',(-3.330669073875E-16,-1.,3.330669073875E-16));
#1701 = DIRECTION('',(-3.3104832007E-16,3.330669073875E-16,1.));
#1702 = ORIENTED_EDGE('',*,*,#1703,.T.);
#1703 = EDGE_CURVE('',#1695,#1704,#1706,.T.);
#1704 = VERTEX_POINT('',#1705);
#1705 = CARTESIAN_POINT('',(-21.41547272172,-23.89949851487,
    -3.505608764672));
#1706 = B_SPLINE_CURVE_WITH_KNOTS('',5,(#1707,#1708,#1709,#1710,#1711,
    #1712,#1713,#1714,#1715,#1716,#1717,#1718,#1719,#1720,#1721,#1722,
    #1723,#1724),.UNSPECIFIED.,.F.,.F.,(6,4,4,4,6),(0.,0.155230864742,
    0.460905226383,0.754281618453,1.),.UNSPECIFIED.);
#1707 = CARTESIAN_POINT('',(-21.73869544028,-23.6,-3.380698234768));
#1708 = CARTESIAN_POINT('',(-21.73669058734,-23.60000000001,
    -3.393589916893));
#1709 = CARTESIAN_POINT('',(-21.73363435995,-23.60105423036,
    -3.406318773328));
#1710 = CARTESIAN_POINT('',(-21.72954508312,-23.6031625691,
    -3.418767903227));
#1711 = CARTESIAN_POINT('',(-21.72445949879,-23.60630634111,
    -3.430826891441));
#1712 = CARTESIAN_POINT('',(-21.70656516642,-23.61860453225,
    -3.465164977077));
#1713 = CARTESIAN_POINT('',(-21.6910477948,-23.63063147703,
    -3.486024050794));
#1714 = CARTESIAN_POINT('',(-21.67229635785,-23.64624901144,
    -3.504181190196));
#1715 = CARTESIAN_POINT('',(-21.6509881163,-23.6649034944,
    -3.519003868111));
#1716 = CARTESIAN_POINT('',(-21.60577105654,-23.70601885913,
    -3.540800213637));
#1717 = CARTESIAN_POINT('',(-21.58200115162,-23.72829657454,
    -3.54806557228));
#1718 = CARTESIAN_POINT('',(-21.55730455613,-23.75208957318,
    -3.551594309395));
#1719 = CARTESIAN_POINT('',(-21.5324732917,-23.77664075609,
    -3.551281829315));
#1720 = CARTESIAN_POINT('',(-21.48797912308,-23.82174602366,
    -3.5438819766));
#1721 = CARTESIAN_POINT('',(-21.46813216545,-23.84230132596,
    -3.537903338344));
#1722 = CARTESIAN_POINT('',(-21.44916081839,-23.86240487895,
    -3.52939190665));
#1723 = CARTESIAN_POINT('',(-21.4314893056,-23.8816043812,
    -3.518533469664));
#1724 = CARTESIAN_POINT('',(-21.41547272172,-23.89949851487,
    -3.505608764672));
#1725 = ORIENTED_EDGE('',*,*,#1726,.F.);
#1726 = EDGE_CURVE('',#303,#1704,#1727,.T.);
#1727 = B_SPLINE_CURVE_WITH_KNOTS('',6,(#1728,#1729,#1730,#1731,#1732,
    #1733,#1734),.UNSPECIFIED.,.F.,.F.,(7,7),(0.,1.),
  .PIECEWISE_BEZIER_KNOTS.);
#1728 = CARTESIAN_POINT('',(-21.32466466745,-24.,-3.437830248965));
#1729 = CARTESIAN_POINT('',(-21.38737766927,-23.93120774659,
    -3.481049061078));
#1730 = CARTESIAN_POINT('',(-21.44866341358,-23.86302463951,
    -3.528920649097));
#1731 = CARTESIAN_POINT('',(-21.50832743336,-23.79556803177,
    -3.581714351905));
#1732 = CARTESIAN_POINT('',(-21.56606695833,-23.72903786672,
    -3.639778459509));
#1733 = CARTESIAN_POINT('',(-21.6214761817,-23.66371328786,
    -3.703517662449));
#1734 = CARTESIAN_POINT('',(-21.67395277729,-23.6,-3.77356211129));
#1735 = ORIENTED_EDGE('',*,*,#311,.F.);
#1736 = ORIENTED_EDGE('',*,*,#1421,.F.);
#1737 = CONICAL_SURFACE('',#1738,22.,0.785398163397);
#1738 = AXIS2_PLACEMENT_3D('',#1739,#1740,#1741);
#1739 = CARTESIAN_POINT('',(1.33226762955E-16,-23.6,-1.33226762955E-16)
  );
#1740 = DIRECTION('',(3.330669073875E-16,1.,-3.330669073875E-16));
#1741 = DIRECTION('',(-3.3104832007E-16,3.330669073875E-16,1.));
#1742 = ADVANCED_FACE('',(#1743),#1997,.F.);
#1743 = FACE_BOUND('',#1744,.F.);
#1744 = EDGE_LOOP('',(#1745,#1753,#1754,#1766,#1775,#1786,#1841,#1852,
    #1859,#1860,#1861,#1862,#1871,#1883,#1892,#1903,#1958,#1969,#1978,
    #1990));
#1745 = ORIENTED_EDGE('',*,*,#1746,.F.);
#1746 = EDGE_CURVE('',#294,#1747,#1749,.T.);
#1747 = VERTEX_POINT('',#1748);
#1748 = CARTESIAN_POINT('',(-20.80726755675,-4.,-3.21054774481));
#1749 = LINE('',#1750,#1751);
#1750 = CARTESIAN_POINT('',(-20.80726755675,-24.,-3.21054774481));
#1751 = VECTOR('',#1752,1.);
#1752 = DIRECTION('',(0.,1.,2.22044604925E-16));
#1753 = ORIENTED_EDGE('',*,*,#293,.F.);
#1754 = ORIENTED_EDGE('',*,*,#1755,.F.);
#1755 = EDGE_CURVE('',#1756,#285,#1758,.T.);
#1756 = VERTEX_POINT('',#1757);
#1757 = CARTESIAN_POINT('',(-20.81570085238,-23.89949851487,
    -6.133381019457));
#1758 = B_SPLINE_CURVE_WITH_KNOTS('',6,(#1759,#1760,#1761,#1762,#1763,
    #1764,#1765),.UNSPECIFIED.,.F.,.F.,(7,7),(0.,1.),
  .PIECEWISE_BEZIER_KNOTS.);
#1759 = CARTESIAN_POINT('',(-21.16484393536,-23.6,-6.0041136891));
#1760 = CARTESIAN_POINT('',(-21.08717289791,-23.66371337905,
    -6.044452873099));
#1761 = CARTESIAN_POINT('',(-21.00959539743,-23.72903805423,
    -6.077838787759));
#1762 = CARTESIAN_POINT('',(-20.93238069986,-23.79556831926,
    -6.105100522126));
#1763 = CARTESIAN_POINT('',(-20.85571883662,-23.86302502963,
    -6.126778764371));
#1764 = CARTESIAN_POINT('',(-20.7797314776,-23.93120824112,
    -6.143318681426));
#1765 = CARTESIAN_POINT('',(-20.70447697034,-24.0000006,-6.155047316188)
  );
#1766 = ORIENTED_EDGE('',*,*,#1767,.F.);
#1767 = EDGE_CURVE('',#1768,#1756,#1770,.T.);
#1768 = VERTEX_POINT('',#1769);
#1769 = CARTESIAN_POINT('',(-20.81570085238,-18.40496635575,
    -6.133381019457));
#1770 = ( BOUNDED_CURVE() B_SPLINE_CURVE(2,(#1771,#1772,#1773,#1774),
.UNSPECIFIED.,.F.,.F.) B_SPLINE_CURVE_WITH_KNOTS((3,1,3),(
-2.999333580064,5.767949192431,6.120947683008),.UNSPECIFIED.) CURVE() 
GEOMETRIC_REPRESENTATION_ITEM() RATIONAL_B_SPLINE_CURVE((1.056651799772,
1.056651799772,1.056651799772,1.056651799772)) REPRESENTATION_ITEM('') 
  );
#1771 = CARTESIAN_POINT('',(-20.81570085238,-15.2327172275,
    -6.133381019457));
#1772 = CARTESIAN_POINT('',(-20.81570085238,-19.61635861375,
    -6.133381019457));
#1773 = CARTESIAN_POINT('',(-20.81570085238,-24.17649924528,
    -6.133381019457));
#1774 = CARTESIAN_POINT('',(-20.81570085238,-24.35299849057,
    -6.133381019457));
#1775 = ORIENTED_EDGE('',*,*,#1776,.F.);
#1776 = EDGE_CURVE('',#1777,#1768,#1779,.T.);
#1777 = VERTEX_POINT('',#1778);
#1778 = CARTESIAN_POINT('',(-21.16484393536,-18.23205080756,
    -6.0041136891));
#1779 = B_SPLINE_CURVE_WITH_KNOTS('',5,(#1780,#1781,#1782,#1783,#1784,
    #1785),.UNSPECIFIED.,.F.,.F.,(6,6),(0.,1.),
  .PIECEWISE_BEZIER_KNOTS.);
#1780 = CARTESIAN_POINT('',(-21.16484393536,-18.23205080756,
    -6.0041136891));
#1781 = CARTESIAN_POINT('',(-21.09562647429,-18.2648321376,
    -6.040062428677));
#1782 = CARTESIAN_POINT('',(-21.02578519092,-18.29871513891,
    -6.070623150379));
#1783 = CARTESIAN_POINT('',(-20.95568786687,-18.33347086122,
    -6.096167644502));
#1784 = CARTESIAN_POINT('',(-20.88559977268,-18.36892837493,
    -6.117002109836));
#1785 = CARTESIAN_POINT('',(-20.81570085238,-18.40496635575,
    -6.133381019457));
#1786 = ORIENTED_EDGE('',*,*,#1787,.F.);
#1787 = EDGE_CURVE('',#1788,#1777,#1790,.T.);
#1788 = VERTEX_POINT('',#1789);
#1789 = CARTESIAN_POINT('',(-21.67395277729,-18.23205080756,
    -3.77356211129));
#1790 = B_SPLINE_CURVE_WITH_KNOTS('',7,(#1791,#1792,#1793,#1794,#1795,
    #1796,#1797,#1798,#1799,#1800,#1801,#1802,#1803,#1804,#1805,#1806,
    #1807,#1808,#1809,#1810,#1811,#1812,#1813,#1814,#1815,#1816,#1817,
    #1818,#1819,#1820,#1821,#1822,#1823,#1824,#1825,#1826,#1827,#1828,
    #1829,#1830,#1831,#1832,#1833,#1834,#1835,#1836,#1837,#1838,#1839,
    #1840),.UNSPECIFIED.,.F.,.F.,(8,6,6,6,6,6,6,6,8),(0.,0.2917736759,
    0.37258094973,0.414439938036,0.499890492638,0.585334514129,
    0.628368186824,0.709247356438,1.),.UNSPECIFIED.);
#1791 = CARTESIAN_POINT('',(-21.41547272172,-18.40496635575,
    -3.505608764672));
#1792 = CARTESIAN_POINT('',(-21.50496822483,-18.34723903902,
    -3.577827846139));
#1793 = CARTESIAN_POINT('',(-21.59006997615,-18.29101297073,
    -3.659718039631));
#1794 = CARTESIAN_POINT('',(-21.67018665286,-18.2365032558,
    -3.751906179876));
#1795 = CARTESIAN_POINT('',(-21.74410113561,-18.18425605398,
    -3.855051790805));
#1796 = CARTESIAN_POINT('',(-21.80998110141,-18.1351480876,
    -3.969666718104));
#1797 = CARTESIAN_POINT('',(-21.86551999816,-18.09032647859,
    -4.095890429896));
#1798 = CARTESIAN_POINT('',(-21.91938762068,-18.04052741522,
    -4.271741325606));
#1799 = CARTESIAN_POINT('',(-21.93003691523,-18.03018210044,
    -4.310731414193));
#1800 = CARTESIAN_POINT('',(-21.93958690692,-18.02032768699,
    -4.350552074054));
#1801 = CARTESIAN_POINT('',(-21.94796768063,-18.0110032649,
    -4.39117206461));
#1802 = CARTESIAN_POINT('',(-21.9551078443,-18.00225018444,
    -4.432547240697));
#1803 = CARTESIAN_POINT('',(-21.96093745694,-17.99411076513,
    -4.474618818495));
#1804 = CARTESIAN_POINT('',(-21.96769791456,-17.98275034101,
    -4.53942695725));
#1805 = CARTESIAN_POINT('',(-21.96963569881,-17.97904960332,
    -4.561708704872));
#1806 = CARTESIAN_POINT('',(-21.97119500827,-17.97553075858,
    -4.584146165149));
#1807 = CARTESIAN_POINT('',(-21.97236719859,-17.9721995873,-4.606727355)
  );
#1808 = CARTESIAN_POINT('',(-21.97314428206,-17.96906168366,
    -4.629439027449));
#1809 = CARTESIAN_POINT('',(-21.97351892765,-17.96612245555,
    -4.65226667163));
#1810 = CARTESIAN_POINT('',(-21.97341410096,-17.95780324482,
    -4.721999197317));
#1811 = CARTESIAN_POINT('',(-21.97163916732,-17.9530680857,
    -4.769228288153));
#1812 = CARTESIAN_POINT('',(-21.96810417694,-17.94922664054,
    -4.816737289571));
#1813 = CARTESIAN_POINT('',(-21.96277171677,-17.94631608448,
    -4.864369727507));
#1814 = CARTESIAN_POINT('',(-21.95562674176,-17.94436346392,
    -4.911958348005));
#1815 = CARTESIAN_POINT('',(-21.94668087292,-17.94338338604,
    -4.95932631568));
#1816 = CARTESIAN_POINT('',(-21.92527333611,-17.94336803121,
    -5.053246918182));
#1817 = CARTESIAN_POINT('',(-21.91280944029,-17.9443326036,
    -5.099810570485));
#1818 = CARTESIAN_POINT('',(-21.89862671642,-17.94626971897,
    -5.145793972996));
#1819 = CARTESIAN_POINT('',(-21.88279116112,-17.94916491656,
    -5.19103263426));
#1820 = CARTESIAN_POINT('',(-21.86538868291,-17.95299128188,
    -5.235382197623));
#1821 = CARTESIAN_POINT('',(-21.84652072612,-17.95771174719,
    -5.278717671409));
#1822 = CARTESIAN_POINT('',(-21.81611572247,-17.96608653002,
    -5.342194134504));
#1823 = CARTESIAN_POINT('',(-21.80558754724,-17.96910732244,
    -5.363172914888));
#1824 = CARTESIAN_POINT('',(-21.79472934351,-17.97233809715,
    -5.38385667601));
#1825 = CARTESIAN_POINT('',(-21.78355512999,-17.97577297636,
    -5.404234680301));
#1826 = CARTESIAN_POINT('',(-21.77207896972,-17.97940587658,
    -5.424297776852));
#1827 = CARTESIAN_POINT('',(-21.76031497003,-17.98323050864,
    -5.444038401413));
#1828 = CARTESIAN_POINT('',(-21.72565318142,-17.99477668262,
    -5.499934578203));
#1829 = CARTESIAN_POINT('',(-21.70206245898,-18.00296734982,
    -5.535257351723));
#1830 = CARTESIAN_POINT('',(-21.67759688231,-18.01177024892,
    -5.569380393436));
#1831 = CARTESIAN_POINT('',(-21.65234495733,-18.02114299098,
    -5.602281753944));
#1832 = CARTESIAN_POINT('',(-21.62639006448,-18.03104420807,
    -5.633953211531));
#1833 = CARTESIAN_POINT('',(-21.5998085944,-18.04143483282,
    -5.664397445725));
#1834 = CARTESIAN_POINT('',(-21.4751006224,-18.09126444914,
    -5.798696145916));
#1835 = CARTESIAN_POINT('',(-21.37058681244,-18.13600420293,
    -5.887749074854));
#1836 = CARTESIAN_POINT('',(-21.26185196148,-18.18498378676,
    -5.961976383655));
#1837 = CARTESIAN_POINT('',(-21.15088405487,-18.23707209556,
    -6.022494550242));
#1838 = CARTESIAN_POINT('',(-21.03909198412,-18.29140434752,
    -6.070544942302));
#1839 = CARTESIAN_POINT('',(-20.92727716115,-18.3474406478,
    -6.107236148131));
#1840 = CARTESIAN_POINT('',(-20.81570085238,-18.40496635575,
    -6.133381019457));
#1841 = ORIENTED_EDGE('',*,*,#1842,.T.);
#1842 = EDGE_CURVE('',#1788,#1843,#1845,.T.);
#1843 = VERTEX_POINT('',#1844);
#1844 = CARTESIAN_POINT('',(-21.41547272172,-18.40496635575,
    -3.505608764672));
#1845 = B_SPLINE_CURVE_WITH_KNOTS('',5,(#1846,#1847,#1848,#1849,#1850,
    #1851),.UNSPECIFIED.,.F.,.F.,(6,6),(0.,1.),
  .PIECEWISE_BEZIER_KNOTS.);
#1846 = CARTESIAN_POINT('',(-21.67395277729,-18.23205080756,
    -3.77356211129));
#1847 = CARTESIAN_POINT('',(-21.62718717183,-18.26483241902,
    -3.711140549409));
#1848 = CARTESIAN_POINT('',(-21.5775220235,-18.29871548532,
    -3.653303336429));
#1849 = CARTESIAN_POINT('',(-21.52545058276,-18.33347071954,
    -3.599875254517));
#1850 = CARTESIAN_POINT('',(-21.47134395889,-18.36892771143,
    -3.550694487293));
#1851 = CARTESIAN_POINT('',(-21.41547272172,-18.40496635575,
    -3.505608764672));
#1852 = ORIENTED_EDGE('',*,*,#1853,.T.);
#1853 = EDGE_CURVE('',#1843,#1704,#1854,.T.);
#1854 = ( BOUNDED_CURVE() B_SPLINE_CURVE(2,(#1855,#1856,#1857,#1858),
.UNSPECIFIED.,.F.,.F.) B_SPLINE_CURVE_WITH_KNOTS((3,1,3),(
-2.999333580064,5.767949192431,6.120947683008),.UNSPECIFIED.) CURVE() 
GEOMETRIC_REPRESENTATION_ITEM() RATIONAL_B_SPLINE_CURVE((1.056651799772,
1.056651799772,1.056651799772,1.056651799772)) REPRESENTATION_ITEM('') 
  );
#1855 = CARTESIAN_POINT('',(-21.41547272172,-15.2327172275,
    -3.505608764672));
#1856 = CARTESIAN_POINT('',(-21.41547272172,-19.61635861375,
    -3.505608764672));
#1857 = CARTESIAN_POINT('',(-21.41547272172,-24.17649924528,
    -3.505608764672));
#1858 = CARTESIAN_POINT('',(-21.41547272172,-24.35299849057,
    -3.505608764672));
#1859 = ORIENTED_EDGE('',*,*,#1726,.F.);
#1860 = ORIENTED_EDGE('',*,*,#302,.F.);
#1861 = ORIENTED_EDGE('',*,*,#1746,.T.);
#1862 = ORIENTED_EDGE('',*,*,#1863,.T.);
#1863 = EDGE_CURVE('',#1747,#1864,#1866,.T.);
#1864 = VERTEX_POINT('',#1865);
#1865 = CARTESIAN_POINT('',(-21.32466466745,-4.,-3.437830248965));
#1866 = CIRCLE('',#1867,1.5);
#1867 = AXIS2_PLACEMENT_3D('',#1868,#1869,#1870);
#1868 = CARTESIAN_POINT('',(-20.47348615581,-4.,-4.672939613083));
#1869 = DIRECTION('',(0.,-1.,-2.22044604925E-16));
#1870 = DIRECTION('',(-0.222520933956,-2.164774830908E-16,0.974927912182
    ));
#1871 = ORIENTED_EDGE('',*,*,#1872,.T.);
#1872 = EDGE_CURVE('',#1864,#1873,#1875,.T.);
#1873 = VERTEX_POINT('',#1874);
#1874 = CARTESIAN_POINT('',(-21.41547272172,-4.100501485124,
    -3.505608764672));
#1875 = B_SPLINE_CURVE_WITH_KNOTS('',6,(#1876,#1877,#1878,#1879,#1880,
    #1881,#1882),.UNSPECIFIED.,.F.,.F.,(7,7),(0.,1.),
  .PIECEWISE_BEZIER_KNOTS.);
#1876 = CARTESIAN_POINT('',(-21.32466466745,-4.,-3.437830248965));
#1877 = CARTESIAN_POINT('',(-21.38737766927,-4.06879225341,
    -3.481049061078));
#1878 = CARTESIAN_POINT('',(-21.44866341358,-4.136975360483,
    -3.528920649097));
#1879 = CARTESIAN_POINT('',(-21.50832743336,-4.204431968223,
    -3.581714351905));
#1880 = CARTESIAN_POINT('',(-21.56606695833,-4.270962133273,
    -3.639778459509));
#1881 = CARTESIAN_POINT('',(-21.6214761817,-4.336286712138,
    -3.703517662449));
#1882 = CARTESIAN_POINT('',(-21.67395277729,-4.4,-3.77356211129));
#1883 = ORIENTED_EDGE('',*,*,#1884,.T.);
#1884 = EDGE_CURVE('',#1873,#1885,#1887,.T.);
#1885 = VERTEX_POINT('',#1886);
#1886 = CARTESIAN_POINT('',(-21.41547272172,-9.595033644246,
    -3.505608764672));
#1887 = ( BOUNDED_CURVE() B_SPLINE_CURVE(2,(#1888,#1889,#1890,#1891),
.UNSPECIFIED.,.F.,.F.) B_SPLINE_CURVE_WITH_KNOTS((3,1,3),(
    -0.352998490577,6.157075717328E-14,8.767282772495),.UNSPECIFIED.) 
CURVE() GEOMETRIC_REPRESENTATION_ITEM() RATIONAL_B_SPLINE_CURVE((
    1.056651799772,1.056651799772,1.056651799772,1.056651799772)) 
REPRESENTATION_ITEM('') );
#1888 = CARTESIAN_POINT('',(-21.41547272172,-3.647001509423,
    -3.505608764672));
#1889 = CARTESIAN_POINT('',(-21.41547272172,-3.823500754712,
    -3.505608764672));
#1890 = CARTESIAN_POINT('',(-21.41547272172,-8.383641386248,
    -3.505608764672));
#1891 = CARTESIAN_POINT('',(-21.41547272172,-12.76728277249,
    -3.505608764672));
#1892 = ORIENTED_EDGE('',*,*,#1893,.F.);
#1893 = EDGE_CURVE('',#1894,#1885,#1896,.T.);
#1894 = VERTEX_POINT('',#1895);
#1895 = CARTESIAN_POINT('',(-21.67395277729,-9.767949192431,
    -3.77356211129));
#1896 = B_SPLINE_CURVE_WITH_KNOTS('',5,(#1897,#1898,#1899,#1900,#1901,
    #1902),.UNSPECIFIED.,.F.,.F.,(6,6),(0.,1.),
  .PIECEWISE_BEZIER_KNOTS.);
#1897 = CARTESIAN_POINT('',(-21.67395277729,-9.767949192431,
    -3.77356211129));
#1898 = CARTESIAN_POINT('',(-21.62718757329,-9.735167862391,
    -3.71114108527));
#1899 = CARTESIAN_POINT('',(-21.57752255149,-9.701284861084,
    -3.653303829263));
#1900 = CARTESIAN_POINT('',(-21.52545038542,-9.66652913878,
    -3.599874946252));
#1901 = CARTESIAN_POINT('',(-21.47134293026,-9.631071625064,
    -3.550693657231));
#1902 = CARTESIAN_POINT('',(-21.41547272172,-9.595033644246,
    -3.505608764672));
#1903 = ORIENTED_EDGE('',*,*,#1904,.T.);
#1904 = EDGE_CURVE('',#1894,#1905,#1907,.T.);
#1905 = VERTEX_POINT('',#1906);
#1906 = CARTESIAN_POINT('',(-21.16484393536,-9.767949192431,
    -6.0041136891));
#1907 = B_SPLINE_CURVE_WITH_KNOTS('',7,(#1908,#1909,#1910,#1911,#1912,
    #1913,#1914,#1915,#1916,#1917,#1918,#1919,#1920,#1921,#1922,#1923,
    #1924,#1925,#1926,#1927,#1928,#1929,#1930,#1931,#1932,#1933,#1934,
    #1935,#1936,#1937,#1938,#1939,#1940,#1941,#1942,#1943,#1944,#1945,
    #1946,#1947,#1948,#1949,#1950,#1951,#1952,#1953,#1954,#1955,#1956,
    #1957),.UNSPECIFIED.,.F.,.F.,(8,6,6,6,6,6,6,6,8),(0.,0.2917736759,
    0.37258094973,0.414439938036,0.499890492637,0.585334514129,
    0.628368186824,0.709247356438,1.),.UNSPECIFIED.);
#1908 = CARTESIAN_POINT('',(-21.41547272172,-9.595033644246,
    -3.505608764672));
#1909 = CARTESIAN_POINT('',(-21.50496822483,-9.652760960978,
    -3.577827846139));
#1910 = CARTESIAN_POINT('',(-21.59006997615,-9.70898702927,
    -3.659718039631));
#1911 = CARTESIAN_POINT('',(-21.67018665286,-9.763496744192,
    -3.751906179877));
#1912 = CARTESIAN_POINT('',(-21.74410113561,-9.815743946012,
    -3.855051790805));
#1913 = CARTESIAN_POINT('',(-21.80998110141,-9.864851912397,
    -3.969666718104));
#1914 = CARTESIAN_POINT('',(-21.86551999816,-9.909673521406,
    -4.095890429896));
#1915 = CARTESIAN_POINT('',(-21.91938762068,-9.95947258478,
    -4.271741325606));
#1916 = CARTESIAN_POINT('',(-21.93003691523,-9.969817899551,
    -4.310731414193));
#1917 = CARTESIAN_POINT('',(-21.93958690692,-9.979672313007,
    -4.350552074054));
#1918 = CARTESIAN_POINT('',(-21.94796768063,-9.988996735091,
    -4.39117206461));
#1919 = CARTESIAN_POINT('',(-21.9551078443,-9.997749815551,
    -4.432547240697));
#1920 = CARTESIAN_POINT('',(-21.96093745694,-10.00588923486,
    -4.474618818495));
#1921 = CARTESIAN_POINT('',(-21.96769791456,-10.01724965898,
    -4.53942695725));
#1922 = CARTESIAN_POINT('',(-21.96963569881,-10.02095039667,
    -4.561708704872));
#1923 = CARTESIAN_POINT('',(-21.97119500827,-10.02446924141,
    -4.584146165149));
#1924 = CARTESIAN_POINT('',(-21.97236719859,-10.0278004127,
    -4.606727354999));
#1925 = CARTESIAN_POINT('',(-21.97314428206,-10.03093831633,
    -4.629439027449));
#1926 = CARTESIAN_POINT('',(-21.97351892765,-10.03387754444,
    -4.65226667163));
#1927 = CARTESIAN_POINT('',(-21.97341410096,-10.04219675517,
    -4.721999197317));
#1928 = CARTESIAN_POINT('',(-21.97163916732,-10.04693191429,
    -4.769228288153));
#1929 = CARTESIAN_POINT('',(-21.96810417694,-10.05077335945,
    -4.816737289571));
#1930 = CARTESIAN_POINT('',(-21.96277171677,-10.05368391551,
    -4.864369727507));
#1931 = CARTESIAN_POINT('',(-21.95562674176,-10.05563653607,
    -4.911958348005));
#1932 = CARTESIAN_POINT('',(-21.94668087292,-10.05661661395,
    -4.95932631568));
#1933 = CARTESIAN_POINT('',(-21.92527333611,-10.05663196878,
    -5.053246918182));
#1934 = CARTESIAN_POINT('',(-21.91280944029,-10.05566739639,
    -5.099810570485));
#1935 = CARTESIAN_POINT('',(-21.89862671642,-10.05373028102,
    -5.145793972996));
#1936 = CARTESIAN_POINT('',(-21.88279116112,-10.05083508343,
    -5.19103263426));
#1937 = CARTESIAN_POINT('',(-21.86538868291,-10.04700871811,
    -5.235382197623));
#1938 = CARTESIAN_POINT('',(-21.84652072612,-10.0422882528,
    -5.278717671409));
#1939 = CARTESIAN_POINT('',(-21.81611572247,-10.03391346997,
    -5.342194134504));
#1940 = CARTESIAN_POINT('',(-21.80558754724,-10.03089267755,
    -5.363172914888));
#1941 = CARTESIAN_POINT('',(-21.79472934351,-10.02766190284,
    -5.38385667601));
#1942 = CARTESIAN_POINT('',(-21.78355512999,-10.02422702363,
    -5.404234680301));
#1943 = CARTESIAN_POINT('',(-21.77207896972,-10.02059412341,
    -5.424297776852));
#1944 = CARTESIAN_POINT('',(-21.76031497003,-10.01676949135,
    -5.444038401413));
#1945 = CARTESIAN_POINT('',(-21.72565318142,-10.00522331737,
    -5.499934578203));
#1946 = CARTESIAN_POINT('',(-21.70206245898,-9.997032650177,
    -5.535257351723));
#1947 = CARTESIAN_POINT('',(-21.67759688231,-9.988229751075,
    -5.569380393436));
#1948 = CARTESIAN_POINT('',(-21.65234495733,-9.978857009014,
    -5.602281753944));
#1949 = CARTESIAN_POINT('',(-21.62639006448,-9.968955791926,
    -5.633953211531));
#1950 = CARTESIAN_POINT('',(-21.5998085944,-9.958565167175,
    -5.664397445725));
#1951 = CARTESIAN_POINT('',(-21.4751006224,-9.908735550855,
    -5.798696145916));
#1952 = CARTESIAN_POINT('',(-21.37058681244,-9.863995797067,
    -5.887749074853));
#1953 = CARTESIAN_POINT('',(-21.26185196148,-9.815016213236,
    -5.961976383655));
#1954 = CARTESIAN_POINT('',(-21.15088405487,-9.762927904433,
    -6.022494550242));
#1955 = CARTESIAN_POINT('',(-21.03909198412,-9.708595652471,
    -6.070544942302));
#1956 = CARTESIAN_POINT('',(-20.92727716115,-9.652559352193,
    -6.107236148131));
#1957 = CARTESIAN_POINT('',(-20.81570085238,-9.595033644246,
    -6.133381019457));
#1958 = ORIENTED_EDGE('',*,*,#1959,.T.);
#1959 = EDGE_CURVE('',#1905,#1960,#1962,.T.);
#1960 = VERTEX_POINT('',#1961);
#1961 = CARTESIAN_POINT('',(-20.81570085238,-9.595033644246,
    -6.133381019457));
#1962 = B_SPLINE_CURVE_WITH_KNOTS('',5,(#1963,#1964,#1965,#1966,#1967,
    #1968),.UNSPECIFIED.,.F.,.F.,(6,6),(0.,1.),
  .PIECEWISE_BEZIER_KNOTS.);
#1963 = CARTESIAN_POINT('',(-21.16484393536,-9.767949192431,
    -6.0041136891));
#1964 = CARTESIAN_POINT('',(-21.09562588009,-9.735167580976,
    -6.040062737283));
#1965 = CARTESIAN_POINT('',(-21.02578450139,-9.70128451468,
    -6.070623365324));
#1966 = CARTESIAN_POINT('',(-20.95568817843,-9.666529280453,
    -6.096167452389));
#1967 = CARTESIAN_POINT('',(-20.8856010596,-9.631072288562,
    -6.117001808283));
#1968 = CARTESIAN_POINT('',(-20.81570085238,-9.595033644246,
    -6.133381019457));
#1969 = ORIENTED_EDGE('',*,*,#1970,.F.);
#1970 = EDGE_CURVE('',#1971,#1960,#1973,.T.);
#1971 = VERTEX_POINT('',#1972);
#1972 = CARTESIAN_POINT('',(-20.81570085238,-4.100501485124,
    -6.133381019457));
#1973 = ( BOUNDED_CURVE() B_SPLINE_CURVE(2,(#1974,#1975,#1976,#1977),
.UNSPECIFIED.,.F.,.F.) B_SPLINE_CURVE_WITH_KNOTS((3,1,3),(
    -0.352998490577,6.168843056153E-14,8.767282772495),.UNSPECIFIED.) 
CURVE() GEOMETRIC_REPRESENTATION_ITEM() RATIONAL_B_SPLINE_CURVE((
    1.056651799772,1.056651799772,1.056651799772,1.056651799772)) 
REPRESENTATION_ITEM('') );
#1974 = CARTESIAN_POINT('',(-20.81570085238,-3.647001509423,
    -6.133381019457));
#1975 = CARTESIAN_POINT('',(-20.81570085238,-3.823500754712,
    -6.133381019457));
#1976 = CARTESIAN_POINT('',(-20.81570085238,-8.383641386248,
    -6.133381019457));
#1977 = CARTESIAN_POINT('',(-20.81570085238,-12.76728277249,
    -6.133381019457));
#1978 = ORIENTED_EDGE('',*,*,#1979,.T.);
#1979 = EDGE_CURVE('',#1971,#1980,#1982,.T.);
#1980 = VERTEX_POINT('',#1981);
#1981 = CARTESIAN_POINT('',(-20.7044776267,-4.,-6.155047213892));
#1982 = B_SPLINE_CURVE_WITH_KNOTS('',6,(#1983,#1984,#1985,#1986,#1987,
    #1988,#1989),.UNSPECIFIED.,.F.,.F.,(7,7),(0.,1.),
  .PIECEWISE_BEZIER_KNOTS.);
#1983 = CARTESIAN_POINT('',(-21.16484393536,-4.4,-6.0041136891));
#1984 = CARTESIAN_POINT('',(-21.08717289791,-4.336286620949,
    -6.044452873099));
#1985 = CARTESIAN_POINT('',(-21.00959539743,-4.270961945766,
    -6.077838787759));
#1986 = CARTESIAN_POINT('',(-20.93238069986,-4.204431680731,
    -6.105100522126));
#1987 = CARTESIAN_POINT('',(-20.85571883662,-4.136974970364,
    -6.126778764371));
#1988 = CARTESIAN_POINT('',(-20.7797314776,-4.06879175888,
    -6.143318681426));
#1989 = CARTESIAN_POINT('',(-20.70447697034,-3.9999994,-6.155047316188)
  );
#1990 = ORIENTED_EDGE('',*,*,#1991,.T.);
#1991 = EDGE_CURVE('',#1980,#1747,#1992,.T.);
#1992 = CIRCLE('',#1993,1.5);
#1993 = AXIS2_PLACEMENT_3D('',#1994,#1995,#1996);
#1994 = CARTESIAN_POINT('',(-20.47348615581,-4.,-4.672939613083));
#1995 = DIRECTION('',(0.,-1.,-2.22044604925E-16));
#1996 = DIRECTION('',(-0.222520933956,-2.164774830908E-16,0.974927912182
    ));
#1997 = CYLINDRICAL_SURFACE('',#1998,1.5);
#1998 = AXIS2_PLACEMENT_3D('',#1999,#2000,#2001);
#1999 = CARTESIAN_POINT('',(-20.47348615581,-24.,-4.672939613083));
#2000 = DIRECTION('',(0.,-1.,-2.22044604925E-16));
#2001 = DIRECTION('',(-0.222520933956,-2.164774830908E-16,0.974927912182
    ));
#2002 = ADVANCED_FACE('',(#2003),#2072,.T.);
#2003 = FACE_BOUND('',#2004,.T.);
#2004 = EDGE_LOOP('',(#2005,#2028,#2037,#2060,#2070,#2071));
#2005 = ORIENTED_EDGE('',*,*,#2006,.F.);
#2006 = EDGE_CURVE('',#2007,#1756,#2009,.T.);
#2007 = VERTEX_POINT('',#2008);
#2008 = CARTESIAN_POINT('',(-21.05271782243,-23.6,-6.386162563612));
#2009 = B_SPLINE_CURVE_WITH_KNOTS('',5,(#2010,#2011,#2012,#2013,#2014,
    #2015,#2016,#2017,#2018,#2019,#2020,#2021,#2022,#2023,#2024,#2025,
    #2026,#2027),.UNSPECIFIED.,.F.,.F.,(6,4,4,4,6),(0.,0.155230865546,
    0.460905226902,0.7542816187,1.),.UNSPECIFIED.);
#2010 = CARTESIAN_POINT('',(-21.05271783657,-23.6,-6.386162517015));
#2011 = CARTESIAN_POINT('',(-21.05650501766,-23.59999999998,
    -6.373677639882));
#2012 = CARTESIAN_POINT('',(-21.05927420705,-23.60105416501,
    -6.360883831796));
#2013 = CARTESIAN_POINT('',(-21.0609914707,-23.60316263456,
    -6.347892453072));
#2014 = CARTESIAN_POINT('',(-21.06164168034,-23.60630634109,
    -6.334821497366));
#2015 = CARTESIAN_POINT('',(-21.06041818096,-23.61860453225,
    -6.29611989131));
#2016 = CARTESIAN_POINT('',(-21.05548792511,-23.63063147703,
    -6.270593780057));
#2017 = CARTESIAN_POINT('',(-21.04647155172,-23.64624901144,
    -6.246098819146));
#2018 = CARTESIAN_POINT('',(-21.03370480838,-23.66490349441,
    -6.223498748291));
#2019 = CARTESIAN_POINT('',(-21.00242272512,-23.70601885914,
    -6.184241972576));
#2020 = CARTESIAN_POINT('',(-20.98415910177,-23.72829657455,
    -6.1673827354));
#2021 = CARTESIAN_POINT('',(-20.96343929974,-23.75208957319,
    -6.153488001923));
#2022 = CARTESIAN_POINT('',(-20.94093152352,-23.7766407561,
    -6.14299565489));
#2023 = CARTESIAN_POINT('',(-20.89763298703,-23.82174602366,
    -6.130357395567));
#2024 = CARTESIAN_POINT('',(-20.87715746216,-23.84230132597,
    -6.127132690323));
#2025 = CARTESIAN_POINT('',(-20.85637189726,-23.86240487896,
    -6.126569866299));
#2026 = CARTESIAN_POINT('',(-20.83573911515,-23.88160438121,
    -6.128685597933));
#2027 = CARTESIAN_POINT('',(-20.81570085238,-23.89949851487,
    -6.133381019457));
#2028 = ORIENTED_EDGE('',*,*,#2029,.T.);
#2029 = EDGE_CURVE('',#2007,#2030,#2032,.T.);
#2030 = VERTEX_POINT('',#2031);
#2031 = CARTESIAN_POINT('',(-18.11905780808,-23.6,-12.47797035367));
#2032 = CIRCLE('',#2033,22.);
#2033 = AXIS2_PLACEMENT_3D('',#2034,#2035,#2036);
#2034 = CARTESIAN_POINT('',(1.33226762955E-16,-23.6,-1.33226762955E-16)
  );
#2035 = DIRECTION('',(-3.330669073875E-16,-1.,3.330669073875E-16));
#2036 = DIRECTION('',(-3.3104832007E-16,3.330669073875E-16,1.));
#2037 = ORIENTED_EDGE('',*,*,#2038,.T.);
#2038 = EDGE_CURVE('',#2030,#2039,#2041,.T.);
#2039 = VERTEX_POINT('',#2040);
#2040 = CARTESIAN_POINT('',(-17.77364757498,-23.89949851487,
    -12.45026973948));
#2041 = B_SPLINE_CURVE_WITH_KNOTS('',5,(#2042,#2043,#2044,#2045,#2046,
    #2047,#2048,#2049,#2050,#2051,#2052,#2053,#2054,#2055,#2056,#2057,
    #2058,#2059),.UNSPECIFIED.,.F.,.F.,(6,4,4,4,6),(0.,0.15523086557,
    0.460905226908,0.754281618687,1.),.UNSPECIFIED.);
#2042 = CARTESIAN_POINT('',(-18.11905778387,-23.6,-12.47797038883));
#2043 = CARTESIAN_POINT('',(-18.11165798266,-23.59999999999,
    -12.48871551981));
#2044 = CARTESIAN_POINT('',(-18.10338193003,-23.601054165,-12.4988573856
    ));
#2045 = CARTESIAN_POINT('',(-18.09429557107,-23.60316263456,
    -12.50829996885));
#2046 = CARTESIAN_POINT('',(-18.08448168056,-23.60630634108,
    -12.51695793794));
#2047 = CARTESIAN_POINT('',(-18.05346070713,-23.61860453225,
    -12.54013142429));
#2048 = CARTESIAN_POINT('',(-18.03042962549,-23.63063147703,
    -12.55219206511));
#2049 = CARTESIAN_POINT('',(-18.00565707703,-23.64624901143,
    -12.56041513886));
#2050 = CARTESIAN_POINT('',(-17.98002769585,-23.6649034944,
    -12.56452461069));
#2051 = CARTESIAN_POINT('',(-17.92983145281,-23.70601885912,
    -12.56454349248));
#2052 = CARTESIAN_POINT('',(-17.90526318751,-23.72829657454,
    -12.5607759792));
#2053 = CARTESIAN_POINT('',(-17.88148126218,-23.75208957317,
    -12.55323981029));
#2054 = CARTESIAN_POINT('',(-17.859244646,-23.77664075609,
    -12.54218439361));
#2055 = CARTESIAN_POINT('',(-17.82236746104,-23.82174602365,
    -12.51621206044));
#2056 = CARTESIAN_POINT('',(-17.80708000401,-23.84230132596,
    -12.50221422131));
#2057 = CARTESIAN_POINT('',(-17.79368038273,-23.86240487895,
    -12.48631432733));
#2058 = CARTESIAN_POINT('',(-17.7824701991,-23.8816043812,
    -12.46886383161));
#2059 = CARTESIAN_POINT('',(-17.77364757498,-23.89949851487,
    -12.45026973948));
#2060 = ORIENTED_EDGE('',*,*,#2061,.F.);
#2061 = EDGE_CURVE('',#276,#2039,#2062,.T.);
#2062 = B_SPLINE_CURVE_WITH_KNOTS('',6,(#2063,#2064,#2065,#2066,#2067,
    #2068,#2069),.UNSPECIFIED.,.F.,.F.,(7,7),(0.,1.),
  .PIECEWISE_BEZIER_KNOTS.);
#2063 = CARTESIAN_POINT('',(-17.72124034096,-24.,-12.34980326879));
#2064 = CARTESIAN_POINT('',(-17.75899086341,-23.93120774659,
    -12.41595222473));
#2065 = CARTESIAN_POINT('',(-17.79343670747,-23.86302463951,
    -12.48567392309));
#2066 = CARTESIAN_POINT('',(-17.82428580266,-23.79556803177,
    -12.55912665374));
#2067 = CARTESIAN_POINT('',(-17.85111424498,-23.72903786672,
    -12.63649284801));
#2068 = CARTESIAN_POINT('',(-17.87338082653,-23.66371328786,
    -12.71796104655));
#2069 = CARTESIAN_POINT('',(-17.89026945808,-23.6,-12.80383765583));
#2070 = ORIENTED_EDGE('',*,*,#284,.F.);
#2071 = ORIENTED_EDGE('',*,*,#1755,.F.);
#2072 = CONICAL_SURFACE('',#2073,22.,0.785398163397);
#2073 = AXIS2_PLACEMENT_3D('',#2074,#2075,#2076);
#2074 = CARTESIAN_POINT('',(1.33226762955E-16,-23.6,-1.33226762955E-16)
  );
#2075 = DIRECTION('',(3.330669073875E-16,1.,-3.330669073875E-16));
#2076 = DIRECTION('',(-3.3104832007E-16,3.330669073875E-16,1.));
#2077 = ADVANCED_FACE('',(#2078),#2332,.F.);
#2078 = FACE_BOUND('',#2079,.F.);
#2079 = EDGE_LOOP('',(#2080,#2088,#2089,#2101,#2110,#2121,#2176,#2187,
    #2194,#2195,#2196,#2197,#2206,#2218,#2227,#2238,#2293,#2304,#2313,
    #2325));
#2080 = ORIENTED_EDGE('',*,*,#2081,.F.);
#2081 = EDGE_CURVE('',#267,#2082,#2084,.T.);
#2082 = VERTEX_POINT('',#2083);
#2083 = CARTESIAN_POINT('',(-17.35369583461,-4.,-11.92053861533));
#2084 = LINE('',#2085,#2086);
#2085 = CARTESIAN_POINT('',(-17.35369583461,-24.,-11.92053861533));
#2086 = VECTOR('',#2087,1.);
#2087 = DIRECTION('',(0.,1.,2.22044604925E-16));
#2088 = ORIENTED_EDGE('',*,*,#266,.F.);
#2089 = ORIENTED_EDGE('',*,*,#2090,.F.);
#2090 = EDGE_CURVE('',#2091,#258,#2093,.T.);
#2091 = VERTEX_POINT('',#2092);
#2092 = CARTESIAN_POINT('',(-16.09312414141,-23.89949851487,
    -14.5575794717));
#2093 = B_SPLINE_CURVE_WITH_KNOTS('',6,(#2094,#2095,#2096,#2097,#2098,
    #2099,#2100),.UNSPECIFIED.,.F.,.F.,(7,7),(0.,1.),
  .PIECEWISE_BEZIER_KNOTS.);
#2094 = CARTESIAN_POINT('',(-16.46377818226,-23.6,-14.59260113774));
#2095 = CARTESIAN_POINT('',(-16.37629647959,-23.66371337905,
    -14.59524528653));
#2096 = CARTESIAN_POINT('',(-16.29191596132,-23.72903805423,
    -14.59166534028));
#2097 = CARTESIAN_POINT('',(-16.21051949943,-23.79556831926,
    -14.58272511254));
#2098 = CARTESIAN_POINT('',(-16.13204371049,-23.86302502963,
    -14.56899419804));
#2099 = CARTESIAN_POINT('',(-16.0564050646,-23.93120824112,
    -14.55092646892));
#2100 = CARTESIAN_POINT('',(-15.98351423248,-24.0000006,-14.52884189671)
  );
#2101 = ORIENTED_EDGE('',*,*,#2102,.F.);
#2102 = EDGE_CURVE('',#2103,#2091,#2105,.T.);
#2103 = VERTEX_POINT('',#2104);
#2104 = CARTESIAN_POINT('',(-16.09312414141,-18.40496635575,
    -14.5575794717));
#2105 = ( BOUNDED_CURVE() B_SPLINE_CURVE(2,(#2106,#2107,#2108,#2109),
.UNSPECIFIED.,.F.,.F.) B_SPLINE_CURVE_WITH_KNOTS((3,1,3),(
-2.999333580064,5.767949192431,6.120947683008),.UNSPECIFIED.) CURVE() 
GEOMETRIC_REPRESENTATION_ITEM() RATIONAL_B_SPLINE_CURVE((1.056651799772,
1.056651799772,1.056651799772,1.056651799772)) REPRESENTATION_ITEM('') 
  );
#2106 = CARTESIAN_POINT('',(-16.09312414141,-15.2327172275,
    -14.5575794717));
#2107 = CARTESIAN_POINT('',(-16.09312414141,-19.61635861375,
    -14.5575794717));
#2108 = CARTESIAN_POINT('',(-16.09312414141,-24.17649924528,
    -14.5575794717));
#2109 = CARTESIAN_POINT('',(-16.09312414141,-24.35299849057,
    -14.5575794717));
#2110 = ORIENTED_EDGE('',*,*,#2111,.F.);
#2111 = EDGE_CURVE('',#2112,#2103,#2114,.T.);
#2112 = VERTEX_POINT('',#2113);
#2113 = CARTESIAN_POINT('',(-16.46377818226,-18.23205080756,
    -14.59260113774));
#2114 = B_SPLINE_CURVE_WITH_KNOTS('',5,(#2115,#2116,#2117,#2118,#2119,
    #2120),.UNSPECIFIED.,.F.,.F.,(6,6),(0.,1.),
  .PIECEWISE_BEZIER_KNOTS.);
#2115 = CARTESIAN_POINT('',(-16.46377818226,-18.23205080756,
    -14.59260113774));
#2116 = CARTESIAN_POINT('',(-16.38581783118,-18.2648321376,
    -14.59495750212));
#2117 = CARTESIAN_POINT('',(-16.30963320897,-18.29871513891,
    -14.59218876378));
#2118 = CARTESIAN_POINT('',(-16.23539436165,-18.33347086122,
    -14.58478946867));
#2119 = CARTESIAN_POINT('',(-16.16320743505,-18.36892837493,
    -14.57315058894));
#2120 = CARTESIAN_POINT('',(-16.09312414141,-18.40496635575,
    -14.5575794717));
#2121 = ORIENTED_EDGE('',*,*,#2122,.F.);
#2122 = EDGE_CURVE('',#2123,#2112,#2125,.T.);
#2123 = VERTEX_POINT('',#2124);
#2124 = CARTESIAN_POINT('',(-17.89026945808,-18.23205080756,
    -12.80383765583));
#2125 = B_SPLINE_CURVE_WITH_KNOTS('',7,(#2126,#2127,#2128,#2129,#2130,
    #2131,#2132,#2133,#2134,#2135,#2136,#2137,#2138,#2139,#2140,#2141,
    #2142,#2143,#2144,#2145,#2146,#2147,#2148,#2149,#2150,#2151,#2152,
    #2153,#2154,#2155,#2156,#2157,#2158,#2159,#2160,#2161,#2162,#2163,
    #2164,#2165,#2166,#2167,#2168,#2169,#2170,#2171,#2172,#2173,#2174,
    #2175),.UNSPECIFIED.,.F.,.F.,(8,6,6,6,6,6,6,6,8),(0.,0.2917736759,
    0.37258094973,0.414439938036,0.499890492637,0.585334514129,
    0.628368186824,0.709247356438,1.),.UNSPECIFIED.);
#2126 = CARTESIAN_POINT('',(-17.77364757498,-18.40496635575,
    -12.45026973948));
#2127 = CARTESIAN_POINT('',(-17.822945552,-18.34723903902,
    -12.55416752708));
#2128 = CARTESIAN_POINT('',(-17.86408875719,-18.29101297073,
    -12.66487230807));
#2129 = CARTESIAN_POINT('',(-17.89627245372,-18.2365032558,
    -12.78269227567));
#2130 = CARTESIAN_POINT('',(-17.91811389822,-18.18425605398,
    -12.90769355213));
#2131 = CARTESIAN_POINT('',(-17.92774014321,-18.1351480876,
    -13.03954227932));
#2132 = CARTESIAN_POINT('',(-17.9230125441,-18.09032647859,
    -13.17736333822));
#2133 = CARTESIAN_POINT('',(-17.89524675082,-18.04052741522,
    -13.35917180613));
#2134 = CARTESIAN_POINT('',(-17.88792426825,-18.03018210044,
    -13.39892121784));
#2135 = CARTESIAN_POINT('',(-17.87925097666,-18.02032768699,
    -13.43894197878));
#2136 = CARTESIAN_POINT('',(-17.86917743947,-18.0110032649,
    -13.47917560712));
#2137 = CARTESIAN_POINT('',(-17.85765848855,-18.00225018444,
    -13.51955135359));
#2138 = CARTESIAN_POINT('',(-17.84465661456,-17.99411076513,
    -13.55998590954));
#2139 = CARTESIAN_POINT('',(-17.82262837884,-17.98275034101,
    -13.62130927757));
#2140 = CARTESIAN_POINT('',(-17.81470657415,-17.97904960332,
    -13.64222521157));
#2141 = CARTESIAN_POINT('',(-17.80637621426,-17.97553075858,
    -13.66311722378));
#2142 = CARTESIAN_POINT('',(-17.79763471016,-17.9721995873,
    -13.68397076715));
#2143 = CARTESIAN_POINT('',(-17.78848061282,-17.96906168366,
    -13.70477044085));
#2144 = CARTESIAN_POINT('',(-17.77891361322,-17.96612245555,
    -13.72549999021));
#2145 = CARTESIAN_POINT('',(-17.74856335865,-17.95780324482,
    -13.78828134234));
#2146 = CARTESIAN_POINT('',(-17.72647226417,-17.9530680857,-13.830063168
    ));
#2147 = CARTESIAN_POINT('',(-17.70267396471,-17.94922664054,
    -13.87133352438));
#2148 = CARTESIAN_POINT('',(-17.67720264384,-17.94631608448,
    -13.9119352003));
#2149 = CARTESIAN_POINT('',(-17.65011731519,-17.94436346392,
    -13.95171097737));
#2150 = CARTESIAN_POINT('',(-17.62150517494,-17.94338338604,
    -13.99050657456));
#2151 = CARTESIAN_POINT('',(-17.56146702854,-17.94336803121,
    -14.06583773135));
#2152 = CARTESIAN_POINT('',(-17.53003423486,-17.9443326036,
    -14.10238225073));
#2153 = CARTESIAN_POINT('',(-17.49730459158,-17.94626971897,
    -14.13765821157));
#2154 = CARTESIAN_POINT('',(-17.46340892975,-17.94916491656,
    -14.17154604705));
#2155 = CARTESIAN_POINT('',(-17.42848728427,-17.95299128188,
    -14.20395297063));
#2156 = CARTESIAN_POINT('',(-17.3926852852,-17.95771174719,
    -14.23481038374));
#2157 = CARTESIAN_POINT('',(-17.33774991833,-17.96608653002,
    -14.27880846416));
#2158 = CARTESIAN_POINT('',(-17.31916200854,-17.96910732244,
    -14.29314168814));
#2159 = CARTESIAN_POINT('',(-17.3004047574,-17.97233809715,
    -14.30706591495));
#2160 = CARTESIAN_POINT('',(-17.2814954542,-17.97577297636,
    -14.32057755286));
#2161 = CARTESIAN_POINT('',(-17.26245073972,-17.97940587658,
    -14.33367445892));
#2162 = CARTESIAN_POINT('',(-17.24328660624,-17.98323050864,
    -14.34635593891));
#2163 = CARTESIAN_POINT('',(-17.18780497161,-17.99477668262,
    -14.38167746758));
#2164 = CARTESIAN_POINT('',(-17.15122448807,-18.00296734982,
    -14.40326655599));
#2165 = CARTESIAN_POINT('',(-17.11437633223,-18.01177024892,
    -14.42339513837));
#2166 = CARTESIAN_POINT('',(-17.07734976865,-18.02114299098,
    -14.44208184027));
#2167 = CARTESIAN_POINT('',(-17.04022348777,-18.03104420807,
    -14.4593554316));
#2168 = CARTESIAN_POINT('',(-17.00306515261,-18.04143483282,
    -14.47525147119));
#2169 = CARTESIAN_POINT('',(-16.83243713006,-18.09126444914,
    -14.54214165787));
#2170 = CARTESIAN_POINT('',(-16.69963482324,-18.13600420293,
    -14.57702873178));
#2171 = CARTESIAN_POINT('',(-16.56946208537,-18.18498378676,
    -14.59672694245));
#2172 = CARTESIAN_POINT('',(-16.44322560777,-18.23707209556,
    -14.60310475625));
#2173 = CARTESIAN_POINT('',(-16.32165614858,-18.29140434752,
    -14.59789190192));
#2174 = CARTESIAN_POINT('',(-16.20499475654,-18.3474406478,
    -14.58243490262));
#2175 = CARTESIAN_POINT('',(-16.09312414141,-18.40496635575,
    -14.5575794717));
#2176 = ORIENTED_EDGE('',*,*,#2177,.T.);
#2177 = EDGE_CURVE('',#2123,#2178,#2180,.T.);
#2178 = VERTEX_POINT('',#2179);
#2179 = CARTESIAN_POINT('',(-17.77364757498,-18.40496635575,
    -12.45026973948));
#2180 = B_SPLINE_CURVE_WITH_KNOTS('',5,(#2181,#2182,#2183,#2184,#2185,
    #2186),.UNSPECIFIED.,.F.,.F.,(6,6),(0.,1.),
  .PIECEWISE_BEZIER_KNOTS.);
#2181 = CARTESIAN_POINT('',(-17.89026945808,-18.23205080756,
    -12.80383765583));
#2182 = CARTESIAN_POINT('',(-17.87521880415,-18.26483241902,
    -12.72730693613));
#2183 = CARTESIAN_POINT('',(-17.85556667791,-18.29871548532,
    -12.65364850757));
#2184 = CARTESIAN_POINT('',(-17.83183350685,-18.33347071954,
    -12.58291851769));
#2185 = CARTESIAN_POINT('',(-17.80442385838,-18.36892771143,
    -12.51513219325));
#2186 = CARTESIAN_POINT('',(-17.77364757498,-18.40496635575,
    -12.45026973948));
#2187 = ORIENTED_EDGE('',*,*,#2188,.T.);
#2188 = EDGE_CURVE('',#2178,#2039,#2189,.T.);
#2189 = ( BOUNDED_CURVE() B_SPLINE_CURVE(2,(#2190,#2191,#2192,#2193),
.UNSPECIFIED.,.F.,.F.) B_SPLINE_CURVE_WITH_KNOTS((3,1,3),(
-2.999333580064,5.767949192431,6.120947683008),.UNSPECIFIED.) CURVE() 
GEOMETRIC_REPRESENTATION_ITEM() RATIONAL_B_SPLINE_CURVE((1.056651799772,
1.056651799772,1.056651799772,1.056651799772)) REPRESENTATION_ITEM('') 
  );
#2190 = CARTESIAN_POINT('',(-17.77364757498,-15.2327172275,
    -12.45026973948));
#2191 = CARTESIAN_POINT('',(-17.77364757498,-19.61635861375,
    -12.45026973948));
#2192 = CARTESIAN_POINT('',(-17.77364757498,-24.17649924528,
    -12.45026973948));
#2193 = CARTESIAN_POINT('',(-17.77364757498,-24.35299849057,
    -12.45026973948));
#2194 = ORIENTED_EDGE('',*,*,#2061,.F.);
#2195 = ORIENTED_EDGE('',*,*,#275,.F.);
#2196 = ORIENTED_EDGE('',*,*,#2081,.T.);
#2197 = ORIENTED_EDGE('',*,*,#2198,.T.);
#2198 = EDGE_CURVE('',#2082,#2199,#2201,.T.);
#2199 = VERTEX_POINT('',#2200);
#2200 = CARTESIAN_POINT('',(-17.72124034096,-4.,-12.34980326879));
#2201 = CIRCLE('',#2202,1.5);
#2202 = AXIS2_PLACEMENT_3D('',#2203,#2204,#2205);
#2203 = CARTESIAN_POINT('',(-16.41846113182,-4.,-13.09328583903));
#2204 = DIRECTION('',(0.,-1.,-2.22044604925E-16));
#2205 = DIRECTION('',(-0.623489801859,-1.736014626426E-16,0.781831482468
    ));
#2206 = ORIENTED_EDGE('',*,*,#2207,.T.);
#2207 = EDGE_CURVE('',#2199,#2208,#2210,.T.);
#2208 = VERTEX_POINT('',#2209);
#2209 = CARTESIAN_POINT('',(-17.77364757498,-4.100501485124,
    -12.45026973948));
#2210 = B_SPLINE_CURVE_WITH_KNOTS('',6,(#2211,#2212,#2213,#2214,#2215,
    #2216,#2217),.UNSPECIFIED.,.F.,.F.,(7,7),(0.,1.),
  .PIECEWISE_BEZIER_KNOTS.);
#2211 = CARTESIAN_POINT('',(-17.72124034096,-4.,-12.34980326879));
#2212 = CARTESIAN_POINT('',(-17.75899086341,-4.06879225341,
    -12.41595222473));
#2213 = CARTESIAN_POINT('',(-17.79343670747,-4.136975360483,
    -12.48567392309));
#2214 = CARTESIAN_POINT('',(-17.82428580266,-4.204431968223,
    -12.55912665374));
#2215 = CARTESIAN_POINT('',(-17.85111424498,-4.270962133273,
    -12.63649284801));
#2216 = CARTESIAN_POINT('',(-17.87338082653,-4.336286712138,
    -12.71796104655));
#2217 = CARTESIAN_POINT('',(-17.89026945808,-4.4,-12.80383765583));
#2218 = ORIENTED_EDGE('',*,*,#2219,.T.);
#2219 = EDGE_CURVE('',#2208,#2220,#2222,.T.);
#2220 = VERTEX_POINT('',#2221);
#2221 = CARTESIAN_POINT('',(-17.77364757498,-9.595033644246,
    -12.45026973948));
#2222 = ( BOUNDED_CURVE() B_SPLINE_CURVE(2,(#2223,#2224,#2225,#2226),
.UNSPECIFIED.,.F.,.F.) B_SPLINE_CURVE_WITH_KNOTS((3,1,3),(
    -0.352998490577,6.157075717328E-14,8.767282772495),.UNSPECIFIED.) 
CURVE() GEOMETRIC_REPRESENTATION_ITEM() RATIONAL_B_SPLINE_CURVE((
    1.056651799772,1.056651799772,1.056651799772,1.056651799772)) 
REPRESENTATION_ITEM('') );
#2223 = CARTESIAN_POINT('',(-17.77364757498,-3.647001509423,
    -12.45026973948));
#2224 = CARTESIAN_POINT('',(-17.77364757498,-3.823500754712,
    -12.45026973948));
#2225 = CARTESIAN_POINT('',(-17.77364757498,-8.383641386248,
    -12.45026973948));
#2226 = CARTESIAN_POINT('',(-17.77364757498,-12.76728277249,
    -12.45026973948));
#2227 = ORIENTED_EDGE('',*,*,#2228,.F.);
#2228 = EDGE_CURVE('',#2229,#2220,#2231,.T.);
#2229 = VERTEX_POINT('',#2230);
#2230 = CARTESIAN_POINT('',(-17.89026945808,-9.767949192431,
    -12.80383765583));
#2231 = B_SPLINE_CURVE_WITH_KNOTS('',5,(#2232,#2233,#2234,#2235,#2236,
    #2237),.UNSPECIFIED.,.F.,.F.,(6,6),(0.,1.),
  .PIECEWISE_BEZIER_KNOTS.);
#2232 = CARTESIAN_POINT('',(-17.89026945808,-9.767949192431,
    -12.80383765583));
#2233 = CARTESIAN_POINT('',(-17.87521893335,-9.735167862391,
    -12.72730759312));
#2234 = CARTESIAN_POINT('',(-17.85556693978,-9.701284861084,
    -12.65364918068));
#2235 = CARTESIAN_POINT('',(-17.8318334628,-9.66652913878,
    -12.58291815433));
#2236 = CARTESIAN_POINT('',(-17.80442329176,-9.631071625064,
    -12.51513099908));
#2237 = CARTESIAN_POINT('',(-17.77364757498,-9.595033644246,
    -12.45026973948));
#2238 = ORIENTED_EDGE('',*,*,#2239,.T.);
#2239 = EDGE_CURVE('',#2229,#2240,#2242,.T.);
#2240 = VERTEX_POINT('',#2241);
#2241 = CARTESIAN_POINT('',(-16.46377818226,-9.767949192431,
    -14.59260113774));
#2242 = B_SPLINE_CURVE_WITH_KNOTS('',7,(#2243,#2244,#2245,#2246,#2247,
    #2248,#2249,#2250,#2251,#2252,#2253,#2254,#2255,#2256,#2257,#2258,
    #2259,#2260,#2261,#2262,#2263,#2264,#2265,#2266,#2267,#2268,#2269,
    #2270,#2271,#2272,#2273,#2274,#2275,#2276,#2277,#2278,#2279,#2280,
    #2281,#2282,#2283,#2284,#2285,#2286,#2287,#2288,#2289,#2290,#2291,
    #2292),.UNSPECIFIED.,.F.,.F.,(8,6,6,6,6,6,6,6,8),(0.,0.2917736759,
    0.37258094973,0.414439938036,0.499890492637,0.585334514129,
    0.628368186823,0.709247356437,1.),.UNSPECIFIED.);
#2243 = CARTESIAN_POINT('',(-17.77364757498,-9.595033644246,
    -12.45026973948));
#2244 = CARTESIAN_POINT('',(-17.822945552,-9.652760960978,
    -12.55416752708));
#2245 = CARTESIAN_POINT('',(-17.86408875719,-9.70898702927,
    -12.66487230807));
#2246 = CARTESIAN_POINT('',(-17.89627245372,-9.763496744192,
    -12.78269227567));
#2247 = CARTESIAN_POINT('',(-17.91811389822,-9.815743946012,
    -12.90769355213));
#2248 = CARTESIAN_POINT('',(-17.92774014321,-9.864851912397,
    -13.03954227932));
#2249 = CARTESIAN_POINT('',(-17.9230125441,-9.909673521406,
    -13.17736333823));
#2250 = CARTESIAN_POINT('',(-17.89524675082,-9.95947258478,
    -13.35917180613));
#2251 = CARTESIAN_POINT('',(-17.88792426825,-9.969817899551,
    -13.39892121784));
#2252 = CARTESIAN_POINT('',(-17.87925097666,-9.979672313007,
    -13.43894197878));
#2253 = CARTESIAN_POINT('',(-17.86917743947,-9.988996735091,
    -13.47917560712));
#2254 = CARTESIAN_POINT('',(-17.85765848855,-9.997749815551,
    -13.51955135359));
#2255 = CARTESIAN_POINT('',(-17.84465661456,-10.00588923486,
    -13.55998590954));
#2256 = CARTESIAN_POINT('',(-17.82262837884,-10.01724965898,
    -13.62130927757));
#2257 = CARTESIAN_POINT('',(-17.81470657415,-10.02095039667,
    -13.64222521157));
#2258 = CARTESIAN_POINT('',(-17.80637621426,-10.02446924141,
    -13.66311722378));
#2259 = CARTESIAN_POINT('',(-17.79763471016,-10.0278004127,
    -13.68397076715));
#2260 = CARTESIAN_POINT('',(-17.78848061282,-10.03093831633,
    -13.70477044085));
#2261 = CARTESIAN_POINT('',(-17.77891361322,-10.03387754444,
    -13.72549999021));
#2262 = CARTESIAN_POINT('',(-17.74856335865,-10.04219675517,
    -13.78828134234));
#2263 = CARTESIAN_POINT('',(-17.72647226417,-10.04693191429,
    -13.830063168));
#2264 = CARTESIAN_POINT('',(-17.70267396471,-10.05077335945,
    -13.87133352438));
#2265 = CARTESIAN_POINT('',(-17.67720264384,-10.05368391551,
    -13.9119352003));
#2266 = CARTESIAN_POINT('',(-17.65011731519,-10.05563653607,
    -13.95171097737));
#2267 = CARTESIAN_POINT('',(-17.62150517494,-10.05661661395,
    -13.99050657456));
#2268 = CARTESIAN_POINT('',(-17.56146702854,-10.05663196878,
    -14.06583773135));
#2269 = CARTESIAN_POINT('',(-17.53003423486,-10.05566739639,
    -14.10238225073));
#2270 = CARTESIAN_POINT('',(-17.49730459158,-10.05373028102,
    -14.13765821157));
#2271 = CARTESIAN_POINT('',(-17.46340892975,-10.05083508343,
    -14.17154604705));
#2272 = CARTESIAN_POINT('',(-17.42848728427,-10.04700871811,
    -14.20395297063));
#2273 = CARTESIAN_POINT('',(-17.3926852852,-10.0422882528,
    -14.23481038374));
#2274 = CARTESIAN_POINT('',(-17.33774991833,-10.03391346997,
    -14.27880846416));
#2275 = CARTESIAN_POINT('',(-17.31916200854,-10.03089267755,
    -14.29314168814));
#2276 = CARTESIAN_POINT('',(-17.3004047574,-10.02766190284,
    -14.30706591495));
#2277 = CARTESIAN_POINT('',(-17.2814954542,-10.02422702363,
    -14.32057755286));
#2278 = CARTESIAN_POINT('',(-17.26245073972,-10.02059412341,
    -14.33367445892));
#2279 = CARTESIAN_POINT('',(-17.24328660624,-10.01676949135,
    -14.34635593891));
#2280 = CARTESIAN_POINT('',(-17.18780497161,-10.00522331737,
    -14.38167746758));
#2281 = CARTESIAN_POINT('',(-17.15122448807,-9.997032650177,
    -14.40326655599));
#2282 = CARTESIAN_POINT('',(-17.11437633223,-9.988229751075,
    -14.42339513837));
#2283 = CARTESIAN_POINT('',(-17.07734976865,-9.978857009014,
    -14.44208184027));
#2284 = CARTESIAN_POINT('',(-17.04022348777,-9.968955791926,
    -14.4593554316));
#2285 = CARTESIAN_POINT('',(-17.00306515261,-9.958565167175,
    -14.47525147119));
#2286 = CARTESIAN_POINT('',(-16.83243713006,-9.908735550855,
    -14.54214165787));
#2287 = CARTESIAN_POINT('',(-16.69963482324,-9.863995797067,
    -14.57702873178));
#2288 = CARTESIAN_POINT('',(-16.56946208537,-9.815016213235,
    -14.59672694245));
#2289 = CARTESIAN_POINT('',(-16.44322560778,-9.762927904433,
    -14.60310475625));
#2290 = CARTESIAN_POINT('',(-16.32165614858,-9.708595652471,
    -14.59789190192));
#2291 = CARTESIAN_POINT('',(-16.20499475654,-9.652559352193,
    -14.58243490262));
#2292 = CARTESIAN_POINT('',(-16.09312414141,-9.595033644246,
    -14.5575794717));
#2293 = ORIENTED_EDGE('',*,*,#2294,.T.);
#2294 = EDGE_CURVE('',#2240,#2295,#2297,.T.);
#2295 = VERTEX_POINT('',#2296);
#2296 = CARTESIAN_POINT('',(-16.09312414141,-9.595033644246,
    -14.5575794717));
#2297 = B_SPLINE_CURVE_WITH_KNOTS('',5,(#2298,#2299,#2300,#2301,#2302,
    #2303),.UNSPECIFIED.,.F.,.F.,(6,6),(0.,1.),
  .PIECEWISE_BEZIER_KNOTS.);
#2298 = CARTESIAN_POINT('',(-16.46377818226,-9.767949192431,
    -14.59260113774));
#2299 = CARTESIAN_POINT('',(-16.38581716192,-9.735167580976,
    -14.59495752234));
#2300 = CARTESIAN_POINT('',(-16.30963249446,-9.70128451468,
    -14.59218865826));
#2301 = CARTESIAN_POINT('',(-16.2353947257,-9.666529280453,
    -14.58478943076));
#2302 = CARTESIAN_POINT('',(-16.16320872536,-9.631072288562,
    -14.57315087562));
#2303 = CARTESIAN_POINT('',(-16.09312414141,-9.595033644246,
    -14.5575794717));
#2304 = ORIENTED_EDGE('',*,*,#2305,.F.);
#2305 = EDGE_CURVE('',#2306,#2295,#2308,.T.);
#2306 = VERTEX_POINT('',#2307);
#2307 = CARTESIAN_POINT('',(-16.09312414141,-4.100501485124,
    -14.5575794717));
#2308 = ( BOUNDED_CURVE() B_SPLINE_CURVE(2,(#2309,#2310,#2311,#2312),
.UNSPECIFIED.,.F.,.F.) B_SPLINE_CURVE_WITH_KNOTS((3,1,3),(
    -0.352998490577,6.168843056153E-14,8.767282772495),.UNSPECIFIED.) 
CURVE() GEOMETRIC_REPRESENTATION_ITEM() RATIONAL_B_SPLINE_CURVE((
    1.056651799772,1.056651799772,1.056651799772,1.056651799772)) 
REPRESENTATION_ITEM('') );
#2309 = CARTESIAN_POINT('',(-16.09312414141,-3.647001509423,
    -14.5575794717));
#2310 = CARTESIAN_POINT('',(-16.09312414141,-3.823500754712,
    -14.5575794717));
#2311 = CARTESIAN_POINT('',(-16.09312414141,-8.383641386248,
    -14.5575794717));
#2312 = CARTESIAN_POINT('',(-16.09312414141,-12.76728277249,
    -14.5575794717));
#2313 = ORIENTED_EDGE('',*,*,#2314,.T.);
#2314 = EDGE_CURVE('',#2306,#2315,#2317,.T.);
#2315 = VERTEX_POINT('',#2316);
#2316 = CARTESIAN_POINT('',(-15.98351486823,-4.,-14.52884208933));
#2317 = B_SPLINE_CURVE_WITH_KNOTS('',6,(#2318,#2319,#2320,#2321,#2322,
    #2323,#2324),.UNSPECIFIED.,.F.,.F.,(7,7),(0.,1.),
  .PIECEWISE_BEZIER_KNOTS.);
#2318 = CARTESIAN_POINT('',(-16.46377818226,-4.4,-14.59260113774));
#2319 = CARTESIAN_POINT('',(-16.37629647959,-4.336286620949,
    -14.59524528653));
#2320 = CARTESIAN_POINT('',(-16.29191596132,-4.270961945766,
    -14.59166534028));
#2321 = CARTESIAN_POINT('',(-16.21051949943,-4.204431680731,
    -14.58272511254));
#2322 = CARTESIAN_POINT('',(-16.13204371049,-4.136974970364,
    -14.56899419804));
#2323 = CARTESIAN_POINT('',(-16.0564050646,-4.06879175888,
    -14.55092646892));
#2324 = CARTESIAN_POINT('',(-15.98351423248,-3.9999994,-14.52884189671)
  );
#2325 = ORIENTED_EDGE('',*,*,#2326,.T.);
#2326 = EDGE_CURVE('',#2315,#2082,#2327,.T.);
#2327 = CIRCLE('',#2328,1.5);
#2328 = AXIS2_PLACEMENT_3D('',#2329,#2330,#2331);
#2329 = CARTESIAN_POINT('',(-16.41846113182,-4.,-13.09328583903));
#2330 = DIRECTION('',(0.,-1.,-2.22044604925E-16));
#2331 = DIRECTION('',(-0.623489801859,-1.736014626426E-16,0.781831482468
    ));
#2332 = CYLINDRICAL_SURFACE('',#2333,1.5);
#2333 = AXIS2_PLACEMENT_3D('',#2334,#2335,#2336);
#2334 = CARTESIAN_POINT('',(-16.41846113182,-24.,-13.09328583903));
#2335 = DIRECTION('',(0.,-1.,-2.22044604925E-16));
#2336 = DIRECTION('',(-0.623489801859,-1.736014626426E-16,0.781831482468
    ));
#2337 = ADVANCED_FACE('',(#2338),#2407,.T.);
#2338 = FACE_BOUND('',#2339,.T.);
#2339 = EDGE_LOOP('',(#2340,#2363,#2372,#2395,#2405,#2406));
#2340 = ORIENTED_EDGE('',*,*,#2341,.F.);
#2341 = EDGE_CURVE('',#2342,#2091,#2344,.T.);
#2342 = VERTEX_POINT('',#2343);
#2343 = CARTESIAN_POINT('',(-16.19699125103,-23.6,-14.88816558256));
#2344 = B_SPLINE_CURVE_WITH_KNOTS('',5,(#2345,#2346,#2347,#2348,#2349,
    #2350,#2351,#2352,#2353,#2354,#2355,#2356,#2357,#2358,#2359,#2360,
    #2361,#2362),.UNSPECIFIED.,.F.,.F.,(6,4,4,4,6),(0.,0.155230865589,
    0.460905226927,0.754281618706,1.),.UNSPECIFIED.);
#2345 = CARTESIAN_POINT('',(-16.19699127995,-23.6,-14.88816555109));
#2346 = CARTESIAN_POINT('',(-16.20582039739,-23.59999999999,
    -14.87856026177));
#2347 = CARTESIAN_POINT('',(-16.21386639037,-23.601054165,
    -14.86823492972));
#2348 = CARTESIAN_POINT('',(-16.22105032338,-23.60316263456,
    -14.85727521218));
#2349 = CARTESIAN_POINT('',(-16.22730742298,-23.60630634108,
    -14.84578079707));
#2350 = CARTESIAN_POINT('',(-16.24299708567,-23.61860453225,
    -14.81038099838));
#2351 = CARTESIAN_POINT('',(-16.24963044324,-23.63063147703,
    -14.78524360899));
#2352 = CARTESIAN_POINT('',(-16.25213493674,-23.64624901144,
    -14.75926235399));
#2353 = CARTESIAN_POINT('',(-16.25043830169,-23.6649034944,
    -14.73336111139));
#2354 = CARTESIAN_POINT('',(-16.23928699519,-23.70601885913,
    -14.68441919137));
#2355 = CARTESIAN_POINT('',(-16.230146988,-23.72829657455,
    -14.66130525435));
#2356 = CARTESIAN_POINT('',(-16.21750779034,-23.75208957318,
    -14.63979654688));
#2357 = CARTESIAN_POINT('',(-16.20178144344,-23.77664075609,
    -14.62057751074));
#2358 = CARTESIAN_POINT('',(-16.16825434525,-23.82174602366,
    -14.59040430164));
#2359 = CARTESIAN_POINT('',(-16.15120568196,-23.84230132597,
    -14.57861494532));
#2360 = CARTESIAN_POINT('',(-16.13272273527,-23.86240487896,
    -14.56908933977));
#2361 = CARTESIAN_POINT('',(-16.11321525938,-23.8816043812,
    -14.56204331946));
#2362 = CARTESIAN_POINT('',(-16.09312414141,-23.89949851487,
    -14.5575794717));
#2363 = ORIENTED_EDGE('',*,*,#2364,.T.);
#2364 = EDGE_CURVE('',#2342,#2365,#2367,.T.);
#2365 = VERTEX_POINT('',#2366);
#2366 = CARTESIAN_POINT('',(-10.91071856716,-23.6,-19.10382737432));
#2367 = CIRCLE('',#2368,22.);
#2368 = AXIS2_PLACEMENT_3D('',#2369,#2370,#2371);
#2369 = CARTESIAN_POINT('',(1.33226762955E-16,-23.6,-1.33226762955E-16)
  );
#2370 = DIRECTION('',(-3.330669073875E-16,-1.,3.330669073875E-16));
#2371 = DIRECTION('',(-3.3104832007E-16,3.330669073875E-16,1.));
#2372 = ORIENTED_EDGE('',*,*,#2373,.T.);
#2373 = EDGE_CURVE('',#2365,#2374,#2376,.T.);
#2374 = VERTEX_POINT('',#2375);
#2375 = CARTESIAN_POINT('',(-10.61153354654,-23.89949851487,
    -18.92900209985));
#2376 = B_SPLINE_CURVE_WITH_KNOTS('',5,(#2377,#2378,#2379,#2380,#2381,
    #2382,#2383,#2384,#2385,#2386,#2387,#2388,#2389,#2390,#2391,#2392,
    #2393,#2394),.UNSPECIFIED.,.F.,.F.,(6,4,4,4,6),(0.,0.155227997333,
    0.460903396544,0.754280784442,1.),.UNSPECIFIED.);
#2377 = CARTESIAN_POINT('',(-10.91071732852,-23.6,-19.10382808174));
#2378 = CARTESIAN_POINT('',(-10.89938840178,-23.6000000922,
    -19.11029823465));
#2379 = CARTESIAN_POINT('',(-10.88753133014,-23.60105436869,
    -19.11584488101));
#2380 = CARTESIAN_POINT('',(-10.87524885394,-23.60316270662,
    -19.12040950915));
#2381 = CARTESIAN_POINT('',(-10.86265019387,-23.60630643168,
    -19.12395200915));
#2382 = CARTESIAN_POINT('',(-10.8246469436,-23.61860453226,
    -19.13137104832));
#2383 = CARTESIAN_POINT('',(-10.79866374012,-23.63063147704,
    -19.1322444984));
#2384 = CARTESIAN_POINT('',(-10.77277658719,-23.64624901145,
    -19.12890482589));
#2385 = CARTESIAN_POINT('',(-10.74790227964,-23.66490349441,
    -19.12148716033));
#2386 = CARTESIAN_POINT('',(-10.70266883488,-23.70601885915,
    -19.09972483861));
#2387 = CARTESIAN_POINT('',(-10.68216825545,-23.72829657456,
    -19.08567065563));
#2388 = CARTESIAN_POINT('',(-10.66401130225,-23.7520895732,
    -19.06856221136));
#2389 = CARTESIAN_POINT('',(-10.64877356888,-23.77664075611,
    -19.04895351894));
#2390 = CARTESIAN_POINT('',(-10.62681734633,-23.82174602367,
    -19.00955284443));
#2391 = CARTESIAN_POINT('',(-10.61911725827,-23.84230132597,
    -18.99030824814));
#2392 = CARTESIAN_POINT('',(-10.6139433221,-23.86240487896,
    -18.97016906088));
#2393 = CARTESIAN_POINT('',(-10.61141478198,-23.88160438121,
    -18.94958279112));
#2394 = CARTESIAN_POINT('',(-10.61153354654,-23.89949851487,
    -18.92900209985));
#2395 = ORIENTED_EDGE('',*,*,#2396,.F.);
#2396 = EDGE_CURVE('',#249,#2374,#2397,.T.);
#2397 = B_SPLINE_CURVE_WITH_KNOTS('',6,(#2398,#2399,#2400,#2401,#2402,
    #2403,#2404),.UNSPECIFIED.,.F.,.F.,(7,7),(0.,1.),
  .PIECEWISE_BEZIER_KNOTS.);
#2398 = CARTESIAN_POINT('',(-10.60790702819,-24.,-18.81574629083));
#2399 = CARTESIAN_POINT('',(-10.61321811732,-23.93120774659,
    -18.89172377862));
#2400 = CARTESIAN_POINT('',(-10.61400163927,-23.86302463951,
    -18.96948634987));
#2401 = CARTESIAN_POINT('',(-10.60992576821,-23.79556803177,
    -19.04904989422));
#2402 = CARTESIAN_POINT('',(-10.60052942586,-23.72903786672,
    -19.13039485156));
#2403 = CARTESIAN_POINT('',(-10.58524319604,-23.66371328786,
    -19.21345626982));
#2404 = CARTESIAN_POINT('',(-10.56319886295,-23.6,-19.29815612388));
#2405 = ORIENTED_EDGE('',*,*,#257,.F.);
#2406 = ORIENTED_EDGE('',*,*,#2090,.F.);
#2407 = CONICAL_SURFACE('',#2408,22.,0.785398163397);
#2408 = AXIS2_PLACEMENT_3D('',#2409,#2410,#2411);
#2409 = CARTESIAN_POINT('',(1.33226762955E-16,-23.6,-1.33226762955E-16)
  );
#2410 = DIRECTION('',(3.330669073875E-16,1.,-3.330669073875E-16));
#2411 = DIRECTION('',(-3.3104832007E-16,3.330669073875E-16,1.));
#2412 = ADVANCED_FACE('',(#2413),#2667,.F.);
#2413 = FACE_BOUND('',#2414,.F.);
#2414 = EDGE_LOOP('',(#2415,#2423,#2424,#2436,#2445,#2456,#2511,#2522,
    #2529,#2530,#2531,#2532,#2541,#2553,#2562,#2573,#2628,#2639,#2648,
    #2660));
#2415 = ORIENTED_EDGE('',*,*,#2416,.F.);
#2416 = EDGE_CURVE('',#240,#2417,#2419,.T.);
#2417 = VERTEX_POINT('',#2418);
#2418 = CARTESIAN_POINT('',(-10.46301182332,-4.,-18.26952061727));
#2419 = LINE('',#2420,#2421);
#2420 = CARTESIAN_POINT('',(-10.46301182332,-24.,-18.26952061727));
#2421 = VECTOR('',#2422,1.);
#2422 = DIRECTION('',(2.465190328816E-32,1.,2.22044604925E-16));
#2423 = ORIENTED_EDGE('',*,*,#239,.F.);
#2424 = ORIENTED_EDGE('',*,*,#2425,.F.);
#2425 = EDGE_CURVE('',#2426,#231,#2428,.T.);
#2426 = VERTEX_POINT('',#2427);
#2427 = CARTESIAN_POINT('',(-8.183106825022,-23.89949851487,
    -20.09847077257));
#2428 = B_SPLINE_CURVE_WITH_KNOTS('',6,(#2429,#2430,#2431,#2432,#2433,
    #2434,#2435),.UNSPECIFIED.,.F.,.F.,(7,7),(0.,1.),
  .PIECEWISE_BEZIER_KNOTS.);
#2429 = CARTESIAN_POINT('',(-8.501859245176,-23.6,-20.29084496454));
#2430 = CARTESIAN_POINT('',(-8.421893701397,-23.66371337905,
    -20.25527037202));
#2431 = CARTESIAN_POINT('',(-8.347422761842,-23.72903805423,
    -20.21543361713));
#2432 = CARTESIAN_POINT('',(-8.277966103162,-23.79556831926,
    -20.17206214903));
#2433 = CARTESIAN_POINT('',(-8.21321948097,-23.86302502963,
    -20.1256416538));
#2434 = CARTESIAN_POINT('',(-8.152910709675,-23.93120824112,
    -20.07654481385));
#2435 = CARTESIAN_POINT('',(-8.096820475952,-24.0000006,-20.02502115505)
  );
#2436 = ORIENTED_EDGE('',*,*,#2437,.F.);
#2437 = EDGE_CURVE('',#2438,#2426,#2440,.T.);
#2438 = VERTEX_POINT('',#2439);
#2439 = CARTESIAN_POINT('',(-8.183106825022,-18.40496635575,
    -20.09847077257));
#2440 = ( BOUNDED_CURVE() B_SPLINE_CURVE(2,(#2441,#2442,#2443,#2444),
.UNSPECIFIED.,.F.,.F.) B_SPLINE_CURVE_WITH_KNOTS((3,1,3),(
-2.999333580064,5.767949192431,6.120947683008),.UNSPECIFIED.) CURVE() 
GEOMETRIC_REPRESENTATION_ITEM() RATIONAL_B_SPLINE_CURVE((1.056651799772,
1.056651799772,1.056651799772,1.056651799772)) REPRESENTATION_ITEM('') 
  );
#2441 = CARTESIAN_POINT('',(-8.183106825022,-15.2327172275,
    -20.09847077257));
#2442 = CARTESIAN_POINT('',(-8.183106825022,-19.61635861375,
    -20.09847077257));
#2443 = CARTESIAN_POINT('',(-8.183106825022,-24.17649924528,
    -20.09847077257));
#2444 = CARTESIAN_POINT('',(-8.183106825022,-24.35299849057,
    -20.09847077257));
#2445 = ORIENTED_EDGE('',*,*,#2446,.F.);
#2446 = EDGE_CURVE('',#2447,#2438,#2449,.T.);
#2447 = VERTEX_POINT('',#2448);
#2448 = CARTESIAN_POINT('',(-8.501859245177,-18.23205080756,
    -20.29084496454));
#2449 = B_SPLINE_CURVE_WITH_KNOTS('',5,(#2450,#2451,#2452,#2453,#2454,
    #2455),.UNSPECIFIED.,.F.,.F.,(6,6),(0.,1.),
  .PIECEWISE_BEZIER_KNOTS.);
#2450 = CARTESIAN_POINT('',(-8.501859245176,-18.23205080756,
    -20.29084496454));
#2451 = CARTESIAN_POINT('',(-8.430597007733,-18.2648321376,
    -20.25914224686));
#2452 = CARTESIAN_POINT('',(-8.363158345451,-18.29871513891,
    -20.22359243106));
#2453 = CARTESIAN_POINT('',(-8.299481889059,-18.33347086122,
    -20.18471486786));
#2454 = CARTESIAN_POINT('',(-8.239493636181,-18.36892837493,
    -20.14290786594));
#2455 = CARTESIAN_POINT('',(-8.183106825022,-18.40496635575,
    -20.09847077257));
#2456 = ORIENTED_EDGE('',*,*,#2457,.F.);
#2457 = EDGE_CURVE('',#2458,#2447,#2460,.T.);
#2458 = VERTEX_POINT('',#2459);
#2459 = CARTESIAN_POINT('',(-10.56319886295,-18.23205080756,
    -19.29815612388));
#2460 = B_SPLINE_CURVE_WITH_KNOTS('',7,(#2461,#2462,#2463,#2464,#2465,
    #2466,#2467,#2468,#2469,#2470,#2471,#2472,#2473,#2474,#2475,#2476,
    #2477,#2478,#2479,#2480,#2481,#2482,#2483,#2484,#2485,#2486,#2487,
    #2488,#2489,#2490,#2491,#2492,#2493,#2494,#2495,#2496,#2497,#2498,
    #2499,#2500,#2501,#2502,#2503,#2504,#2505,#2506,#2507,#2508,#2509,
    #2510),.UNSPECIFIED.,.F.,.F.,(8,6,6,6,6,6,6,6,8),(0.,0.2917736759,
    0.372580949731,0.414439938036,0.499890492638,0.585334514129,
    0.628368186824,0.709247356438,1.),.UNSPECIFIED.);
#2461 = CARTESIAN_POINT('',(-10.61153354654,-18.40496635575,
    -18.92900209985));
#2462 = CARTESIAN_POINT('',(-10.61086992852,-18.34723903902,
    -19.04400036252));
#2463 = CARTESIAN_POINT('',(-10.5999056712,-18.29101297073,
    -19.16159329143));
#2464 = CARTESIAN_POINT('',(-10.57778201174,-18.2365032558,
    -19.28170939685));
#2465 = CARTESIAN_POINT('',(-10.54322445204,-18.18425605398,
    -19.40380830299));
#2466 = CARTESIAN_POINT('',(-10.49469038034,-18.1351480876,
    -19.52677657263));
#2467 = CARTESIAN_POINT('',(-10.43063264436,-18.09032647859,
    -19.64889782767));
#2468 = CARTESIAN_POINT('',(-10.32673279116,-18.04052741522,
    -19.80065447096));
#2469 = CARTESIAN_POINT('',(-10.30288883895,-18.03018210044,
    -19.83329034732));
#2470 = CARTESIAN_POINT('',(-10.27771011585,-18.02032768699,
    -19.8655846068));
#2471 = CARTESIAN_POINT('',(-10.25117745535,-18.0110032649,
    -19.8974631094));
#2472 = CARTESIAN_POINT('',(-10.22328085933,-18.00225018444,
    -19.92884251449));
#2473 = CARTESIAN_POINT('',(-10.19402267932,-17.99411076513,
    -19.95963148888));
#2474 = CARTESIAN_POINT('',(-10.1475687125,-17.98275034101,
    -20.00532424108));
#2475 = CARTESIAN_POINT('',(-10.13135632944,-17.97904960332,
    -20.02073170422));
#2476 = CARTESIAN_POINT('',(-10.11478623015,-17.97553075858,
    -20.03594034911));
#2477 = CARTESIAN_POINT('',(-10.09786239373,-17.9721995873,
    -20.05093594599));
#2478 = CARTESIAN_POINT('',(-10.08059019681,-17.96906168366,
    -20.06570399047));
#2479 = CARTESIAN_POINT('',(-10.06297641362,-17.96612245555,
    -20.08022970353));
#2480 = CARTESIAN_POINT('',(-10.00839197132,-17.95780324482,
    -20.12362526535));
#2481 = CARTESIAN_POINT('',(-9.970360128189,-17.9530680857,
    -20.15168442283));
#2482 = CARTESIAN_POINT('',(-9.931012064731,-17.94922664054,
    -20.17854203395));
#2483 = CARTESIAN_POINT('',(-9.890446790631,-17.94631608448,
    -20.204071288));
#2484 = CARTESIAN_POINT('',(-9.848785689865,-17.94436346392,
    -20.22815614116));
#2485 = CARTESIAN_POINT('',(-9.806174263484,-17.94338338604,
    -20.25069542404));
#2486 = CARTESIAN_POINT('',(-9.719396798713,-17.94336803121,
    -20.29251687565));
#2487 = CARTESIAN_POINT('',(-9.675220757468,-17.9443326036,
    -20.31180417185));
#2488 = CARTESIAN_POINT('',(-9.630426702021,-17.94626971897,
    -20.32938585434));
#2489 = CARTESIAN_POINT('',(-9.585184385183,-17.94916491656,
    -20.34521096261));
#2490 = CARTESIAN_POINT('',(-9.539660232619,-17.95299128188,
    -20.35925665775));
#2491 = CARTESIAN_POINT('',(-9.494015216266,-17.95771174719,
    -20.37152432108));
#2492 = CARTESIAN_POINT('',(-9.425430109321,-17.96608653002,
    -20.3873296594));
#2493 = CARTESIAN_POINT('',(-9.402464028469,-17.96910732244,
    -20.39217845619));
#2494 = CARTESIAN_POINT('',(-9.379522833553,-17.97233809715,
    -20.39658528479));
#2495 = CARTESIAN_POINT('',(-9.356623660075,-17.97577297636,
    -20.40055441072));
#2496 = CARTESIAN_POINT('',(-9.333782430659,-17.97940587658,
    -20.40409112342));
#2497 = CARTESIAN_POINT('',(-9.31101385506,-17.98323050864,
    -20.4072017362));
#2498 = CARTESIAN_POINT('',(-9.245701192583,-17.99477668262,
    -20.41495275481));
#2499 = CARTESIAN_POINT('',(-9.203376161336,-18.00296734982,
    -20.41853217438));
#2500 = CARTESIAN_POINT('',(-9.1614436555,-18.01177024892,
    -20.42067958482));
#2501 = CARTESIAN_POINT('',(-9.119976018336,-18.02114299098,
    -20.42145049762));
#2502 = CARTESIAN_POINT('',(-9.079031664696,-18.03104420807,
    -20.42090497608));
#2503 = CARTESIAN_POINT('',(-9.038656128434,-18.04143483282,
    -20.41910441547));
#2504 = CARTESIAN_POINT('',(-8.855903027816,-18.09126444914,
    -20.40533766682));
#2505 = CARTESIAN_POINT('',(-8.721115349705,-18.13600420293,
    -20.37914907286));
#2506 = CARTESIAN_POINT('',(-8.595287032144,-18.18498378676,
    -20.34041671319));
#2507 = CARTESIAN_POINT('',(-8.478784666136,-18.23707209556,
    -20.29139096995));
#2508 = CARTESIAN_POINT('',(-8.37151614084,-18.29140434752,
    -20.23394733897));
#2509 = CARTESIAN_POINT('',(-8.273114399175,-18.3474406478,
    -20.16940358282));
#2510 = CARTESIAN_POINT('',(-8.183106825022,-18.40496635575,
    -20.09847077257));
#2511 = ORIENTED_EDGE('',*,*,#2512,.T.);
#2512 = EDGE_CURVE('',#2458,#2513,#2515,.T.);
#2513 = VERTEX_POINT('',#2514);
#2514 = CARTESIAN_POINT('',(-10.61153354654,-18.40496635575,
    -18.92900209985));
#2515 = B_SPLINE_CURVE_WITH_KNOTS('',5,(#2516,#2517,#2518,#2519,#2520,
    #2521),.UNSPECIFIED.,.F.,.F.,(6,6),(0.,1.),
  .PIECEWISE_BEZIER_KNOTS.);
#2516 = CARTESIAN_POINT('',(-10.56319886295,-18.23205080756,
    -19.29815612388));
#2517 = CARTESIAN_POINT('',(-10.58284412713,-18.26483241902,
    -19.22267409399));
#2518 = CARTESIAN_POINT('',(-10.59709736761,-18.29871548532,
    -19.14778340498));
#2519 = CARTESIAN_POINT('',(-10.60640311183,-18.33347071954,
    -19.07376044907));
#2520 = CARTESIAN_POINT('',(-10.61111925578,-18.36892771143,
    -19.00079448031));
#2521 = CARTESIAN_POINT('',(-10.61153354654,-18.40496635575,
    -18.92900209985));
#2522 = ORIENTED_EDGE('',*,*,#2523,.T.);
#2523 = EDGE_CURVE('',#2513,#2374,#2524,.T.);
#2524 = ( BOUNDED_CURVE() B_SPLINE_CURVE(2,(#2525,#2526,#2527,#2528),
.UNSPECIFIED.,.F.,.F.) B_SPLINE_CURVE_WITH_KNOTS((3,1,3),(
-2.999333580064,5.767949192431,6.120947683008),.UNSPECIFIED.) CURVE() 
GEOMETRIC_REPRESENTATION_ITEM() RATIONAL_B_SPLINE_CURVE((1.056651799772,
1.056651799772,1.056651799772,1.056651799772)) REPRESENTATION_ITEM('') 
  );
#2525 = CARTESIAN_POINT('',(-10.61153354654,-15.2327172275,
    -18.92900209985));
#2526 = CARTESIAN_POINT('',(-10.61153354654,-19.61635861375,
    -18.92900209985));
#2527 = CARTESIAN_POINT('',(-10.61153354654,-24.17649924528,
    -18.92900209985));
#2528 = CARTESIAN_POINT('',(-10.61153354654,-24.35299849057,
    -18.92900209985));
#2529 = ORIENTED_EDGE('',*,*,#2396,.F.);
#2530 = ORIENTED_EDGE('',*,*,#248,.F.);
#2531 = ORIENTED_EDGE('',*,*,#2416,.T.);
#2532 = ORIENTED_EDGE('',*,*,#2533,.T.);
#2533 = EDGE_CURVE('',#2417,#2534,#2536,.T.);
#2534 = VERTEX_POINT('',#2535);
#2535 = CARTESIAN_POINT('',(-10.60790702819,-4.,-18.81574629083));
#2536 = CIRCLE('',#2537,1.5);
#2537 = AXIS2_PLACEMENT_3D('',#2538,#2539,#2540);
#2538 = CARTESIAN_POINT('',(-9.111558521469,-4.,-18.92034622595));
#2539 = DIRECTION('',(0.,-1.,-2.22044604925E-16));
#2540 = DIRECTION('',(-0.900968867902,-9.634154343575E-17,0.433883739118
    ));
#2541 = ORIENTED_EDGE('',*,*,#2542,.T.);
#2542 = EDGE_CURVE('',#2534,#2543,#2545,.T.);
#2543 = VERTEX_POINT('',#2544);
#2544 = CARTESIAN_POINT('',(-10.61153354654,-4.100501485124,
    -18.92900209985));
#2545 = B_SPLINE_CURVE_WITH_KNOTS('',6,(#2546,#2547,#2548,#2549,#2550,
    #2551,#2552),.UNSPECIFIED.,.F.,.F.,(7,7),(0.,1.),
  .PIECEWISE_BEZIER_KNOTS.);
#2546 = CARTESIAN_POINT('',(-10.60790702819,-4.,-18.81574629083));
#2547 = CARTESIAN_POINT('',(-10.61321811732,-4.06879225341,
    -18.89172377862));
#2548 = CARTESIAN_POINT('',(-10.61400163927,-4.136975360483,
    -18.96948634987));
#2549 = CARTESIAN_POINT('',(-10.60992576821,-4.204431968223,
    -19.04904989422));
#2550 = CARTESIAN_POINT('',(-10.60052942586,-4.270962133273,
    -19.13039485156));
#2551 = CARTESIAN_POINT('',(-10.58524319604,-4.336286712138,
    -19.21345626982));
#2552 = CARTESIAN_POINT('',(-10.56319886295,-4.4,-19.29815612388));
#2553 = ORIENTED_EDGE('',*,*,#2554,.T.);
#2554 = EDGE_CURVE('',#2543,#2555,#2557,.T.);
#2555 = VERTEX_POINT('',#2556);
#2556 = CARTESIAN_POINT('',(-10.61153354654,-9.595033644246,
    -18.92900209985));
#2557 = ( BOUNDED_CURVE() B_SPLINE_CURVE(2,(#2558,#2559,#2560,#2561),
.UNSPECIFIED.,.F.,.F.) B_SPLINE_CURVE_WITH_KNOTS((3,1,3),(
    -0.352998490577,6.157075717328E-14,8.767282772495),.UNSPECIFIED.) 
CURVE() GEOMETRIC_REPRESENTATION_ITEM() RATIONAL_B_SPLINE_CURVE((
    1.056651799772,1.056651799772,1.056651799772,1.056651799772)) 
REPRESENTATION_ITEM('') );
#2558 = CARTESIAN_POINT('',(-10.61153354654,-3.647001509423,
    -18.92900209985));
#2559 = CARTESIAN_POINT('',(-10.61153354654,-3.823500754712,
    -18.92900209985));
#2560 = CARTESIAN_POINT('',(-10.61153354654,-8.383641386248,
    -18.92900209985));
#2561 = CARTESIAN_POINT('',(-10.61153354654,-12.76728277249,
    -18.92900209985));
#2562 = ORIENTED_EDGE('',*,*,#2563,.F.);
#2563 = EDGE_CURVE('',#2564,#2555,#2566,.T.);
#2564 = VERTEX_POINT('',#2565);
#2565 = CARTESIAN_POINT('',(-10.56319886295,-9.767949192431,
    -19.29815612388));
#2566 = B_SPLINE_CURVE_WITH_KNOTS('',5,(#2567,#2568,#2569,#2570,#2571,
    #2572),.UNSPECIFIED.,.F.,.F.,(6,6),(0.,1.),
  .PIECEWISE_BEZIER_KNOTS.);
#2567 = CARTESIAN_POINT('',(-10.56319886295,-9.767949192431,
    -19.29815612388));
#2568 = CARTESIAN_POINT('',(-10.58284395849,-9.735167862391,
    -19.22267474197));
#2569 = CARTESIAN_POINT('',(-10.59709731149,-9.701284861084,
    -19.14778412505));
#2570 = CARTESIAN_POINT('',(-10.6064032298,-9.66652913878,
    -19.07376010258));
#2571 = CARTESIAN_POINT('',(-10.61111926341,-9.631071625064,
    -19.00079315855));
#2572 = CARTESIAN_POINT('',(-10.61153354654,-9.595033644246,
    -18.92900209985));
#2573 = ORIENTED_EDGE('',*,*,#2574,.T.);
#2574 = EDGE_CURVE('',#2564,#2575,#2577,.T.);
#2575 = VERTEX_POINT('',#2576);
#2576 = CARTESIAN_POINT('',(-8.501859245176,-9.767949192431,
    -20.29084496454));
#2577 = B_SPLINE_CURVE_WITH_KNOTS('',7,(#2578,#2579,#2580,#2581,#2582,
    #2583,#2584,#2585,#2586,#2587,#2588,#2589,#2590,#2591,#2592,#2593,
    #2594,#2595,#2596,#2597,#2598,#2599,#2600,#2601,#2602,#2603,#2604,
    #2605,#2606,#2607,#2608,#2609,#2610,#2611,#2612,#2613,#2614,#2615,
    #2616,#2617,#2618,#2619,#2620,#2621,#2622,#2623,#2624,#2625,#2626,
    #2627),.UNSPECIFIED.,.F.,.F.,(8,6,6,6,6,6,6,6,8),(0.,0.2917736759,
    0.37258094973,0.414439938035,0.499890492637,0.585334514129,
    0.628368186823,0.709247356437,1.),.UNSPECIFIED.);
#2578 = CARTESIAN_POINT('',(-10.61153354654,-9.595033644246,
    -18.92900209985));
#2579 = CARTESIAN_POINT('',(-10.61086992852,-9.652760960978,
    -19.04400036252));
#2580 = CARTESIAN_POINT('',(-10.5999056712,-9.70898702927,
    -19.16159329143));
#2581 = CARTESIAN_POINT('',(-10.57778201174,-9.763496744192,
    -19.28170939685));
#2582 = CARTESIAN_POINT('',(-10.54322445204,-9.815743946012,
    -19.40380830299));
#2583 = CARTESIAN_POINT('',(-10.49469038034,-9.864851912397,
    -19.52677657263));
#2584 = CARTESIAN_POINT('',(-10.43063264436,-9.909673521406,
    -19.64889782767));
#2585 = CARTESIAN_POINT('',(-10.32673279116,-9.95947258478,
    -19.80065447096));
#2586 = CARTESIAN_POINT('',(-10.30288883895,-9.969817899551,
    -19.83329034732));
#2587 = CARTESIAN_POINT('',(-10.27771011585,-9.979672313007,
    -19.8655846068));
#2588 = CARTESIAN_POINT('',(-10.25117745535,-9.988996735091,
    -19.8974631094));
#2589 = CARTESIAN_POINT('',(-10.22328085933,-9.997749815551,
    -19.92884251449));
#2590 = CARTESIAN_POINT('',(-10.19402267932,-10.00588923486,
    -19.95963148888));
#2591 = CARTESIAN_POINT('',(-10.1475687125,-10.01724965898,
    -20.00532424108));
#2592 = CARTESIAN_POINT('',(-10.13135632944,-10.02095039667,
    -20.02073170422));
#2593 = CARTESIAN_POINT('',(-10.11478623015,-10.02446924141,
    -20.03594034911));
#2594 = CARTESIAN_POINT('',(-10.09786239373,-10.0278004127,
    -20.05093594599));
#2595 = CARTESIAN_POINT('',(-10.08059019681,-10.03093831633,
    -20.06570399047));
#2596 = CARTESIAN_POINT('',(-10.06297641362,-10.03387754444,
    -20.08022970353));
#2597 = CARTESIAN_POINT('',(-10.00839197132,-10.04219675517,
    -20.12362526535));
#2598 = CARTESIAN_POINT('',(-9.970360128189,-10.04693191429,
    -20.15168442283));
#2599 = CARTESIAN_POINT('',(-9.931012064731,-10.05077335945,
    -20.17854203395));
#2600 = CARTESIAN_POINT('',(-9.890446790631,-10.05368391551,
    -20.204071288));
#2601 = CARTESIAN_POINT('',(-9.848785689865,-10.05563653607,
    -20.22815614116));
#2602 = CARTESIAN_POINT('',(-9.806174263484,-10.05661661395,
    -20.25069542404));
#2603 = CARTESIAN_POINT('',(-9.719396798713,-10.05663196878,
    -20.29251687565));
#2604 = CARTESIAN_POINT('',(-9.675220757468,-10.05566739639,
    -20.31180417185));
#2605 = CARTESIAN_POINT('',(-9.630426702021,-10.05373028102,
    -20.32938585434));
#2606 = CARTESIAN_POINT('',(-9.585184385183,-10.05083508343,
    -20.34521096261));
#2607 = CARTESIAN_POINT('',(-9.539660232619,-10.04700871811,
    -20.35925665775));
#2608 = CARTESIAN_POINT('',(-9.494015216266,-10.0422882528,
    -20.37152432108));
#2609 = CARTESIAN_POINT('',(-9.425430109321,-10.03391346997,
    -20.3873296594));
#2610 = CARTESIAN_POINT('',(-9.402464028469,-10.03089267755,
    -20.39217845619));
#2611 = CARTESIAN_POINT('',(-9.379522833553,-10.02766190284,
    -20.39658528479));
#2612 = CARTESIAN_POINT('',(-9.356623660075,-10.02422702363,
    -20.40055441072));
#2613 = CARTESIAN_POINT('',(-9.333782430659,-10.02059412341,
    -20.40409112342));
#2614 = CARTESIAN_POINT('',(-9.31101385506,-10.01676949135,
    -20.4072017362));
#2615 = CARTESIAN_POINT('',(-9.245701192583,-10.00522331737,
    -20.41495275481));
#2616 = CARTESIAN_POINT('',(-9.203376161336,-9.997032650177,
    -20.41853217438));
#2617 = CARTESIAN_POINT('',(-9.1614436555,-9.988229751075,
    -20.42067958482));
#2618 = CARTESIAN_POINT('',(-9.119976018336,-9.978857009014,
    -20.42145049762));
#2619 = CARTESIAN_POINT('',(-9.079031664696,-9.968955791926,
    -20.42090497608));
#2620 = CARTESIAN_POINT('',(-9.038656128434,-9.958565167175,
    -20.41910441547));
#2621 = CARTESIAN_POINT('',(-8.855903027816,-9.908735550855,
    -20.40533766682));
#2622 = CARTESIAN_POINT('',(-8.721115349707,-9.863995797067,
    -20.37914907286));
#2623 = CARTESIAN_POINT('',(-8.59528703214,-9.815016213235,
    -20.34041671319));
#2624 = CARTESIAN_POINT('',(-8.478784666139,-9.762927904433,
    -20.29139096995));
#2625 = CARTESIAN_POINT('',(-8.371516140839,-9.708595652471,
    -20.23394733897));
#2626 = CARTESIAN_POINT('',(-8.273114399175,-9.652559352193,
    -20.16940358282));
#2627 = CARTESIAN_POINT('',(-8.183106825022,-9.595033644246,
    -20.09847077257));
#2628 = ORIENTED_EDGE('',*,*,#2629,.T.);
#2629 = EDGE_CURVE('',#2575,#2630,#2632,.T.);
#2630 = VERTEX_POINT('',#2631);
#2631 = CARTESIAN_POINT('',(-8.183106825022,-9.595033644246,
    -20.09847077257));
#2632 = B_SPLINE_CURVE_WITH_KNOTS('',5,(#2633,#2634,#2635,#2636,#2637,
    #2638),.UNSPECIFIED.,.F.,.F.,(6,6),(0.,1.),
  .PIECEWISE_BEZIER_KNOTS.);
#2633 = CARTESIAN_POINT('',(-8.501859245176,-9.767949192431,
    -20.29084496454));
#2634 = CARTESIAN_POINT('',(-8.430596395974,-9.735167580976,
    -20.2591419747));
#2635 = CARTESIAN_POINT('',(-8.363157747485,-9.70128451468,
    -20.22359202598));
#2636 = CARTESIAN_POINT('',(-8.299482233509,-9.666529280453,
    -20.18471499166));
#2637 = CARTESIAN_POINT('',(-8.239494674324,-9.631072288562,
    -20.14290868408));
#2638 = CARTESIAN_POINT('',(-8.183106825022,-9.595033644246,
    -20.09847077257));
#2639 = ORIENTED_EDGE('',*,*,#2640,.F.);
#2640 = EDGE_CURVE('',#2641,#2630,#2643,.T.);
#2641 = VERTEX_POINT('',#2642);
#2642 = CARTESIAN_POINT('',(-8.183106825022,-4.100501485124,
    -20.09847077257));
#2643 = ( BOUNDED_CURVE() B_SPLINE_CURVE(2,(#2644,#2645,#2646,#2647),
.UNSPECIFIED.,.F.,.F.) B_SPLINE_CURVE_WITH_KNOTS((3,1,3),(
    -0.352998490577,6.168843056153E-14,8.767282772495),.UNSPECIFIED.) 
CURVE() GEOMETRIC_REPRESENTATION_ITEM() RATIONAL_B_SPLINE_CURVE((
    1.056651799772,1.056651799772,1.056651799772,1.056651799772)) 
REPRESENTATION_ITEM('') );
#2644 = CARTESIAN_POINT('',(-8.183106825022,-3.647001509423,
    -20.09847077257));
#2645 = CARTESIAN_POINT('',(-8.183106825022,-3.823500754712,
    -20.09847077257));
#2646 = CARTESIAN_POINT('',(-8.183106825022,-8.383641386248,
    -20.09847077257));
#2647 = CARTESIAN_POINT('',(-8.183106825022,-12.76728277249,
    -20.09847077257));
#2648 = ORIENTED_EDGE('',*,*,#2649,.T.);
#2649 = EDGE_CURVE('',#2641,#2650,#2652,.T.);
#2650 = VERTEX_POINT('',#2651);
#2651 = CARTESIAN_POINT('',(-8.096820965165,-4.,-20.02502160443));
#2652 = B_SPLINE_CURVE_WITH_KNOTS('',6,(#2653,#2654,#2655,#2656,#2657,
    #2658,#2659),.UNSPECIFIED.,.F.,.F.,(7,7),(0.,1.),
  .PIECEWISE_BEZIER_KNOTS.);
#2653 = CARTESIAN_POINT('',(-8.501859245177,-4.4,-20.29084496454));
#2654 = CARTESIAN_POINT('',(-8.421893701397,-4.336286620949,
    -20.25527037202));
#2655 = CARTESIAN_POINT('',(-8.347422761842,-4.270961945766,
    -20.21543361713));
#2656 = CARTESIAN_POINT('',(-8.277966103162,-4.204431680731,
    -20.17206214903));
#2657 = CARTESIAN_POINT('',(-8.21321948097,-4.136974970364,
    -20.1256416538));
#2658 = CARTESIAN_POINT('',(-8.152910709675,-4.06879175888,
    -20.07654481385));
#2659 = CARTESIAN_POINT('',(-8.096820475952,-3.9999994,-20.02502115505)
  );
#2660 = ORIENTED_EDGE('',*,*,#2661,.T.);
#2661 = EDGE_CURVE('',#2650,#2417,#2662,.T.);
#2662 = CIRCLE('',#2663,1.5);
#2663 = AXIS2_PLACEMENT_3D('',#2664,#2665,#2666);
#2664 = CARTESIAN_POINT('',(-9.111558521469,-4.,-18.92034622595));
#2665 = DIRECTION('',(0.,-1.,-2.22044604925E-16));
#2666 = DIRECTION('',(-0.900968867902,-9.634154343575E-17,0.433883739118
    ));
#2667 = CYLINDRICAL_SURFACE('',#2668,1.5);
#2668 = AXIS2_PLACEMENT_3D('',#2669,#2670,#2671);
#2669 = CARTESIAN_POINT('',(-9.111558521469,-24.,-18.92034622595));
#2670 = DIRECTION('',(-2.465190328816E-32,-1.,-2.22044604925E-16));
#2671 = DIRECTION('',(-0.900968867902,-9.634154343575E-17,0.433883739118
    ));
#2672 = ADVANCED_FACE('',(#2673),#2742,.T.);
#2673 = FACE_BOUND('',#2674,.T.);
#2674 = EDGE_LOOP('',(#2675,#2698,#2707,#2730,#2740,#2741));
#2675 = ORIENTED_EDGE('',*,*,#2676,.F.);
#2676 = EDGE_CURVE('',#2677,#2426,#2679,.T.);
#2677 = VERTEX_POINT('',#2678);
#2678 = CARTESIAN_POINT('',(-8.133251919308,-23.6,-20.44138481652));
#2679 = B_SPLINE_CURVE_WITH_KNOTS('',5,(#2680,#2681,#2682,#2683,#2684,
    #2685,#2686,#2687,#2688,#2689,#2690,#2691,#2692,#2693,#2694,#2695,
    #2696,#2697),.UNSPECIFIED.,.F.,.F.,(6,4,4,4,6),(0.,0.155230864709,
    0.460905226371,0.754281618462,1.),.UNSPECIFIED.);
#2680 = CARTESIAN_POINT('',(-8.133251919395,-23.6,-20.44138481648));
#2681 = CARTESIAN_POINT('',(-8.145374258362,-23.6,-20.43656156025));
#2682 = CARTESIAN_POINT('',(-8.157103853679,-23.60105423038,
    -20.43074954075));
#2683 = CARTESIAN_POINT('',(-8.168330894098,-23.60316256912,
    -20.42399260422));
#2684 = CARTESIAN_POINT('',(-8.178955915709,-23.60630634111,
    -20.4163511383));
#2685 = CARTESIAN_POINT('',(-8.208451210292,-23.61860453225,
    -20.39126451132));
#2686 = CARTESIAN_POINT('',(-8.225334363454,-23.63063147704,
    -20.37149461204));
#2687 = CARTESIAN_POINT('',(-8.238863678197,-23.64624901144,
    -20.34917296914));
#2688 = CARTESIAN_POINT('',(-8.248573190819,-23.66490349441,
    -20.32510061356));
#2689 = CARTESIAN_POINT('',(-8.259761314084,-23.70601885914,
    -20.27616709673));
#2690 = CARTESIAN_POINT('',(-8.261555213572,-23.72829657455,
    -20.25137645856));
#2691 = CARTESIAN_POINT('',(-8.259499968385,-23.75208957319,
    -20.2265138404));
#2692 = CARTESIAN_POINT('',(-8.253669846679,-23.7766407561,
    -20.20237468098));
#2693 = CARTESIAN_POINT('',(-8.236554639764,-23.82174602366,
    -20.1606426962));
#2694 = CARTESIAN_POINT('',(-8.226309534905,-23.84230132597,
    -20.14262371541));
#2695 = CARTESIAN_POINT('',(-8.213789980706,-23.86240487896,
    -20.12602199135));
#2696 = CARTESIAN_POINT('',(-8.199271505877,-23.88160438121,
    -20.11120976983));
#2697 = CARTESIAN_POINT('',(-8.183106825022,-23.89949851487,
    -20.09847077257));
#2698 = ORIENTED_EDGE('',*,*,#2699,.T.);
#2699 = EDGE_CURVE('',#2677,#2700,#2702,.T.);
#2700 = VERTEX_POINT('',#2701);
#2701 = CARTESIAN_POINT('',(-1.541377702829,-23.6,-21.94593709043));
#2702 = CIRCLE('',#2703,22.);
#2703 = AXIS2_PLACEMENT_3D('',#2704,#2705,#2706);
#2704 = CARTESIAN_POINT('',(1.33226762955E-16,-23.6,-1.33226762955E-16)
  );
#2705 = DIRECTION('',(-3.330669073875E-16,-1.,3.330669073875E-16));
#2706 = DIRECTION('',(-3.3104832007E-16,3.330669073875E-16,1.));
#2707 = ORIENTED_EDGE('',*,*,#2708,.T.);
#2708 = EDGE_CURVE('',#2700,#2709,#2711,.T.);
#2709 = VERTEX_POINT('',#2710);
#2710 = CARTESIAN_POINT('',(-1.347675157286,-23.89949851487,
    -21.65861344537));
#2711 = B_SPLINE_CURVE_WITH_KNOTS('',5,(#2712,#2713,#2714,#2715,#2716,
    #2717,#2718,#2719,#2720,#2721,#2722,#2723,#2724,#2725,#2726,#2727,
    #2728,#2729),.UNSPECIFIED.,.F.,.F.,(6,4,4,4,6),(0.,0.155230864683,
    0.460905226342,0.754281618431,1.),.UNSPECIFIED.);
#2712 = CARTESIAN_POINT('',(-1.541377703055,-23.6,-21.94593709041));
#2713 = CARTESIAN_POINT('',(-1.528363120592,-23.6,-21.94685117246));
#2714 = CARTESIAN_POINT('',(-1.5152733792,-23.60105423038,
    -21.94670400454));
#2715 = CARTESIAN_POINT('',(-1.502226440293,-23.60316256912,
    -21.94548744537));
#2716 = CARTESIAN_POINT('',(-1.489338119036,-23.60630634111,
    -21.94321274656));
#2717 = CARTESIAN_POINT('',(-1.451879097353,-23.61860453225,
    -21.93340800535));
#2718 = CARTESIAN_POINT('',(-1.428090064138,-23.63063147703,
    -21.9229212672));
#2719 = CARTESIAN_POINT('',(-1.406215574865,-23.64624901144,
    -21.90868031154));
#2720 = CARTESIAN_POINT('',(-1.387023002623,-23.6649034944,
    -21.89120466823));
#2721 = CARTESIAN_POINT('',(-1.355711394615,-23.70601885913,
    -21.85197143772));
#2722 = CARTESIAN_POINT('',(-1.343338892239,-23.72829657454,
    -21.83041418834));
#2723 = CARTESIAN_POINT('',(-1.334403118437,-23.75208957317,
    -21.80712200594));
#2724 = CARTESIAN_POINT('',(-1.329182287837,-23.77664075609,
    -21.78284377979));
#2725 = CARTESIAN_POINT('',(-1.326495726837,-23.82174602365,
    -21.73781855074));
#2726 = CARTESIAN_POINT('',(-1.327908104602,-23.84230132596,
    -21.71713882561));
#2727 = CARTESIAN_POINT('',(-1.331984615065,-23.86240487895,
    -21.69674915809));
#2728 = CARTESIAN_POINT('',(-1.338638526836,-23.8816043812,
    -21.67710447748));
#2729 = CARTESIAN_POINT('',(-1.347675157286,-23.89949851487,
    -21.65861344537));
#2730 = ORIENTED_EDGE('',*,*,#2731,.F.);
#2731 = EDGE_CURVE('',#222,#2709,#2732,.T.);
#2732 = B_SPLINE_CURVE_WITH_KNOTS('',6,(#2733,#2734,#2735,#2736,#2737,
    #2738,#2739),.UNSPECIFIED.,.F.,.F.,(7,7),(0.,1.),
  .PIECEWISE_BEZIER_KNOTS.);
#2733 = CARTESIAN_POINT('',(-1.393547631048,-24.,-21.555));
#2734 = CARTESIAN_POINT('',(-1.365367360523,-23.93120774659,
    -21.62575774636));
#2735 = CARTESIAN_POINT('',(-1.332333374225,-23.86302463951,
    -21.69615935958));
#2736 = CARTESIAN_POINT('',(-1.294139813177,-23.79556803177,
    -21.76607518188));
#2737 = CARTESIAN_POINT('',(-1.250379746999,-23.72903786672,
    -21.83528753586));
#2738 = CARTESIAN_POINT('',(-1.200568331087,-23.66371328786,
    -21.90349084128));
#2739 = CARTESIAN_POINT('',(-1.143957183879,-23.6,-21.97023809523));
#2740 = ORIENTED_EDGE('',*,*,#230,.F.);
#2741 = ORIENTED_EDGE('',*,*,#2425,.F.);
#2742 = CONICAL_SURFACE('',#2743,22.,0.785398163397);
#2743 = AXIS2_PLACEMENT_3D('',#2744,#2745,#2746);
#2744 = CARTESIAN_POINT('',(1.33226762955E-16,-23.6,-1.33226762955E-16)
  );
#2745 = DIRECTION('',(3.330669073875E-16,1.,-3.330669073875E-16));
#2746 = DIRECTION('',(-3.3104832007E-16,3.330669073875E-16,1.));
#2747 = ADVANCED_FACE('',(#2748),#3002,.F.);
#2748 = FACE_BOUND('',#2749,.F.);
#2749 = EDGE_LOOP('',(#2750,#2758,#2759,#2771,#2780,#2791,#2846,#2857,
    #2864,#2865,#2866,#2867,#2876,#2888,#2897,#2908,#2963,#2974,#2983,
    #2995));
#2750 = ORIENTED_EDGE('',*,*,#2751,.F.);
#2751 = EDGE_CURVE('',#213,#2752,#2754,.T.);
#2752 = VERTEX_POINT('',#2753);
#2753 = CARTESIAN_POINT('',(-1.5,-4.,-21.));
#2754 = LINE('',#2755,#2756);
#2755 = CARTESIAN_POINT('',(-1.5,-24.,-21.));
#2756 = VECTOR('',#2757,1.);
#2757 = DIRECTION('',(0.,1.,2.22044604925E-16));
#2758 = ORIENTED_EDGE('',*,*,#212,.F.);
#2759 = ORIENTED_EDGE('',*,*,#2760,.F.);
#2760 = EDGE_CURVE('',#2761,#204,#2763,.T.);
#2761 = VERTEX_POINT('',#2762);
#2762 = CARTESIAN_POINT('',(1.347675157286,-23.89949851487,
    -21.65861344537));
#2763 = B_SPLINE_CURVE_WITH_KNOTS('',6,(#2764,#2765,#2766,#2767,#2768,
    #2769,#2770),.UNSPECIFIED.,.F.,.F.,(7,7),(0.,1.),
  .PIECEWISE_BEZIER_KNOTS.);
#2764 = CARTESIAN_POINT('',(1.143957183879,-23.6,-21.97023809523));
#2765 = CARTESIAN_POINT('',(1.20056841211,-23.66371337905,
    -21.90349074575));
#2766 = CARTESIAN_POINT('',(1.250379890047,-23.72903805423,
    -21.83528734009));
#2767 = CARTESIAN_POINT('',(1.294140002433,-23.79556831926,
    -21.76607488279));
#2768 = CARTESIAN_POINT('',(1.332333595291,-23.86302502963,
    -21.69615895523));
#2769 = CARTESIAN_POINT('',(1.365367600192,-23.93120824112,
    -21.62575723574));
#2770 = CARTESIAN_POINT('',(1.393547876834,-24.0000006,-21.55499938285)
  );
#2771 = ORIENTED_EDGE('',*,*,#2772,.F.);
#2772 = EDGE_CURVE('',#2773,#2761,#2775,.T.);
#2773 = VERTEX_POINT('',#2774);
#2774 = CARTESIAN_POINT('',(1.347675157286,-18.40496635575,
    -21.65861344537));
#2775 = ( BOUNDED_CURVE() B_SPLINE_CURVE(2,(#2776,#2777,#2778,#2779),
.UNSPECIFIED.,.F.,.F.) B_SPLINE_CURVE_WITH_KNOTS((3,1,3),(
-2.999333580064,5.767949192431,6.120947683008),.UNSPECIFIED.) CURVE() 
GEOMETRIC_REPRESENTATION_ITEM() RATIONAL_B_SPLINE_CURVE((1.056651799772,
1.056651799772,1.056651799772,1.056651799772)) REPRESENTATION_ITEM('') 
  );
#2776 = CARTESIAN_POINT('',(1.347675157286,-15.2327172275,
    -21.65861344537));
#2777 = CARTESIAN_POINT('',(1.347675157286,-19.61635861375,
    -21.65861344537));
#2778 = CARTESIAN_POINT('',(1.347675157286,-24.17649924528,
    -21.65861344537));
#2779 = CARTESIAN_POINT('',(1.347675157286,-24.35299849057,
    -21.65861344537));
#2780 = ORIENTED_EDGE('',*,*,#2781,.F.);
#2781 = EDGE_CURVE('',#2782,#2773,#2784,.T.);
#2782 = VERTEX_POINT('',#2783);
#2783 = CARTESIAN_POINT('',(1.143957183879,-18.23205080756,
    -21.97023809523));
#2784 = B_SPLINE_CURVE_WITH_KNOTS('',5,(#2785,#2786,#2787,#2788,#2789,
    #2790),.UNSPECIFIED.,.F.,.F.,(6,6),(0.,1.),
  .PIECEWISE_BEZIER_KNOTS.);
#2785 = CARTESIAN_POINT('',(1.143957183879,-18.23205080756,
    -21.97023809523));
#2786 = CARTESIAN_POINT('',(1.194406947584,-18.2648321376,
    -21.91075540753));
#2787 = CARTESIAN_POINT('',(1.239742595792,-18.29871513891,
    -21.84946559129));
#2788 = CARTESIAN_POINT('',(1.28024475813,-18.33347086122,-21.7868099382
    ));
#2789 = CARTESIAN_POINT('',(1.316152928098,-18.36892837493,
    -21.72311520354));
#2790 = CARTESIAN_POINT('',(1.347675157286,-18.40496635575,
    -21.65861344537));
#2791 = ORIENTED_EDGE('',*,*,#2792,.F.);
#2792 = EDGE_CURVE('',#2793,#2782,#2795,.T.);
#2793 = VERTEX_POINT('',#2794);
#2794 = CARTESIAN_POINT('',(-1.143957183879,-18.23205080756,
    -21.97023809523));
#2795 = B_SPLINE_CURVE_WITH_KNOTS('',7,(#2796,#2797,#2798,#2799,#2800,
    #2801,#2802,#2803,#2804,#2805,#2806,#2807,#2808,#2809,#2810,#2811,
    #2812,#2813,#2814,#2815,#2816,#2817,#2818,#2819,#2820,#2821,#2822,
    #2823,#2824,#2825,#2826,#2827,#2828,#2829,#2830,#2831,#2832,#2833,
    #2834,#2835,#2836,#2837,#2838,#2839,#2840,#2841,#2842,#2843,#2844,
    #2845),.UNSPECIFIED.,.F.,.F.,(8,6,6,6,6,6,6,6,8),(0.,0.2917736759,
    0.37258094973,0.414439938036,0.499890492637,0.585334514129,
    0.628368186823,0.709247356437,1.),.UNSPECIFIED.);
#2796 = CARTESIAN_POINT('',(-1.347675157286,-18.40496635575,
    -21.65861344537));
#2797 = CARTESIAN_POINT('',(-1.297181381909,-18.34723903902,
    -21.76193536683));
#2798 = CARTESIAN_POINT('',(-1.236281267724,-18.29101297073,
    -21.8631257219));
#2799 = CARTESIAN_POINT('',(-1.164232114354,-18.2365032558,
    -21.96174749732));
#2800 = CARTESIAN_POINT('',(-1.080120098974,-18.18425605398,
    -22.05676084735));
#2801 = CARTESIAN_POINT('',(-0.983038478718,-18.1351480876,
    -22.14649328553));
#2802 = CARTESIAN_POINT('',(-0.872338026088,-18.09032647859,
    -22.22872712442));
#2803 = CARTESIAN_POINT('',(-0.71288275315,-18.04052741522,
    -22.32037467872));
#2804 = CARTESIAN_POINT('',(-0.677239918459,-18.03018210044,
    -22.33943308416));
#2805 = CARTESIAN_POINT('',(-0.64054271875,-18.02032768699,
    -22.35760456804));
#2806 = CARTESIAN_POINT('',(-0.602806053756,-18.0110032649,
    -22.37481401649));
#2807 = CARTESIAN_POINT('',(-0.564057075608,-18.00225018444,
    -22.39098200418));
#2808 = CARTESIAN_POINT('',(-0.524337530951,-17.99411076513,
    -22.40602726304));
#2809 = CARTESIAN_POINT('',(-0.462658610886,-17.98275034101,
    -22.42703938944));
#2810 = CARTESIAN_POINT('',(-0.441366710757,-17.97904960332,
    -22.43388674468));
#2811 = CARTESIAN_POINT('',(-0.419838783452,-17.97553075858,
    -22.44039976361));
#2812 = CARTESIAN_POINT('',(-0.398084588061,-17.9721995873,
    -22.44656735213));
#2813 = CARTESIAN_POINT('',(-0.376115261999,-17.96906168366,
    -22.45237877506));
#2814 = CARTESIAN_POINT('',(-0.353943321003,-17.96612245555,
    -22.45782365621));
#2815 = CARTESIAN_POINT('',(-0.285935809192,-17.95780324482,
    -22.47323840449));
#2816 = CARTESIAN_POINT('',(-0.239495890376,-17.9530680857,
    -22.48201743353));
#2817 = CARTESIAN_POINT('',(-0.192391429454,-17.94922664054,
    -22.48914282011));
#2818 = CARTESIAN_POINT('',(-0.144766652167,-17.94631608448,
    -22.49454327043));
#2819 = CARTESIAN_POINT('',(-9.678127122915E-02,-17.94436346392,
    -22.49816689914));
#2820 = CARTESIAN_POINT('',(-4.861027430957E-02,-17.94338338604,
    -22.49998568631));
#2821 = CARTESIAN_POINT('',(4.771916768277E-02,-17.94336803121,
    -22.50001418134));
#2822 = CARTESIAN_POINT('',(9.588884974493E-02,-17.9443326036,
    -22.4982241688));
#2823 = CARTESIAN_POINT('',(0.14387530531,-17.94626971897,
    -22.49462930511));
#2824 = CARTESIAN_POINT('',(0.191503481442,-17.94916491656,
    -22.4892573294));
#2825 = CARTESIAN_POINT('',(0.238613524363,-17.95299128188,
    -22.48215987391));
#2826 = CARTESIAN_POINT('',(0.285061002711,-17.95771174719,
    -22.47340802629));
#2827 = CARTESIAN_POINT('',(0.353711728158,-17.96608653002,
    -22.45789018141));
#2828 = CARTESIAN_POINT('',(0.376507266102,-17.96910732244,
    -22.45229418732));
#2829 = CARTESIAN_POINT('',(0.399088619784,-17.97233809715,
    -22.44631079127));
#2830 = CARTESIAN_POINT('',(0.421442201391,-17.97577297636,
    -22.43995127116));
#2831 = CARTESIAN_POINT('',(0.443555960126,-17.97940587658,
    -22.43322730116));
#2832 = CARTESIAN_POINT('',(0.465419382212,-17.98323050864,
    -22.42615095172));
#2833 = CARTESIAN_POINT('',(0.527627098723,-17.99477668262,
    -22.40479627599));
#2834 = CARTESIAN_POINT('',(0.567313686154,-18.00296734982,
    -22.38965707876));
#2835 = CARTESIAN_POINT('',(0.606025294937,-18.01177024892,
    -22.3733979963));
#2836 = CARTESIAN_POINT('',(0.643720831576,-18.02114299098,
    -22.35610043126));
#2837 = CARTESIAN_POINT('',(0.680373726596,-18.03104420807,
    -22.33784384409));
#2838 = CARTESIAN_POINT('',(0.715969593824,-18.04143483282,
    -22.31870330639));
#2839 = CARTESIAN_POINT('',(0.874651279611,-18.09126444914,
    -22.22700629581));
#2840 = CARTESIAN_POINT('',(0.984727976296,-18.13600420293,
    -22.14492900619));
#2841 = CARTESIAN_POINT('',(1.081290032085,-18.18498378676,
    -22.05543749504));
#2842 = CARTESIAN_POINT('',(1.164983564102,-18.23707209556,
    -21.96071834448));
#2843 = CARTESIAN_POINT('',(1.236705308505,-18.29140434752,
    -21.86242135246));
#2844 = CARTESIAN_POINT('',(1.297357728036,-18.3474406478,
    -21.76157452194));
#2845 = CARTESIAN_POINT('',(1.347675157286,-18.40496635575,
    -21.65861344537));
#2846 = ORIENTED_EDGE('',*,*,#2847,.T.);
#2847 = EDGE_CURVE('',#2793,#2848,#2850,.T.);
#2848 = VERTEX_POINT('',#2849);
#2849 = CARTESIAN_POINT('',(-1.347675157286,-18.40496635575,
    -21.65861344537));
#2850 = B_SPLINE_CURVE_WITH_KNOTS('',5,(#2851,#2852,#2853,#2854,#2855,
    #2856),.UNSPECIFIED.,.F.,.F.,(6,6),(0.,1.),
  .PIECEWISE_BEZIER_KNOTS.);
#2851 = CARTESIAN_POINT('',(-1.143957183879,-18.23205080756,
    -21.97023809523));
#2852 = CARTESIAN_POINT('',(-1.194407380676,-18.26483241902,
    -21.9107548969));
#2853 = CARTESIAN_POINT('',(-1.239742958782,-18.29871548532,
    -21.84946496688));
#2854 = CARTESIAN_POINT('',(-1.280244501506,-18.33347071954,
    -21.78681019919));
#2855 = CARTESIAN_POINT('',(-1.316152347739,-18.36892771143,
    -21.72311639109));
#2856 = CARTESIAN_POINT('',(-1.347675157286,-18.40496635575,
    -21.65861344537));
#2857 = ORIENTED_EDGE('',*,*,#2858,.T.);
#2858 = EDGE_CURVE('',#2848,#2709,#2859,.T.);
#2859 = ( BOUNDED_CURVE() B_SPLINE_CURVE(2,(#2860,#2861,#2862,#2863),
.UNSPECIFIED.,.F.,.F.) B_SPLINE_CURVE_WITH_KNOTS((3,1,3),(
-2.999333580064,5.767949192431,6.120947683008),.UNSPECIFIED.) CURVE() 
GEOMETRIC_REPRESENTATION_ITEM() RATIONAL_B_SPLINE_CURVE((1.056651799772,
1.056651799772,1.056651799772,1.056651799772)) REPRESENTATION_ITEM('') 
  );
#2860 = CARTESIAN_POINT('',(-1.347675157286,-15.2327172275,
    -21.65861344537));
#2861 = CARTESIAN_POINT('',(-1.347675157286,-19.61635861375,
    -21.65861344537));
#2862 = CARTESIAN_POINT('',(-1.347675157286,-24.17649924528,
    -21.65861344537));
#2863 = CARTESIAN_POINT('',(-1.347675157286,-24.35299849057,
    -21.65861344537));
#2864 = ORIENTED_EDGE('',*,*,#2731,.F.);
#2865 = ORIENTED_EDGE('',*,*,#221,.F.);
#2866 = ORIENTED_EDGE('',*,*,#2751,.T.);
#2867 = ORIENTED_EDGE('',*,*,#2868,.T.);
#2868 = EDGE_CURVE('',#2752,#2869,#2871,.T.);
#2869 = VERTEX_POINT('',#2870);
#2870 = CARTESIAN_POINT('',(-1.393547631048,-4.,-21.555));
#2871 = CIRCLE('',#2872,1.5);
#2872 = AXIS2_PLACEMENT_3D('',#2873,#2874,#2875);
#2873 = CARTESIAN_POINT('',(-2.571758278209E-15,-4.,-21.));
#2874 = DIRECTION('',(0.,-1.,-2.22044604925E-16));
#2875 = DIRECTION('',(-1.,-2.719262146894E-32,1.224646799147E-16));
#2876 = ORIENTED_EDGE('',*,*,#2877,.T.);
#2877 = EDGE_CURVE('',#2869,#2878,#2880,.T.);
#2878 = VERTEX_POINT('',#2879);
#2879 = CARTESIAN_POINT('',(-1.347675157286,-4.100501485124,
    -21.65861344537));
#2880 = B_SPLINE_CURVE_WITH_KNOTS('',6,(#2881,#2882,#2883,#2884,#2885,
    #2886,#2887),.UNSPECIFIED.,.F.,.F.,(7,7),(0.,1.),
  .PIECEWISE_BEZIER_KNOTS.);
#2881 = CARTESIAN_POINT('',(-1.393547631048,-4.,-21.555));
#2882 = CARTESIAN_POINT('',(-1.365367360523,-4.06879225341,
    -21.62575774636));
#2883 = CARTESIAN_POINT('',(-1.332333374225,-4.136975360483,
    -21.69615935958));
#2884 = CARTESIAN_POINT('',(-1.294139813177,-4.204431968223,
    -21.76607518188));
#2885 = CARTESIAN_POINT('',(-1.250379746999,-4.270962133273,
    -21.83528753586));
#2886 = CARTESIAN_POINT('',(-1.200568331087,-4.336286712138,
    -21.90349084128));
#2887 = CARTESIAN_POINT('',(-1.143957183879,-4.4,-21.97023809523));
#2888 = ORIENTED_EDGE('',*,*,#2889,.T.);
#2889 = EDGE_CURVE('',#2878,#2890,#2892,.T.);
#2890 = VERTEX_POINT('',#2891);
#2891 = CARTESIAN_POINT('',(-1.347675157286,-9.595033644246,
    -21.65861344537));
#2892 = ( BOUNDED_CURVE() B_SPLINE_CURVE(2,(#2893,#2894,#2895,#2896),
.UNSPECIFIED.,.F.,.F.) B_SPLINE_CURVE_WITH_KNOTS((3,1,3),(
    -0.352998490577,6.157075717328E-14,8.767282772495),.UNSPECIFIED.) 
CURVE() GEOMETRIC_REPRESENTATION_ITEM() RATIONAL_B_SPLINE_CURVE((
    1.056651799772,1.056651799772,1.056651799772,1.056651799772)) 
REPRESENTATION_ITEM('') );
#2893 = CARTESIAN_POINT('',(-1.347675157286,-3.647001509423,
    -21.65861344537));
#2894 = CARTESIAN_POINT('',(-1.347675157286,-3.823500754712,
    -21.65861344537));
#2895 = CARTESIAN_POINT('',(-1.347675157286,-8.383641386248,
    -21.65861344537));
#2896 = CARTESIAN_POINT('',(-1.347675157286,-12.76728277249,
    -21.65861344537));
#2897 = ORIENTED_EDGE('',*,*,#2898,.F.);
#2898 = EDGE_CURVE('',#2899,#2890,#2901,.T.);
#2899 = VERTEX_POINT('',#2900);
#2900 = CARTESIAN_POINT('',(-1.143957183879,-9.767949192431,
    -21.97023809523));
#2901 = B_SPLINE_CURVE_WITH_KNOTS('',5,(#2902,#2903,#2904,#2905,#2906,
    #2907),.UNSPECIFIED.,.F.,.F.,(6,6),(0.,1.),
  .PIECEWISE_BEZIER_KNOTS.);
#2902 = CARTESIAN_POINT('',(-1.143957183879,-9.767949192431,
    -21.97023809523));
#2903 = CARTESIAN_POINT('',(-1.194406947584,-9.735167862391,
    -21.91075540753));
#2904 = CARTESIAN_POINT('',(-1.239742595792,-9.701284861084,
    -21.84946559129));
#2905 = CARTESIAN_POINT('',(-1.28024475813,-9.66652913878,-21.7868099382
    ));
#2906 = CARTESIAN_POINT('',(-1.316152928098,-9.631071625064,
    -21.72311520354));
#2907 = CARTESIAN_POINT('',(-1.347675157286,-9.595033644246,
    -21.65861344537));
#2908 = ORIENTED_EDGE('',*,*,#2909,.T.);
#2909 = EDGE_CURVE('',#2899,#2910,#2912,.T.);
#2910 = VERTEX_POINT('',#2911);
#2911 = CARTESIAN_POINT('',(1.143957183879,-9.767949192431,
    -21.97023809523));
#2912 = B_SPLINE_CURVE_WITH_KNOTS('',7,(#2913,#2914,#2915,#2916,#2917,
    #2918,#2919,#2920,#2921,#2922,#2923,#2924,#2925,#2926,#2927,#2928,
    #2929,#2930,#2931,#2932,#2933,#2934,#2935,#2936,#2937,#2938,#2939,
    #2940,#2941,#2942,#2943,#2944,#2945,#2946,#2947,#2948,#2949,#2950,
    #2951,#2952,#2953,#2954,#2955,#2956,#2957,#2958,#2959,#2960,#2961,
    #2962),.UNSPECIFIED.,.F.,.F.,(8,6,6,6,6,6,6,6,8),(0.,0.2917736759,
    0.37258094973,0.414439938036,0.499890492637,0.585334514129,
    0.628368186824,0.709247356438,1.),.UNSPECIFIED.);
#2913 = CARTESIAN_POINT('',(-1.347675157286,-9.595033644246,
    -21.65861344537));
#2914 = CARTESIAN_POINT('',(-1.297181381909,-9.652760960978,
    -21.76193536683));
#2915 = CARTESIAN_POINT('',(-1.236281267724,-9.70898702927,
    -21.8631257219));
#2916 = CARTESIAN_POINT('',(-1.164232114354,-9.763496744192,
    -21.96174749732));
#2917 = CARTESIAN_POINT('',(-1.080120098975,-9.815743946012,
    -22.05676084735));
#2918 = CARTESIAN_POINT('',(-0.983038478718,-9.864851912397,
    -22.14649328553));
#2919 = CARTESIAN_POINT('',(-0.872338026088,-9.909673521406,
    -22.22872712442));
#2920 = CARTESIAN_POINT('',(-0.71288275315,-9.95947258478,
    -22.32037467872));
#2921 = CARTESIAN_POINT('',(-0.677239918459,-9.969817899551,
    -22.33943308416));
#2922 = CARTESIAN_POINT('',(-0.64054271875,-9.979672313007,
    -22.35760456804));
#2923 = CARTESIAN_POINT('',(-0.602806053756,-9.988996735091,
    -22.37481401649));
#2924 = CARTESIAN_POINT('',(-0.564057075608,-9.997749815551,
    -22.39098200418));
#2925 = CARTESIAN_POINT('',(-0.524337530951,-10.00588923486,
    -22.40602726304));
#2926 = CARTESIAN_POINT('',(-0.462658610886,-10.01724965898,
    -22.42703938944));
#2927 = CARTESIAN_POINT('',(-0.441366710757,-10.02095039667,
    -22.43388674468));
#2928 = CARTESIAN_POINT('',(-0.419838783452,-10.02446924141,
    -22.44039976361));
#2929 = CARTESIAN_POINT('',(-0.398084588061,-10.0278004127,
    -22.44656735213));
#2930 = CARTESIAN_POINT('',(-0.376115261999,-10.03093831633,
    -22.45237877506));
#2931 = CARTESIAN_POINT('',(-0.353943321003,-10.03387754444,
    -22.45782365621));
#2932 = CARTESIAN_POINT('',(-0.285935809192,-10.04219675517,
    -22.47323840449));
#2933 = CARTESIAN_POINT('',(-0.239495890376,-10.04693191429,
    -22.48201743353));
#2934 = CARTESIAN_POINT('',(-0.192391429453,-10.05077335945,
    -22.48914282011));
#2935 = CARTESIAN_POINT('',(-0.144766652167,-10.05368391551,
    -22.49454327043));
#2936 = CARTESIAN_POINT('',(-9.678127122915E-02,-10.05563653607,
    -22.49816689914));
#2937 = CARTESIAN_POINT('',(-4.861027430953E-02,-10.05661661395,
    -22.49998568631));
#2938 = CARTESIAN_POINT('',(4.771916768275E-02,-10.05663196878,
    -22.50001418134));
#2939 = CARTESIAN_POINT('',(9.588884974498E-02,-10.05566739639,
    -22.4982241688));
#2940 = CARTESIAN_POINT('',(0.14387530531,-10.05373028102,
    -22.49462930511));
#2941 = CARTESIAN_POINT('',(0.191503481442,-10.05083508343,
    -22.4892573294));
#2942 = CARTESIAN_POINT('',(0.238613524363,-10.04700871811,
    -22.48215987391));
#2943 = CARTESIAN_POINT('',(0.285061002711,-10.0422882528,
    -22.47340802629));
#2944 = CARTESIAN_POINT('',(0.353711728158,-10.03391346997,
    -22.45789018141));
#2945 = CARTESIAN_POINT('',(0.376507266102,-10.03089267755,
    -22.45229418732));
#2946 = CARTESIAN_POINT('',(0.399088619784,-10.02766190284,
    -22.44631079127));
#2947 = CARTESIAN_POINT('',(0.421442201391,-10.02422702363,
    -22.43995127116));
#2948 = CARTESIAN_POINT('',(0.443555960126,-10.02059412341,
    -22.43322730116));
#2949 = CARTESIAN_POINT('',(0.465419382212,-10.01676949135,
    -22.42615095172));
#2950 = CARTESIAN_POINT('',(0.527627098723,-10.00522331737,
    -22.40479627599));
#2951 = CARTESIAN_POINT('',(0.567313686154,-9.997032650177,
    -22.38965707876));
#2952 = CARTESIAN_POINT('',(0.606025294937,-9.988229751075,
    -22.3733979963));
#2953 = CARTESIAN_POINT('',(0.643720831576,-9.978857009014,
    -22.35610043126));
#2954 = CARTESIAN_POINT('',(0.680373726596,-9.968955791926,
    -22.33784384409));
#2955 = CARTESIAN_POINT('',(0.715969593824,-9.958565167175,
    -22.31870330639));
#2956 = CARTESIAN_POINT('',(0.874651279611,-9.908735550855,
    -22.22700629581));
#2957 = CARTESIAN_POINT('',(0.984727976297,-9.863995797067,
    -22.14492900619));
#2958 = CARTESIAN_POINT('',(1.081290032084,-9.815016213236,
    -22.05543749504));
#2959 = CARTESIAN_POINT('',(1.164983564102,-9.762927904433,
    -21.96071834448));
#2960 = CARTESIAN_POINT('',(1.236705308505,-9.708595652471,
    -21.86242135246));
#2961 = CARTESIAN_POINT('',(1.297357728036,-9.652559352193,
    -21.76157452194));
#2962 = CARTESIAN_POINT('',(1.347675157286,-9.595033644246,
    -21.65861344537));
#2963 = ORIENTED_EDGE('',*,*,#2964,.T.);
#2964 = EDGE_CURVE('',#2910,#2965,#2967,.T.);
#2965 = VERTEX_POINT('',#2966);
#2966 = CARTESIAN_POINT('',(1.347675157286,-9.595033644246,
    -21.65861344537));
#2967 = B_SPLINE_CURVE_WITH_KNOTS('',5,(#2968,#2969,#2970,#2971,#2972,
    #2973),.UNSPECIFIED.,.F.,.F.,(6,6),(0.,1.),
  .PIECEWISE_BEZIER_KNOTS.);
#2968 = CARTESIAN_POINT('',(1.143957183879,-9.767949192431,
    -21.97023809523));
#2969 = CARTESIAN_POINT('',(1.194407380676,-9.735167580976,
    -21.9107548969));
#2970 = CARTESIAN_POINT('',(1.239742958782,-9.70128451468,
    -21.84946496688));
#2971 = CARTESIAN_POINT('',(1.280244501506,-9.666529280453,
    -21.78681019919));
#2972 = CARTESIAN_POINT('',(1.316152347739,-9.631072288562,
    -21.72311639109));
#2973 = CARTESIAN_POINT('',(1.347675157286,-9.595033644246,
    -21.65861344537));
#2974 = ORIENTED_EDGE('',*,*,#2975,.F.);
#2975 = EDGE_CURVE('',#2976,#2965,#2978,.T.);
#2976 = VERTEX_POINT('',#2977);
#2977 = CARTESIAN_POINT('',(1.347675157286,-4.100501485124,
    -21.65861344537));
#2978 = ( BOUNDED_CURVE() B_SPLINE_CURVE(2,(#2979,#2980,#2981,#2982),
.UNSPECIFIED.,.F.,.F.) B_SPLINE_CURVE_WITH_KNOTS((3,1,3),(
    -0.352998490577,6.168843056153E-14,8.767282772495),.UNSPECIFIED.) 
CURVE() GEOMETRIC_REPRESENTATION_ITEM() RATIONAL_B_SPLINE_CURVE((
    1.056651799772,1.056651799772,1.056651799772,1.056651799772)) 
REPRESENTATION_ITEM('') );
#2979 = CARTESIAN_POINT('',(1.347675157286,-3.647001509423,
    -21.65861344537));
#2980 = CARTESIAN_POINT('',(1.347675157286,-3.823500754712,
    -21.65861344537));
#2981 = CARTESIAN_POINT('',(1.347675157286,-8.383641386248,
    -21.65861344537));
#2982 = CARTESIAN_POINT('',(1.347675157286,-12.76728277249,
    -21.65861344537));
#2983 = ORIENTED_EDGE('',*,*,#2984,.T.);
#2984 = EDGE_CURVE('',#2976,#2985,#2987,.T.);
#2985 = VERTEX_POINT('',#2986);
#2986 = CARTESIAN_POINT('',(1.393547631048,-4.,-21.555));
#2987 = B_SPLINE_CURVE_WITH_KNOTS('',6,(#2988,#2989,#2990,#2991,#2992,
    #2993,#2994),.UNSPECIFIED.,.F.,.F.,(7,7),(0.,1.),
  .PIECEWISE_BEZIER_KNOTS.);
#2988 = CARTESIAN_POINT('',(1.143957183879,-4.4,-21.97023809523));
#2989 = CARTESIAN_POINT('',(1.20056841211,-4.336286620949,
    -21.90349074575));
#2990 = CARTESIAN_POINT('',(1.250379890047,-4.270961945766,
    -21.83528734009));
#2991 = CARTESIAN_POINT('',(1.294140002433,-4.204431680731,
    -21.76607488279));
#2992 = CARTESIAN_POINT('',(1.332333595291,-4.136974970364,
    -21.69615895523));
#2993 = CARTESIAN_POINT('',(1.365367600192,-4.06879175888,
    -21.62575723574));
#2994 = CARTESIAN_POINT('',(1.393547876834,-3.9999994,-21.55499938285));
#2995 = ORIENTED_EDGE('',*,*,#2996,.T.);
#2996 = EDGE_CURVE('',#2985,#2752,#2997,.T.);
#2997 = CIRCLE('',#2998,1.5);
#2998 = AXIS2_PLACEMENT_3D('',#2999,#3000,#3001);
#2999 = CARTESIAN_POINT('',(-2.571758278209E-15,-4.,-21.));
#3000 = DIRECTION('',(0.,-1.,-2.22044604925E-16));
#3001 = DIRECTION('',(-1.,-2.719262146894E-32,1.224646799147E-16));
#3002 = CYLINDRICAL_SURFACE('',#3003,1.5);
#3003 = AXIS2_PLACEMENT_3D('',#3004,#3005,#3006);
#3004 = CARTESIAN_POINT('',(-2.571758278209E-15,-24.,-21.));
#3005 = DIRECTION('',(0.,-1.,-2.22044604925E-16));
#3006 = DIRECTION('',(-1.,-2.719262146894E-32,1.224646799147E-16));
#3007 = ADVANCED_FACE('',(#3008),#3075,.T.);
#3008 = FACE_BOUND('',#3009,.T.);
#3009 = EDGE_LOOP('',(#3010,#3021,#3043,#3053,#3054,#3055));
#3010 = ORIENTED_EDGE('',*,*,#3011,.T.);
#3011 = EDGE_CURVE('',#3012,#3014,#3016,.T.);
#3012 = VERTEX_POINT('',#3013);
#3013 = CARTESIAN_POINT('',(1.541377702829,-23.6,-21.94593709043));
#3014 = VERTEX_POINT('',#3015);
#3015 = CARTESIAN_POINT('',(8.133251919308,-23.6,-20.44138481652));
#3016 = CIRCLE('',#3017,22.);
#3017 = AXIS2_PLACEMENT_3D('',#3018,#3019,#3020);
#3018 = CARTESIAN_POINT('',(1.33226762955E-16,-23.6,-1.33226762955E-16)
  );
#3019 = DIRECTION('',(-3.330669073875E-16,-1.,3.330669073875E-16));
#3020 = DIRECTION('',(-3.3104832007E-16,3.330669073875E-16,1.));
#3021 = ORIENTED_EDGE('',*,*,#3022,.T.);
#3022 = EDGE_CURVE('',#3014,#3023,#3025,.T.);
#3023 = VERTEX_POINT('',#3024);
#3024 = CARTESIAN_POINT('',(8.183106825022,-23.89949851487,
    -20.09847077257));
#3025 = B_SPLINE_CURVE_WITH_KNOTS('',6,(#3026,#3027,#3028,#3029,#3030,
    #3031,#3032,#3033,#3034,#3035,#3036,#3037,#3038,#3039,#3040,#3041,
    #3042),.UNSPECIFIED.,.F.,.F.,(7,5,5,7),(0.,0.316956851103,
    0.754284106172,1.),.UNSPECIFIED.);
#3026 = CARTESIAN_POINT('',(8.133251893966,-23.6,-20.4413848266));
#3027 = CARTESIAN_POINT('',(8.153878508657,-23.60000000001,
    -20.43317787511));
#3028 = CARTESIAN_POINT('',(8.173413387374,-23.60292968253,
    -20.42222335573));
#3029 = CARTESIAN_POINT('',(8.19139174939,-23.60879107583,
    -20.40870378359));
#3030 = CARTESIAN_POINT('',(8.207397222157,-23.61747112048,
    -20.39291123468));
#3031 = CARTESIAN_POINT('',(8.221088404761,-23.62875558663,
    -20.37522007364));
#3032 = CARTESIAN_POINT('',(8.247591956058,-23.66109047173,
    -20.32962276552));
#3033 = CARTESIAN_POINT('',(8.258095545954,-23.68422275632,
    -20.30038830615));
#3034 = CARTESIAN_POINT('',(8.263103124103,-23.71095374068,
    -20.26947841727));
#3035 = CARTESIAN_POINT('',(8.262334309615,-23.74019722754,
    -20.23820243911));
#3036 = CARTESIAN_POINT('',(8.255925737926,-23.77069595712,
    -20.20787483155));
#3037 = CARTESIAN_POINT('',(8.237854439824,-23.81832034119,
    -20.16381221365));
#3038 = CARTESIAN_POINT('',(8.229724208283,-23.83545018305,
    -20.14862950763));
#3039 = CARTESIAN_POINT('',(8.220049446713,-23.85235355992,
    -20.13432248233));
#3040 = CARTESIAN_POINT('',(8.208950257919,-23.86880501025,
    -20.12108436003));
#3041 = CARTESIAN_POINT('',(8.196577266545,-23.88458687614,
    -20.10908650443));
#3042 = CARTESIAN_POINT('',(8.183106825022,-23.89949851487,
    -20.09847077257));
#3043 = ORIENTED_EDGE('',*,*,#3044,.F.);
#3044 = EDGE_CURVE('',#195,#3023,#3045,.T.);
#3045 = B_SPLINE_CURVE_WITH_KNOTS('',6,(#3046,#3047,#3048,#3049,#3050,
    #3051,#3052),.UNSPECIFIED.,.F.,.F.,(7,7),(0.,1.),
  .PIECEWISE_BEZIER_KNOTS.);
#3046 = CARTESIAN_POINT('',(8.096820965165,-24.,-20.02502160443));
#3047 = CARTESIAN_POINT('',(8.152911147162,-23.93120774659,
    -20.07654516992));
#3048 = CARTESIAN_POINT('',(8.213219855584,-23.86302463951,
    -20.12564192219));
#3049 = CARTESIAN_POINT('',(8.277966403445,-23.79556803177,
    -20.17206233638));
#3050 = CARTESIAN_POINT('',(8.347422975665,-23.72903786672,
    -20.21543373145));
#3051 = CARTESIAN_POINT('',(8.421893815846,-23.66371328786,
    -20.25527042294));
#3052 = CARTESIAN_POINT('',(8.501859245177,-23.6,-20.29084496454));
#3053 = ORIENTED_EDGE('',*,*,#203,.F.);
#3054 = ORIENTED_EDGE('',*,*,#2760,.F.);
#3055 = ORIENTED_EDGE('',*,*,#3056,.F.);
#3056 = EDGE_CURVE('',#3012,#2761,#3057,.T.);
#3057 = B_SPLINE_CURVE_WITH_KNOTS('',6,(#3058,#3059,#3060,#3061,#3062,
    #3063,#3064,#3065,#3066,#3067,#3068,#3069,#3070,#3071,#3072,#3073,
    #3074),.UNSPECIFIED.,.F.,.F.,(7,5,5,7),(0.,0.316956850567,
    0.754284105973,1.),.UNSPECIFIED.);
#3058 = CARTESIAN_POINT('',(1.541377671275,-23.6,-21.94593709264));
#3059 = CARTESIAN_POINT('',(1.519232870867,-23.59999999998,
    -21.94749243755));
#3060 = CARTESIAN_POINT('',(1.496879704138,-23.60292968261,
    -21.94609861306));
#3061 = CARTESIAN_POINT('',(1.474815789339,-23.60879107587,
    -21.94171842177));
#3062 = CARTESIAN_POINT('',(1.453543137656,-23.61747112046,
    -21.9344343475));
#3063 = CARTESIAN_POINT('',(1.433531957892,-23.62875558666,
    -21.92443553966));
#3064 = CARTESIAN_POINT('',(1.389869152787,-23.66109047172,
    -21.89485324455));
#3065 = CARTESIAN_POINT('',(1.367721388748,-23.68422275632,
    -21.87307124365));
#3066 = CARTESIAN_POINT('',(1.349798418566,-23.71095374068,
    -21.84739510278));
#3067 = CARTESIAN_POINT('',(1.336920958135,-23.74019722754,
    -21.81888284404));
#3068 = CARTESIAN_POINT('',(1.329536225949,-23.77069595712,
    -21.78877803875));
#3069 = CARTESIAN_POINT('',(1.326699849532,-23.81832034119,
    -21.74123814939));
#3070 = CARTESIAN_POINT('',(1.327437405778,-23.83545018305,
    -21.72403142867));
#3071 = CARTESIAN_POINT('',(1.329946479126,-23.85235355992,
    -21.70694352256));
#3072 = CARTESIAN_POINT('',(1.334202696686,-23.86880501025,
    -21.69020062896));
#3073 = CARTESIAN_POINT('',(1.340144702269,-23.88458687614,
    -21.67402249483));
#3074 = CARTESIAN_POINT('',(1.347675157286,-23.89949851487,
    -21.65861344537));
#3075 = CONICAL_SURFACE('',#3076,22.,0.785398163397);
#3076 = AXIS2_PLACEMENT_3D('',#3077,#3078,#3079);
#3077 = CARTESIAN_POINT('',(1.33226762955E-16,-23.6,-1.33226762955E-16)
  );
#3078 = DIRECTION('',(3.330669073875E-16,1.,-3.330669073875E-16));
#3079 = DIRECTION('',(-3.3104832007E-16,3.330669073875E-16,1.));
#3080 = ADVANCED_FACE('',(#3081),#3335,.F.);
#3081 = FACE_BOUND('',#3082,.F.);
#3082 = EDGE_LOOP('',(#3083,#3091,#3092,#3104,#3113,#3124,#3179,#3190,
    #3197,#3198,#3199,#3200,#3209,#3221,#3230,#3241,#3296,#3307,#3316,
    #3328));
#3083 = ORIENTED_EDGE('',*,*,#3084,.F.);
#3084 = EDGE_CURVE('',#186,#3085,#3087,.T.);
#3085 = VERTEX_POINT('',#3086);
#3086 = CARTESIAN_POINT('',(7.760105219615,-4.,-19.57117183462));
#3087 = LINE('',#3088,#3089);
#3088 = CARTESIAN_POINT('',(7.760105219615,-24.,-19.57117183462));
#3089 = VECTOR('',#3090,1.);
#3090 = DIRECTION('',(0.,1.,2.22044604925E-16));
#3091 = ORIENTED_EDGE('',*,*,#185,.F.);
#3092 = ORIENTED_EDGE('',*,*,#3093,.F.);
#3093 = EDGE_CURVE('',#3094,#177,#3096,.T.);
#3094 = VERTEX_POINT('',#3095);
#3095 = CARTESIAN_POINT('',(10.611533546543,-23.89949851487,
    -18.92900209985));
#3096 = B_SPLINE_CURVE_WITH_KNOTS('',6,(#3097,#3098,#3099,#3100,#3101,
    #3102,#3103),.UNSPECIFIED.,.F.,.F.,(7,7),(0.,1.),
  .PIECEWISE_BEZIER_KNOTS.);
#3097 = CARTESIAN_POINT('',(10.563198862953,-23.6,-19.29815612388));
#3098 = CARTESIAN_POINT('',(10.585243227594,-23.66371337905,
    -19.2134561486));
#3099 = CARTESIAN_POINT('',(10.600529469808,-23.72903805423,
    -19.13039461311));
#3100 = CARTESIAN_POINT('',(10.60992580896,-23.79556831926,
    -19.04904954263));
#3101 = CARTESIAN_POINT('',(10.614001663005,-23.86302502963,
    -18.96948588965));
#3102 = CARTESIAN_POINT('',(10.613218111707,-23.93120824112,
    -18.89172321457));
#3103 = CARTESIAN_POINT('',(10.60790698187,-24.0000006,-18.81574562817)
  );
#3104 = ORIENTED_EDGE('',*,*,#3105,.F.);
#3105 = EDGE_CURVE('',#3106,#3094,#3108,.T.);
#3106 = VERTEX_POINT('',#3107);
#3107 = CARTESIAN_POINT('',(10.611533546543,-18.40496635575,
    -18.92900209985));
#3108 = ( BOUNDED_CURVE() B_SPLINE_CURVE(2,(#3109,#3110,#3111,#3112),
.UNSPECIFIED.,.F.,.F.) B_SPLINE_CURVE_WITH_KNOTS((3,1,3),(
-2.999333580064,5.767949192431,6.120947683008),.UNSPECIFIED.) CURVE() 
GEOMETRIC_REPRESENTATION_ITEM() RATIONAL_B_SPLINE_CURVE((1.056651799772,
1.056651799772,1.056651799772,1.056651799772)) REPRESENTATION_ITEM('') 
  );
#3109 = CARTESIAN_POINT('',(10.611533546543,-15.2327172275,
    -18.92900209985));
#3110 = CARTESIAN_POINT('',(10.611533546543,-19.61635861375,
    -18.92900209985));
#3111 = CARTESIAN_POINT('',(10.611533546543,-24.17649924528,
    -18.92900209985));
#3112 = CARTESIAN_POINT('',(10.611533546543,-24.35299849057,
    -18.92900209985));
#3113 = ORIENTED_EDGE('',*,*,#3114,.F.);
#3114 = EDGE_CURVE('',#3115,#3106,#3117,.T.);
#3115 = VERTEX_POINT('',#3116);
#3116 = CARTESIAN_POINT('',(10.563198862953,-18.23205080756,
    -19.29815612388));
#3117 = B_SPLINE_CURVE_WITH_KNOTS('',5,(#3118,#3119,#3120,#3121,#3122,
    #3123),.UNSPECIFIED.,.F.,.F.,(6,6),(0.,1.),
  .PIECEWISE_BEZIER_KNOTS.);
#3118 = CARTESIAN_POINT('',(10.563198862953,-18.23205080756,
    -19.29815612388));
#3119 = CARTESIAN_POINT('',(10.582843958492,-18.2648321376,
    -19.22267474197));
#3120 = CARTESIAN_POINT('',(10.597097311492,-18.29871513891,
    -19.14778412505));
#3121 = CARTESIAN_POINT('',(10.6064032298,-18.33347086122,
    -19.07376010258));
#3122 = CARTESIAN_POINT('',(10.611119263411,-18.36892837493,
    -19.00079315855));
#3123 = CARTESIAN_POINT('',(10.611533546543,-18.40496635575,
    -18.92900209985));
#3124 = ORIENTED_EDGE('',*,*,#3125,.F.);
#3125 = EDGE_CURVE('',#3126,#3115,#3128,.T.);
#3126 = VERTEX_POINT('',#3127);
#3127 = CARTESIAN_POINT('',(8.501859245177,-18.23205080756,
    -20.29084496454));
#3128 = B_SPLINE_CURVE_WITH_KNOTS('',7,(#3129,#3130,#3131,#3132,#3133,
    #3134,#3135,#3136,#3137,#3138,#3139,#3140,#3141,#3142,#3143,#3144,
    #3145,#3146,#3147,#3148,#3149,#3150,#3151,#3152,#3153,#3154,#3155,
    #3156,#3157,#3158,#3159,#3160,#3161,#3162,#3163,#3164,#3165,#3166,
    #3167,#3168,#3169,#3170,#3171,#3172,#3173,#3174,#3175,#3176,#3177,
    #3178),.UNSPECIFIED.,.F.,.F.,(8,6,6,6,6,6,6,6,8),(0.,0.2917736759,
    0.37258094973,0.414439938036,0.499890492638,0.585334514129,
    0.628368186824,0.709247356438,1.),.UNSPECIFIED.);
#3129 = CARTESIAN_POINT('',(8.183106825022,-18.40496635575,
    -20.09847077257));
#3130 = CARTESIAN_POINT('',(8.273429846274,-18.34723903902,
    -20.16965217911));
#3131 = CARTESIAN_POINT('',(8.372203802828,-18.29101297073,
    -20.23439796951));
#3132 = CARTESIAN_POINT('',(8.479908231651,-18.2365032558,-20.2919921628
    ));
#3133 = CARTESIAN_POINT('',(8.5969152865,-18.18425605398,-20.34110139747
    ));
#3134 = CARTESIAN_POINT('',(8.723316249794,-18.1351480876,
    -20.37982539431));
#3135 = CARTESIAN_POINT('',(8.858733836776,-18.09032647859,
    -20.40588439673));
#3136 = CARTESIAN_POINT('',(9.042162457059,-18.04052741522,
    -20.41927093994));
#3137 = CARTESIAN_POINT('',(9.082544673691,-18.03018210044,
    -20.42097712352));
#3138 = CARTESIAN_POINT('',(9.123492019541,-18.02032768699,
    -20.42142674655));
#3139 = CARTESIAN_POINT('',(9.164958479719,-18.0110032649,
    -20.42055859853));
#3140 = CARTESIAN_POINT('',(9.206885129647,-18.00225018444,
    -20.41831290057));
#3141 = CARTESIAN_POINT('',(9.249199096001,-17.99411076513,
    -20.41463454586));
#3142 = CARTESIAN_POINT('',(9.313886702753,-17.98275034101,
    -20.40680433713));
#3143 = CARTESIAN_POINT('',(9.336040998002,-17.97904960332,
    -20.40373538179));
#3144 = CARTESIAN_POINT('',(9.358262883302,-17.97553075858,
    -20.40026279149));
#3145 = CARTESIAN_POINT('',(9.380538752462,-17.9721995873,
    -20.39638080509));
#3146 = CARTESIAN_POINT('',(9.402853913206,-17.96906168366,
    -20.3920845829));
#3147 = CARTESIAN_POINT('',(9.425192587173,-17.96612245555,
    -20.38737020664));
#3148 = CARTESIAN_POINT('',(9.493153446721,-17.95780324482,
    -20.37175106143));
#3149 = CARTESIAN_POINT('',(9.53880344575,-17.9530680857,-20.35951116767
    ));
#3150 = CARTESIAN_POINT('',(9.584334687953,-17.94922664054,
    -20.34549305952));
#3151 = CARTESIAN_POINT('',(9.629586297204,-17.94631608448,
    -20.32969508068));
#3152 = CARTESIAN_POINT('',(9.674391865118,-17.94436346392,
    -20.31213978083));
#3153 = CARTESIAN_POINT('',(9.718581575858,-17.94338338604,
    -20.29287783919));
#3154 = CARTESIAN_POINT('',(9.805383767682,-17.94336803121,
    -20.25110773384));
#3155 = CARTESIAN_POINT('',(9.848006494266,-17.9443326036,
    -20.22859494651));
#3156 = CARTESIAN_POINT('',(9.889681043911,-17.94626971897,
    -20.20453554347));
#3157 = CARTESIAN_POINT('',(9.930261734931,-17.94916491656,
    -20.17903046945));
#3158 = CARTESIAN_POINT('',(9.969626946443,-17.95299128188,
    -20.15219560144));
#3159 = CARTESIAN_POINT('',(10.007677394057,-17.95771174719,
    -20.12415765362));
#3160 = CARTESIAN_POINT('',(10.062796619886,-17.96608653002,
    -20.08039012504));
#3161 = CARTESIAN_POINT('',(10.080906679062,-17.96910732244,
    -20.06545769534));
#3162 = CARTESIAN_POINT('',(10.098655677472,-17.97233809715,
    -20.0502691596));
#3163 = CARTESIAN_POINT('',(10.116036266222,-17.97577297636,
    -20.0348405744));
#3164 = CARTESIAN_POINT('',(10.133042653152,-17.97940587658,
    -20.01918768644));
#3165 = CARTESIAN_POINT('',(10.149670602842,-17.98323050864,
    -20.00332593257));
#3166 = CARTESIAN_POINT('',(10.196452372205,-17.99477668262,
    -19.9570951179));
#3167 = CARTESIAN_POINT('',(10.225640100455,-18.00296734982,
    -19.92623580758));
#3168 = CARTESIAN_POINT('',(10.2534635033,-18.01177024892,
    -19.89479054289));
#3169 = CARTESIAN_POINT('',(10.279920876077,-18.02114299098,
    -19.86285049492));
#3170 = CARTESIAN_POINT('',(10.3050227571,-18.03104420807,
    -19.83049878309));
#3171 = CARTESIAN_POINT('',(10.328788757234,-18.04143483282,
    -19.79780928655));
#3172 = CARTESIAN_POINT('',(10.431970174217,-18.09126444914,
    -19.64634373157));
#3173 = CARTESIAN_POINT('',(10.495533849698,-18.13600420293,
    -19.52463416012));
#3174 = CARTESIAN_POINT('',(10.543704344304,-18.18498378676,
    -19.40210838881));
#3175 = CARTESIAN_POINT('',(10.578012511886,-18.23707209556,
    -19.28045612035));
#3176 = CARTESIAN_POINT('',(10.599982104304,-18.29140434752,
    -19.16077469209));
#3177 = CARTESIAN_POINT('',(10.610872246161,-18.3474406478,
    -19.0435987388));
#3178 = CARTESIAN_POINT('',(10.611533546543,-18.40496635575,
    -18.92900209985));
#3179 = ORIENTED_EDGE('',*,*,#3180,.T.);
#3180 = EDGE_CURVE('',#3126,#3181,#3183,.T.);
#3181 = VERTEX_POINT('',#3182);
#3182 = CARTESIAN_POINT('',(8.183106825022,-18.40496635575,
    -20.09847077257));
#3183 = B_SPLINE_CURVE_WITH_KNOTS('',5,(#3184,#3185,#3186,#3187,#3188,
    #3189),.UNSPECIFIED.,.F.,.F.,(6,6),(0.,1.),
  .PIECEWISE_BEZIER_KNOTS.);
#3184 = CARTESIAN_POINT('',(8.501859245176,-18.23205080756,
    -20.29084496454));
#3185 = CARTESIAN_POINT('',(8.430596395974,-18.26483241902,
    -20.2591419747));
#3186 = CARTESIAN_POINT('',(8.363157747485,-18.29871548532,
    -20.22359202598));
#3187 = CARTESIAN_POINT('',(8.299482233509,-18.33347071954,
    -20.18471499166));
#3188 = CARTESIAN_POINT('',(8.239494674324,-18.36892771143,
    -20.14290868408));
#3189 = CARTESIAN_POINT('',(8.183106825022,-18.40496635575,
    -20.09847077257));
#3190 = ORIENTED_EDGE('',*,*,#3191,.T.);
#3191 = EDGE_CURVE('',#3181,#3023,#3192,.T.);
#3192 = ( BOUNDED_CURVE() B_SPLINE_CURVE(2,(#3193,#3194,#3195,#3196),
.UNSPECIFIED.,.F.,.F.) B_SPLINE_CURVE_WITH_KNOTS((3,1,3),(
-2.999333580064,5.767949192431,6.120947683008),.UNSPECIFIED.) CURVE() 
GEOMETRIC_REPRESENTATION_ITEM() RATIONAL_B_SPLINE_CURVE((1.056651799772,
1.056651799772,1.056651799772,1.056651799772)) REPRESENTATION_ITEM('') 
  );
#3193 = CARTESIAN_POINT('',(8.183106825022,-15.2327172275,
    -20.09847077257));
#3194 = CARTESIAN_POINT('',(8.183106825022,-19.61635861375,
    -20.09847077257));
#3195 = CARTESIAN_POINT('',(8.183106825022,-24.17649924528,
    -20.09847077257));
#3196 = CARTESIAN_POINT('',(8.183106825022,-24.35299849057,
    -20.09847077257));
#3197 = ORIENTED_EDGE('',*,*,#3044,.F.);
#3198 = ORIENTED_EDGE('',*,*,#194,.F.);
#3199 = ORIENTED_EDGE('',*,*,#3084,.T.);
#3200 = ORIENTED_EDGE('',*,*,#3201,.T.);
#3201 = EDGE_CURVE('',#3085,#3202,#3204,.T.);
#3202 = VERTEX_POINT('',#3203);
#3203 = CARTESIAN_POINT('',(8.096820965165,-4.,-20.02502160443));
#3204 = CIRCLE('',#3205,1.5);
#3205 = AXIS2_PLACEMENT_3D('',#3206,#3207,#3208);
#3206 = CARTESIAN_POINT('',(9.111558521469,-4.,-18.92034622595));
#3207 = DIRECTION('',(0.,-1.,-2.22044604925E-16));
#3208 = DIRECTION('',(-0.900968867902,9.634154343575E-17,-0.433883739118
    ));
#3209 = ORIENTED_EDGE('',*,*,#3210,.T.);
#3210 = EDGE_CURVE('',#3202,#3211,#3213,.T.);
#3211 = VERTEX_POINT('',#3212);
#3212 = CARTESIAN_POINT('',(8.183106825022,-4.100501485124,
    -20.09847077257));
#3213 = B_SPLINE_CURVE_WITH_KNOTS('',6,(#3214,#3215,#3216,#3217,#3218,
    #3219,#3220),.UNSPECIFIED.,.F.,.F.,(7,7),(0.,1.),
  .PIECEWISE_BEZIER_KNOTS.);
#3214 = CARTESIAN_POINT('',(8.096820965165,-4.,-20.02502160443));
#3215 = CARTESIAN_POINT('',(8.152911147161,-4.06879225341,
    -20.07654516992));
#3216 = CARTESIAN_POINT('',(8.213219855584,-4.136975360483,
    -20.12564192219));
#3217 = CARTESIAN_POINT('',(8.277966403445,-4.204431968223,
    -20.17206233638));
#3218 = CARTESIAN_POINT('',(8.347422975665,-4.270962133273,
    -20.21543373145));
#3219 = CARTESIAN_POINT('',(8.421893815846,-4.336286712138,
    -20.25527042294));
#3220 = CARTESIAN_POINT('',(8.501859245176,-4.4,-20.29084496454));
#3221 = ORIENTED_EDGE('',*,*,#3222,.T.);
#3222 = EDGE_CURVE('',#3211,#3223,#3225,.T.);
#3223 = VERTEX_POINT('',#3224);
#3224 = CARTESIAN_POINT('',(8.183106825022,-9.595033644246,
    -20.09847077257));
#3225 = ( BOUNDED_CURVE() B_SPLINE_CURVE(2,(#3226,#3227,#3228,#3229),
.UNSPECIFIED.,.F.,.F.) B_SPLINE_CURVE_WITH_KNOTS((3,1,3),(
    -0.352998490577,6.157075717328E-14,8.767282772495),.UNSPECIFIED.) 
CURVE() GEOMETRIC_REPRESENTATION_ITEM() RATIONAL_B_SPLINE_CURVE((
    1.056651799772,1.056651799772,1.056651799772,1.056651799772)) 
REPRESENTATION_ITEM('') );
#3226 = CARTESIAN_POINT('',(8.183106825022,-3.647001509423,
    -20.09847077257));
#3227 = CARTESIAN_POINT('',(8.183106825022,-3.823500754712,
    -20.09847077257));
#3228 = CARTESIAN_POINT('',(8.183106825022,-8.383641386248,
    -20.09847077257));
#3229 = CARTESIAN_POINT('',(8.183106825022,-12.76728277249,
    -20.09847077257));
#3230 = ORIENTED_EDGE('',*,*,#3231,.F.);
#3231 = EDGE_CURVE('',#3232,#3223,#3234,.T.);
#3232 = VERTEX_POINT('',#3233);
#3233 = CARTESIAN_POINT('',(8.501859245176,-9.767949192431,
    -20.29084496454));
#3234 = B_SPLINE_CURVE_WITH_KNOTS('',5,(#3235,#3236,#3237,#3238,#3239,
    #3240),.UNSPECIFIED.,.F.,.F.,(6,6),(0.,1.),
  .PIECEWISE_BEZIER_KNOTS.);
#3235 = CARTESIAN_POINT('',(8.501859245176,-9.767949192431,
    -20.29084496454));
#3236 = CARTESIAN_POINT('',(8.430597007733,-9.735167862391,
    -20.25914224686));
#3237 = CARTESIAN_POINT('',(8.363158345451,-9.701284861084,
    -20.22359243106));
#3238 = CARTESIAN_POINT('',(8.299481889059,-9.66652913878,
    -20.18471486786));
#3239 = CARTESIAN_POINT('',(8.239493636181,-9.631071625064,
    -20.14290786594));
#3240 = CARTESIAN_POINT('',(8.183106825022,-9.595033644246,
    -20.09847077257));
#3241 = ORIENTED_EDGE('',*,*,#3242,.T.);
#3242 = EDGE_CURVE('',#3232,#3243,#3245,.T.);
#3243 = VERTEX_POINT('',#3244);
#3244 = CARTESIAN_POINT('',(10.563198862953,-9.767949192431,
    -19.29815612388));
#3245 = B_SPLINE_CURVE_WITH_KNOTS('',7,(#3246,#3247,#3248,#3249,#3250,
    #3251,#3252,#3253,#3254,#3255,#3256,#3257,#3258,#3259,#3260,#3261,
    #3262,#3263,#3264,#3265,#3266,#3267,#3268,#3269,#3270,#3271,#3272,
    #3273,#3274,#3275,#3276,#3277,#3278,#3279,#3280,#3281,#3282,#3283,
    #3284,#3285,#3286,#3287,#3288,#3289,#3290,#3291,#3292,#3293,#3294,
    #3295),.UNSPECIFIED.,.F.,.F.,(8,6,6,6,6,6,6,6,8),(0.,0.2917736759,
    0.37258094973,0.414439938036,0.499890492638,0.585334514129,
    0.628368186824,0.709247356438,1.),.UNSPECIFIED.);
#3246 = CARTESIAN_POINT('',(8.183106825022,-9.595033644246,
    -20.09847077257));
#3247 = CARTESIAN_POINT('',(8.273429846274,-9.652760960978,
    -20.16965217911));
#3248 = CARTESIAN_POINT('',(8.372203802828,-9.70898702927,
    -20.23439796951));
#3249 = CARTESIAN_POINT('',(8.479908231651,-9.763496744192,
    -20.2919921628));
#3250 = CARTESIAN_POINT('',(8.5969152865,-9.815743946012,-20.34110139747
    ));
#3251 = CARTESIAN_POINT('',(8.723316249794,-9.864851912397,
    -20.37982539431));
#3252 = CARTESIAN_POINT('',(8.858733836776,-9.909673521406,
    -20.40588439673));
#3253 = CARTESIAN_POINT('',(9.042162457059,-9.95947258478,
    -20.41927093994));
#3254 = CARTESIAN_POINT('',(9.082544673691,-9.969817899551,
    -20.42097712352));
#3255 = CARTESIAN_POINT('',(9.123492019541,-9.979672313007,
    -20.42142674655));
#3256 = CARTESIAN_POINT('',(9.164958479719,-9.988996735091,
    -20.42055859853));
#3257 = CARTESIAN_POINT('',(9.206885129647,-9.997749815551,
    -20.41831290057));
#3258 = CARTESIAN_POINT('',(9.249199096001,-10.00588923486,
    -20.41463454586));
#3259 = CARTESIAN_POINT('',(9.313886702753,-10.01724965898,
    -20.40680433713));
#3260 = CARTESIAN_POINT('',(9.336040998002,-10.02095039667,
    -20.40373538179));
#3261 = CARTESIAN_POINT('',(9.358262883302,-10.02446924141,
    -20.40026279149));
#3262 = CARTESIAN_POINT('',(9.380538752462,-10.0278004127,
    -20.39638080509));
#3263 = CARTESIAN_POINT('',(9.402853913206,-10.03093831633,
    -20.3920845829));
#3264 = CARTESIAN_POINT('',(9.425192587173,-10.03387754444,
    -20.38737020664));
#3265 = CARTESIAN_POINT('',(9.493153446721,-10.04219675517,
    -20.37175106143));
#3266 = CARTESIAN_POINT('',(9.53880344575,-10.04693191429,
    -20.35951116767));
#3267 = CARTESIAN_POINT('',(9.584334687953,-10.05077335945,
    -20.34549305952));
#3268 = CARTESIAN_POINT('',(9.629586297204,-10.05368391551,
    -20.32969508068));
#3269 = CARTESIAN_POINT('',(9.674391865118,-10.05563653607,
    -20.31213978083));
#3270 = CARTESIAN_POINT('',(9.718581575858,-10.05661661395,
    -20.29287783919));
#3271 = CARTESIAN_POINT('',(9.805383767682,-10.05663196878,
    -20.25110773384));
#3272 = CARTESIAN_POINT('',(9.848006494266,-10.05566739639,
    -20.22859494651));
#3273 = CARTESIAN_POINT('',(9.889681043911,-10.05373028102,
    -20.20453554347));
#3274 = CARTESIAN_POINT('',(9.930261734931,-10.05083508343,
    -20.17903046945));
#3275 = CARTESIAN_POINT('',(9.969626946443,-10.04700871811,
    -20.15219560144));
#3276 = CARTESIAN_POINT('',(10.007677394057,-10.0422882528,
    -20.12415765362));
#3277 = CARTESIAN_POINT('',(10.062796619886,-10.03391346997,
    -20.08039012504));
#3278 = CARTESIAN_POINT('',(10.080906679062,-10.03089267755,
    -20.06545769534));
#3279 = CARTESIAN_POINT('',(10.098655677472,-10.02766190284,
    -20.0502691596));
#3280 = CARTESIAN_POINT('',(10.116036266222,-10.02422702363,
    -20.0348405744));
#3281 = CARTESIAN_POINT('',(10.133042653152,-10.02059412341,
    -20.01918768644));
#3282 = CARTESIAN_POINT('',(10.149670602842,-10.01676949135,
    -20.00332593257));
#3283 = CARTESIAN_POINT('',(10.196452372205,-10.00522331737,
    -19.9570951179));
#3284 = CARTESIAN_POINT('',(10.225640100455,-9.997032650177,
    -19.92623580758));
#3285 = CARTESIAN_POINT('',(10.2534635033,-9.988229751075,
    -19.89479054289));
#3286 = CARTESIAN_POINT('',(10.279920876077,-9.978857009014,
    -19.86285049492));
#3287 = CARTESIAN_POINT('',(10.3050227571,-9.968955791926,
    -19.83049878309));
#3288 = CARTESIAN_POINT('',(10.328788757234,-9.958565167175,
    -19.79780928655));
#3289 = CARTESIAN_POINT('',(10.431970174217,-9.908735550855,
    -19.64634373157));
#3290 = CARTESIAN_POINT('',(10.495533849698,-9.863995797067,
    -19.52463416012));
#3291 = CARTESIAN_POINT('',(10.543704344304,-9.815016213236,
    -19.40210838881));
#3292 = CARTESIAN_POINT('',(10.578012511886,-9.762927904433,
    -19.28045612034));
#3293 = CARTESIAN_POINT('',(10.599982104304,-9.708595652471,
    -19.16077469209));
#3294 = CARTESIAN_POINT('',(10.610872246161,-9.652559352193,
    -19.0435987388));
#3295 = CARTESIAN_POINT('',(10.611533546543,-9.595033644246,
    -18.92900209985));
#3296 = ORIENTED_EDGE('',*,*,#3297,.T.);
#3297 = EDGE_CURVE('',#3243,#3298,#3300,.T.);
#3298 = VERTEX_POINT('',#3299);
#3299 = CARTESIAN_POINT('',(10.611533546543,-9.595033644246,
    -18.92900209985));
#3300 = B_SPLINE_CURVE_WITH_KNOTS('',5,(#3301,#3302,#3303,#3304,#3305,
    #3306),.UNSPECIFIED.,.F.,.F.,(6,6),(0.,1.),
  .PIECEWISE_BEZIER_KNOTS.);
#3301 = CARTESIAN_POINT('',(10.563198862953,-9.767949192431,
    -19.29815612388));
#3302 = CARTESIAN_POINT('',(10.582844127137,-9.735167580976,
    -19.22267409399));
#3303 = CARTESIAN_POINT('',(10.597097367612,-9.70128451468,
    -19.14778340498));
#3304 = CARTESIAN_POINT('',(10.60640311183,-9.666529280453,
    -19.07376044907));
#3305 = CARTESIAN_POINT('',(10.611119255783,-9.631072288562,
    -19.00079448031));
#3306 = CARTESIAN_POINT('',(10.611533546543,-9.595033644246,
    -18.92900209985));
#3307 = ORIENTED_EDGE('',*,*,#3308,.F.);
#3308 = EDGE_CURVE('',#3309,#3298,#3311,.T.);
#3309 = VERTEX_POINT('',#3310);
#3310 = CARTESIAN_POINT('',(10.611533546543,-4.100501485124,
    -18.92900209985));
#3311 = ( BOUNDED_CURVE() B_SPLINE_CURVE(2,(#3312,#3313,#3314,#3315),
.UNSPECIFIED.,.F.,.F.) B_SPLINE_CURVE_WITH_KNOTS((3,1,3),(
    -0.352998490577,6.168843056153E-14,8.767282772495),.UNSPECIFIED.) 
CURVE() GEOMETRIC_REPRESENTATION_ITEM() RATIONAL_B_SPLINE_CURVE((
    1.056651799772,1.056651799772,1.056651799772,1.056651799772)) 
REPRESENTATION_ITEM('') );
#3312 = CARTESIAN_POINT('',(10.611533546543,-3.647001509423,
    -18.92900209985));
#3313 = CARTESIAN_POINT('',(10.611533546543,-3.823500754712,
    -18.92900209985));
#3314 = CARTESIAN_POINT('',(10.611533546543,-8.383641386248,
    -18.92900209985));
#3315 = CARTESIAN_POINT('',(10.611533546543,-12.76728277249,
    -18.92900209985));
#3316 = ORIENTED_EDGE('',*,*,#3317,.T.);
#3317 = EDGE_CURVE('',#3309,#3318,#3320,.T.);
#3318 = VERTEX_POINT('',#3319);
#3319 = CARTESIAN_POINT('',(10.607907028192,-4.,-18.81574629083));
#3320 = B_SPLINE_CURVE_WITH_KNOTS('',6,(#3321,#3322,#3323,#3324,#3325,
    #3326,#3327),.UNSPECIFIED.,.F.,.F.,(7,7),(0.,1.),
  .PIECEWISE_BEZIER_KNOTS.);
#3321 = CARTESIAN_POINT('',(10.563198862953,-4.4,-19.29815612388));
#3322 = CARTESIAN_POINT('',(10.585243227594,-4.336286620949,
    -19.2134561486));
#3323 = CARTESIAN_POINT('',(10.600529469808,-4.270961945766,
    -19.13039461311));
#3324 = CARTESIAN_POINT('',(10.60992580896,-4.204431680731,
    -19.04904954263));
#3325 = CARTESIAN_POINT('',(10.614001663005,-4.136974970364,
    -18.96948588965));
#3326 = CARTESIAN_POINT('',(10.613218111707,-4.06879175888,
    -18.89172321457));
#3327 = CARTESIAN_POINT('',(10.60790698187,-3.9999994,-18.81574562817));
#3328 = ORIENTED_EDGE('',*,*,#3329,.T.);
#3329 = EDGE_CURVE('',#3318,#3085,#3330,.T.);
#3330 = CIRCLE('',#3331,1.5);
#3331 = AXIS2_PLACEMENT_3D('',#3332,#3333,#3334);
#3332 = CARTESIAN_POINT('',(9.111558521469,-4.,-18.92034622595));
#3333 = DIRECTION('',(0.,-1.,-2.22044604925E-16));
#3334 = DIRECTION('',(-0.900968867902,9.634154343575E-17,-0.433883739118
    ));
#3335 = CYLINDRICAL_SURFACE('',#3336,1.5);
#3336 = AXIS2_PLACEMENT_3D('',#3337,#3338,#3339);
#3337 = CARTESIAN_POINT('',(9.111558521469,-24.,-18.92034622595));
#3338 = DIRECTION('',(0.,-1.,-2.22044604925E-16));
#3339 = DIRECTION('',(-0.900968867902,9.634154343575E-17,-0.433883739118
    ));
#3340 = ADVANCED_FACE('',(#3341),#3408,.T.);
#3341 = FACE_BOUND('',#3342,.T.);
#3342 = EDGE_LOOP('',(#3343,#3354,#3376,#3386,#3387,#3388));
#3343 = ORIENTED_EDGE('',*,*,#3344,.T.);
#3344 = EDGE_CURVE('',#3345,#3347,#3349,.T.);
#3345 = VERTEX_POINT('',#3346);
#3346 = CARTESIAN_POINT('',(10.910718567164,-23.6,-19.10382737432));
#3347 = VERTEX_POINT('',#3348);
#3348 = CARTESIAN_POINT('',(16.196991251037,-23.6,-14.88816558256));
#3349 = CIRCLE('',#3350,22.);
#3350 = AXIS2_PLACEMENT_3D('',#3351,#3352,#3353);
#3351 = CARTESIAN_POINT('',(1.33226762955E-16,-23.6,-1.33226762955E-16)
  );
#3352 = DIRECTION('',(-3.330669073875E-16,-1.,3.330669073875E-16));
#3353 = DIRECTION('',(-3.3104832007E-16,3.330669073875E-16,1.));
#3354 = ORIENTED_EDGE('',*,*,#3355,.T.);
#3355 = EDGE_CURVE('',#3347,#3356,#3358,.T.);
#3356 = VERTEX_POINT('',#3357);
#3357 = CARTESIAN_POINT('',(16.093124141416,-23.89949851487,
    -14.5575794717));
#3358 = B_SPLINE_CURVE_WITH_KNOTS('',6,(#3359,#3360,#3361,#3362,#3363,
    #3364,#3365,#3366,#3367,#3368,#3369,#3370,#3371,#3372,#3373,#3374,
    #3375),.UNSPECIFIED.,.F.,.F.,(7,5,5,7),(0.,0.316954737885,
    0.754283345974,1.),.UNSPECIFIED.);
#3359 = CARTESIAN_POINT('',(16.196992130814,-23.6,-14.88816462544));
#3360 = CARTESIAN_POINT('',(16.212014952843,-23.60000014298,
    -14.8718209268));
#3361 = CARTESIAN_POINT('',(16.224862015424,-23.60292991139,
    -14.85347554226));
#3362 = CARTESIAN_POINT('',(16.235193870655,-23.60879133,-14.83349445348
    ));
#3363 = CARTESIAN_POINT('',(16.242762070423,-23.61747134076,
    -14.81232150669));
#3364 = CARTESIAN_POINT('',(16.247421400656,-23.62875571926,
    -14.79044217066));
#3365 = CARTESIAN_POINT('',(16.251516327926,-23.66109047173,
    -14.73786117132));
#3366 = CARTESIAN_POINT('',(16.248295378882,-23.68422275632,
    -14.7069644967));
#3367 = CARTESIAN_POINT('',(16.239395752731,-23.71095374069,
    -14.67694294237));
#3368 = CARTESIAN_POINT('',(16.225132936463,-23.74019722755,
    -14.64909783584));
#3369 = CARTESIAN_POINT('',(16.206200357117,-23.77069595713,
    -14.62455418064));
#3370 = CARTESIAN_POINT('',(16.170800626717,-23.81832034119,
    -14.59269597607));
#3371 = CARTESIAN_POINT('',(16.156888011949,-23.83545018305,
    -14.58254440587));
#3372 = CARTESIAN_POINT('',(16.141963767338,-23.85235355992,
    -14.57385194321));
#3373 = CARTESIAN_POINT('',(16.126219937775,-23.86880501025,
    -14.56674056469));
#3374 = CARTESIAN_POINT('',(16.109866583297,-23.88458687614,
    -14.56129931008));
#3375 = CARTESIAN_POINT('',(16.093124141416,-23.89949851487,
    -14.5575794717));
#3376 = ORIENTED_EDGE('',*,*,#3377,.F.);
#3377 = EDGE_CURVE('',#168,#3356,#3378,.T.);
#3378 = B_SPLINE_CURVE_WITH_KNOTS('',6,(#3379,#3380,#3381,#3382,#3383,
    #3384,#3385),.UNSPECIFIED.,.F.,.F.,(7,7),(0.,1.),
  .PIECEWISE_BEZIER_KNOTS.);
#3379 = CARTESIAN_POINT('',(15.983514868235,-24.,-14.52884208933));
#3380 = CARTESIAN_POINT('',(16.056405613258,-23.93120774659,
    -14.55092659991));
#3381 = CARTESIAN_POINT('',(16.132044164464,-23.86302463951,
    -14.56899427731));
#3382 = CARTESIAN_POINT('',(16.21051985127,-23.79556803177,
    -14.58272515105));
#3383 = CARTESIAN_POINT('',(16.291916203574,-23.72903786672,
    -14.5916653505));
#3384 = CARTESIAN_POINT('',(16.376296604801,-23.66371328786,
    -14.59524528274));
#3385 = CARTESIAN_POINT('',(16.463778182264,-23.6,-14.59260113774));
#3386 = ORIENTED_EDGE('',*,*,#176,.F.);
#3387 = ORIENTED_EDGE('',*,*,#3093,.F.);
#3388 = ORIENTED_EDGE('',*,*,#3389,.F.);
#3389 = EDGE_CURVE('',#3345,#3094,#3390,.T.);
#3390 = B_SPLINE_CURVE_WITH_KNOTS('',6,(#3391,#3392,#3393,#3394,#3395,
    #3396,#3397,#3398,#3399,#3400,#3401,#3402,#3403,#3404,#3405,#3406,
    #3407),.UNSPECIFIED.,.F.,.F.,(7,5,5,7),(0.,0.316956850858,
    0.754284106078,1.),.UNSPECIFIED.);
#3391 = CARTESIAN_POINT('',(10.910718567771,-23.6,-19.10382737398));
#3392 = CARTESIAN_POINT('',(10.891441630844,-23.6,-19.11483696014));
#3393 = CARTESIAN_POINT('',(10.870697299502,-23.60292968256,
    -19.12327988109));
#3394 = CARTESIAN_POINT('',(10.84891792823,-23.60879107585,
    -19.1289066259));
#3395 = CARTESIAN_POINT('',(10.826591532379,-23.61747112047,
    -19.13157373514));
#3396 = CARTESIAN_POINT('',(10.804223735223,-23.62875558664,
    -19.13124766153));
#3397 = CARTESIAN_POINT('',(10.752049630295,-23.66109047172,
    -19.12353951573));
#3398 = CARTESIAN_POINT('',(10.722644328406,-23.68422275632,
    -19.11352416571));
#3399 = CARTESIAN_POINT('',(10.695355830247,-23.71095374068,
    -19.09816724747));
#3400 = CARTESIAN_POINT('',(10.671382633868,-23.74019722754,
    -19.07806591067));
#3401 = CARTESIAN_POINT('',(10.651667234584,-23.77069595712,
    -19.05414653354));
#3402 = CARTESIAN_POINT('',(10.628484962784,-23.81832034119,
    -19.01254523085));
#3403 = CARTESIAN_POINT('',(10.621683761675,-23.83545018305,
    -18.9967224975));
#3404 = CARTESIAN_POINT('',(10.616530194051,-23.85235355992,
    -18.98023817995));
#3405 = CARTESIAN_POINT('',(10.613100444291,-23.86880501025,
    -18.96330665047));
#3406 = CARTESIAN_POINT('',(10.611434577004,-23.88458687614,
    -18.94615251567));
#3407 = CARTESIAN_POINT('',(10.611533546543,-23.89949851487,
    -18.92900209985));
#3408 = CONICAL_SURFACE('',#3409,22.,0.785398163397);
#3409 = AXIS2_PLACEMENT_3D('',#3410,#3411,#3412);
#3410 = CARTESIAN_POINT('',(1.33226762955E-16,-23.6,-1.33226762955E-16)
  );
#3411 = DIRECTION('',(3.330669073875E-16,1.,-3.330669073875E-16));
#3412 = DIRECTION('',(-3.3104832007E-16,3.330669073875E-16,1.));
#3413 = ADVANCED_FACE('',(#3414),#3668,.F.);
#3414 = FACE_BOUND('',#3415,.F.);
#3415 = EDGE_LOOP('',(#3416,#3424,#3425,#3437,#3446,#3457,#3512,#3523,
    #3530,#3531,#3532,#3533,#3542,#3554,#3563,#3574,#3629,#3640,#3649,
    #3661));
#3416 = ORIENTED_EDGE('',*,*,#3417,.F.);
#3417 = EDGE_CURVE('',#159,#3418,#3420,.T.);
#3418 = VERTEX_POINT('',#3419);
#3419 = CARTESIAN_POINT('',(15.483226429041,-4.,-14.26603306273));
#3420 = LINE('',#3421,#3422);
#3421 = CARTESIAN_POINT('',(15.483226429041,-24.,-14.26603306273));
#3422 = VECTOR('',#3423,1.);
#3423 = DIRECTION('',(0.,1.,2.22044604925E-16));
#3424 = ORIENTED_EDGE('',*,*,#158,.F.);
#3425 = ORIENTED_EDGE('',*,*,#3426,.F.);
#3426 = EDGE_CURVE('',#3427,#150,#3429,.T.);
#3427 = VERTEX_POINT('',#3428);
#3428 = CARTESIAN_POINT('',(17.773647574988,-23.89949851487,
    -12.45026973948));
#3429 = B_SPLINE_CURVE_WITH_KNOTS('',6,(#3430,#3431,#3432,#3433,#3434,
    #3435,#3436),.UNSPECIFIED.,.F.,.F.,(7,7),(0.,1.),
  .PIECEWISE_BEZIER_KNOTS.);
#3430 = CARTESIAN_POINT('',(17.890269458087,-23.6,-12.80383765583));
#3431 = CARTESIAN_POINT('',(17.873380802364,-23.66371337905,
    -12.71796092364));
#3432 = CARTESIAN_POINT('',(17.851114181112,-23.72903805423,
    -12.63649261411));
#3433 = CARTESIAN_POINT('',(17.824285686822,-23.79556831926,
    -12.55912631929));
#3434 = CARTESIAN_POINT('',(17.793436529174,-23.86302502963,
    -12.48567349814));
#3435 = CARTESIAN_POINT('',(17.758990613621,-23.93120824112,
    -12.41595171898));
#3436 = CARTESIAN_POINT('',(17.721240011704,-24.0000006,-12.34980269184)
  );
#3437 = ORIENTED_EDGE('',*,*,#3438,.F.);
#3438 = EDGE_CURVE('',#3439,#3427,#3441,.T.);
#3439 = VERTEX_POINT('',#3440);
#3440 = CARTESIAN_POINT('',(17.773647574988,-18.40496635575,
    -12.45026973948));
#3441 = ( BOUNDED_CURVE() B_SPLINE_CURVE(2,(#3442,#3443,#3444,#3445),
.UNSPECIFIED.,.F.,.F.) B_SPLINE_CURVE_WITH_KNOTS((3,1,3),(
-2.999333580064,5.767949192431,6.120947683008),.UNSPECIFIED.) CURVE() 
GEOMETRIC_REPRESENTATION_ITEM() RATIONAL_B_SPLINE_CURVE((1.056651799772,
1.056651799772,1.056651799772,1.056651799772)) REPRESENTATION_ITEM('') 
  );
#3442 = CARTESIAN_POINT('',(17.773647574988,-15.2327172275,
    -12.45026973948));
#3443 = CARTESIAN_POINT('',(17.773647574988,-19.61635861375,
    -12.45026973948));
#3444 = CARTESIAN_POINT('',(17.773647574988,-24.17649924528,
    -12.45026973948));
#3445 = CARTESIAN_POINT('',(17.773647574988,-24.35299849057,
    -12.45026973948));
#3446 = ORIENTED_EDGE('',*,*,#3447,.F.);
#3447 = EDGE_CURVE('',#3448,#3439,#3450,.T.);
#3448 = VERTEX_POINT('',#3449);
#3449 = CARTESIAN_POINT('',(17.890269458087,-18.23205080756,
    -12.80383765583));
#3450 = B_SPLINE_CURVE_WITH_KNOTS('',5,(#3451,#3452,#3453,#3454,#3455,
    #3456),.UNSPECIFIED.,.F.,.F.,(6,6),(0.,1.),
  .PIECEWISE_BEZIER_KNOTS.);
#3451 = CARTESIAN_POINT('',(17.890269458087,-18.23205080756,
    -12.80383765583));
#3452 = CARTESIAN_POINT('',(17.875218933357,-18.2648321376,
    -12.72730759312));
#3453 = CARTESIAN_POINT('',(17.855566939783,-18.29871513891,
    -12.65364918069));
#3454 = CARTESIAN_POINT('',(17.831833462809,-18.33347086122,
    -12.58291815433));
#3455 = CARTESIAN_POINT('',(17.804423291767,-18.36892837493,
    -12.51513099908));
#3456 = CARTESIAN_POINT('',(17.773647574988,-18.40496635575,
    -12.45026973948));
#3457 = ORIENTED_EDGE('',*,*,#3458,.F.);
#3458 = EDGE_CURVE('',#3459,#3448,#3461,.T.);
#3459 = VERTEX_POINT('',#3460);
#3460 = CARTESIAN_POINT('',(16.463778182264,-18.23205080756,
    -14.59260113774));
#3461 = B_SPLINE_CURVE_WITH_KNOTS('',7,(#3462,#3463,#3464,#3465,#3466,
    #3467,#3468,#3469,#3470,#3471,#3472,#3473,#3474,#3475,#3476,#3477,
    #3478,#3479,#3480,#3481,#3482,#3483,#3484,#3485,#3486,#3487,#3488,
    #3489,#3490,#3491,#3492,#3493,#3494,#3495,#3496,#3497,#3498,#3499,
    #3500,#3501,#3502,#3503,#3504,#3505,#3506,#3507,#3508,#3509,#3510,
    #3511),.UNSPECIFIED.,.F.,.F.,(8,6,6,6,6,6,6,6,8),(0.,0.2917736759,
    0.37258094973,0.414439938036,0.499890492638,0.585334514129,
    0.628368186824,0.709247356438,1.),.UNSPECIFIED.);
#3462 = CARTESIAN_POINT('',(16.093124141416,-18.40496635575,
    -14.5575794717));
#3463 = CARTESIAN_POINT('',(16.205386826444,-18.34723903902,
    -14.58252201277));
#3464 = CARTESIAN_POINT('',(16.322471231888,-18.29101297073,
    -14.59799954065));
#3465 = CARTESIAN_POINT('',(16.444498753129,-18.2365032558,
    -14.60315891548));
#3466 = CARTESIAN_POINT('',(16.571226165236,-18.18425605398,
    -14.59663734858));
#3467 = CARTESIAN_POINT('',(16.701911210581,-18.1351480876,
    -14.5766831416));
#3468 = CARTESIAN_POINT('',(16.835224818026,-18.09032647859,
    -14.54140600252));
#3469 = CARTESIAN_POINT('',(17.006296497802,-18.04052741522,
    -14.47388016557));
#3470 = CARTESIAN_POINT('',(17.043419903116,-18.03018210044,
    -14.45789619671));
#3471 = CARTESIAN_POINT('',(17.080507271075,-18.02032768699,
    -14.44053490555));
#3472 = CARTESIAN_POINT('',(17.117490585447,-18.0110032649,
    -14.42176110841));
#3473 = CARTESIAN_POINT('',(17.154290819939,-18.00225018444,
    -14.40154651283));
#3474 = CARTESIAN_POINT('',(17.190818408007,-17.99411076513,
    -14.37987308781));
#3475 = CARTESIAN_POINT('',(17.245702527587,-17.98275034101,
    -14.34475141282));
#3476 = CARTESIAN_POINT('',(17.264331288077,-17.97904960332,
    -14.33237399114));
#3477 = CARTESIAN_POINT('',(17.282845814455,-17.97553075858,
    -14.31960358071));
#3478 = CARTESIAN_POINT('',(17.301231348302,-17.9721995873,
    -14.30644089442));
#3479 = CARTESIAN_POINT('',(17.319472552465,-17.96906168366,
    -14.29288794659));
#3480 = CARTESIAN_POINT('',(17.337553511059,-17.96612245555,
    -14.27894805295));
#3481 = CARTESIAN_POINT('',(17.392007236623,-17.95780324482,
    -14.23538857753));
#3482 = CARTESIAN_POINT('',(17.427825773699,-17.9530680857,
    -14.20455402203));
#3483 = CARTESIAN_POINT('',(17.46276577626,-17.94922664054,
    -14.17216887739));
#3484 = CARTESIAN_POINT('',(17.496681581289,-17.94631608448,
    -14.13830145286));
#3485 = CARTESIAN_POINT('',(17.529433043948,-17.94436346392,
    -14.10304426689));
#3486 = CARTESIAN_POINT('',(17.560889154345,-17.94338338604,
    -14.06651666021));
#3487 = CARTESIAN_POINT('',(17.620971857352,-17.94336803121,
    -13.99122103613));
#3488 = CARTESIAN_POINT('',(17.649605674724,-17.9443326036,
    -13.95244440763));
#3489 = CARTESIAN_POINT('',(17.676714162786,-17.94626971897,
    -13.91268572508));
#3490 = CARTESIAN_POINT('',(17.70220986515,-17.94916491656,
    -13.87209914546));
#3491 = CARTESIAN_POINT('',(17.726033482329,-17.95299128188,
    -13.83084183965));
#3492 = CARTESIAN_POINT('',(17.748150541402,-17.95771174719,
    -13.78907105105));
#3493 = CARTESIAN_POINT('',(17.778821228944,-17.96608653002,
    -13.72572253458));
#3494 = CARTESIAN_POINT('',(17.788658890027,-17.96910732244,
    -13.70441122011));
#3495 = CARTESIAN_POINT('',(17.798060126353,-17.97233809715,
    -13.68302582046));
#3496 = CARTESIAN_POINT('',(17.807025283485,-17.97577297636,
    -13.66158399068));
#3497 = CARTESIAN_POINT('',(17.815555975108,-17.97940587658,
    -13.64010243119));
#3498 = CARTESIAN_POINT('',(17.823655083039,-17.98323050864,
    -13.61859688778));
#3499 = CARTESIAN_POINT('',(17.845745202089,-17.99477668262,
    -13.55664651401));
#3500 = CARTESIAN_POINT('',(17.858653083616,-18.00296734982,
    -13.51617915545));
#3501 = CARTESIAN_POINT('',(17.870077514357,-18.01177024892,
    -13.47577582886));
#3502 = CARTESIAN_POINT('',(17.880056516115,-18.02114299098,
    -13.43551941617));
#3503 = CARTESIAN_POINT('',(17.88863564775,-18.03104420807,-13.395480233
    ));
#3504 = CARTESIAN_POINT('',(17.895864632993,-18.04143483282,
    -13.3557163333));
#3505 = CARTESIAN_POINT('',(17.923109436102,-18.09126444914,
    -13.1744818447));
#3506 = CARTESIAN_POINT('',(17.927570524891,-18.13600420293,
    -13.03724606471));
#3507 = CARTESIAN_POINT('',(17.917808701087,-18.18498378676,
    -12.90595376493));
#3508 = CARTESIAN_POINT('',(17.89593635088,-18.23707209556,
    -12.7814631023));
#3509 = CARTESIAN_POINT('',(17.863802444098,-18.29140434752,
    -12.66410161247));
#3510 = CARTESIAN_POINT('',(17.822773382126,-18.3474406478,
    -12.55380467102));
#3511 = CARTESIAN_POINT('',(17.773647574988,-18.40496635575,
    -12.45026973948));
#3512 = ORIENTED_EDGE('',*,*,#3513,.T.);
#3513 = EDGE_CURVE('',#3459,#3514,#3516,.T.);
#3514 = VERTEX_POINT('',#3515);
#3515 = CARTESIAN_POINT('',(16.093124141416,-18.40496635575,
    -14.5575794717));
#3516 = B_SPLINE_CURVE_WITH_KNOTS('',5,(#3517,#3518,#3519,#3520,#3521,
    #3522),.UNSPECIFIED.,.F.,.F.,(6,6),(0.,1.),
  .PIECEWISE_BEZIER_KNOTS.);
#3517 = CARTESIAN_POINT('',(16.463778182264,-18.23205080756,
    -14.59260113774));
#3518 = CARTESIAN_POINT('',(16.385817161921,-18.26483241902,
    -14.59495752234));
#3519 = CARTESIAN_POINT('',(16.309632494463,-18.29871548532,
    -14.59218865826));
#3520 = CARTESIAN_POINT('',(16.235394725708,-18.33347071954,
    -14.58478943076));
#3521 = CARTESIAN_POINT('',(16.163208725366,-18.36892771143,
    -14.57315087562));
#3522 = CARTESIAN_POINT('',(16.093124141416,-18.40496635575,
    -14.5575794717));
#3523 = ORIENTED_EDGE('',*,*,#3524,.T.);
#3524 = EDGE_CURVE('',#3514,#3356,#3525,.T.);
#3525 = ( BOUNDED_CURVE() B_SPLINE_CURVE(2,(#3526,#3527,#3528,#3529),
.UNSPECIFIED.,.F.,.F.) B_SPLINE_CURVE_WITH_KNOTS((3,1,3),(
-2.999333580064,5.767949192431,6.120947683008),.UNSPECIFIED.) CURVE() 
GEOMETRIC_REPRESENTATION_ITEM() RATIONAL_B_SPLINE_CURVE((1.056651799772,
1.056651799772,1.056651799772,1.056651799772)) REPRESENTATION_ITEM('') 
  );
#3526 = CARTESIAN_POINT('',(16.093124141416,-15.2327172275,
    -14.5575794717));
#3527 = CARTESIAN_POINT('',(16.093124141416,-19.61635861375,
    -14.5575794717));
#3528 = CARTESIAN_POINT('',(16.093124141416,-24.17649924528,
    -14.5575794717));
#3529 = CARTESIAN_POINT('',(16.093124141416,-24.35299849057,
    -14.5575794717));
#3530 = ORIENTED_EDGE('',*,*,#3377,.F.);
#3531 = ORIENTED_EDGE('',*,*,#167,.F.);
#3532 = ORIENTED_EDGE('',*,*,#3417,.T.);
#3533 = ORIENTED_EDGE('',*,*,#3534,.T.);
#3534 = EDGE_CURVE('',#3418,#3535,#3537,.T.);
#3535 = VERTEX_POINT('',#3536);
#3536 = CARTESIAN_POINT('',(15.983514868235,-4.,-14.52884208933));
#3537 = CIRCLE('',#3538,1.5);
#3538 = AXIS2_PLACEMENT_3D('',#3539,#3540,#3541);
#3539 = CARTESIAN_POINT('',(16.418461131829,-4.,-13.09328583903));
#3540 = DIRECTION('',(0.,-1.,-2.22044604925E-16));
#3541 = DIRECTION('',(-0.623489801859,1.736014626426E-16,-0.781831482468
    ));
#3542 = ORIENTED_EDGE('',*,*,#3543,.T.);
#3543 = EDGE_CURVE('',#3535,#3544,#3546,.T.);
#3544 = VERTEX_POINT('',#3545);
#3545 = CARTESIAN_POINT('',(16.093124141416,-4.100501485124,
    -14.5575794717));
#3546 = B_SPLINE_CURVE_WITH_KNOTS('',6,(#3547,#3548,#3549,#3550,#3551,
    #3552,#3553),.UNSPECIFIED.,.F.,.F.,(7,7),(0.,1.),
  .PIECEWISE_BEZIER_KNOTS.);
#3547 = CARTESIAN_POINT('',(15.983514868235,-4.,-14.52884208933));
#3548 = CARTESIAN_POINT('',(16.056405613258,-4.06879225341,
    -14.55092659991));
#3549 = CARTESIAN_POINT('',(16.132044164464,-4.136975360483,
    -14.56899427731));
#3550 = CARTESIAN_POINT('',(16.21051985127,-4.204431968223,
    -14.58272515105));
#3551 = CARTESIAN_POINT('',(16.291916203574,-4.270962133273,
    -14.5916653505));
#3552 = CARTESIAN_POINT('',(16.376296604801,-4.336286712138,
    -14.59524528274));
#3553 = CARTESIAN_POINT('',(16.463778182264,-4.4,-14.59260113774));
#3554 = ORIENTED_EDGE('',*,*,#3555,.T.);
#3555 = EDGE_CURVE('',#3544,#3556,#3558,.T.);
#3556 = VERTEX_POINT('',#3557);
#3557 = CARTESIAN_POINT('',(16.093124141416,-9.595033644246,
    -14.5575794717));
#3558 = ( BOUNDED_CURVE() B_SPLINE_CURVE(2,(#3559,#3560,#3561,#3562),
.UNSPECIFIED.,.F.,.F.) B_SPLINE_CURVE_WITH_KNOTS((3,1,3),(
    -0.352998490577,6.157075717328E-14,8.767282772495),.UNSPECIFIED.) 
CURVE() GEOMETRIC_REPRESENTATION_ITEM() RATIONAL_B_SPLINE_CURVE((
    1.056651799772,1.056651799772,1.056651799772,1.056651799772)) 
REPRESENTATION_ITEM('') );
#3559 = CARTESIAN_POINT('',(16.093124141416,-3.647001509423,
    -14.5575794717));
#3560 = CARTESIAN_POINT('',(16.093124141416,-3.823500754712,
    -14.5575794717));
#3561 = CARTESIAN_POINT('',(16.093124141416,-8.383641386248,
    -14.5575794717));
#3562 = CARTESIAN_POINT('',(16.093124141416,-12.76728277249,
    -14.5575794717));
#3563 = ORIENTED_EDGE('',*,*,#3564,.F.);
#3564 = EDGE_CURVE('',#3565,#3556,#3567,.T.);
#3565 = VERTEX_POINT('',#3566);
#3566 = CARTESIAN_POINT('',(16.463778182264,-9.767949192431,
    -14.59260113774));
#3567 = B_SPLINE_CURVE_WITH_KNOTS('',5,(#3568,#3569,#3570,#3571,#3572,
    #3573),.UNSPECIFIED.,.F.,.F.,(6,6),(0.,1.),
  .PIECEWISE_BEZIER_KNOTS.);
#3568 = CARTESIAN_POINT('',(16.463778182264,-9.767949192431,
    -14.59260113774));
#3569 = CARTESIAN_POINT('',(16.385817831181,-9.735167862391,
    -14.59495750212));
#3570 = CARTESIAN_POINT('',(16.309633208971,-9.701284861084,
    -14.59218876378));
#3571 = CARTESIAN_POINT('',(16.235394361655,-9.66652913878,
    -14.58478946867));
#3572 = CARTESIAN_POINT('',(16.163207435056,-9.631071625064,
    -14.57315058894));
#3573 = CARTESIAN_POINT('',(16.093124141416,-9.595033644246,
    -14.5575794717));
#3574 = ORIENTED_EDGE('',*,*,#3575,.T.);
#3575 = EDGE_CURVE('',#3565,#3576,#3578,.T.);
#3576 = VERTEX_POINT('',#3577);
#3577 = CARTESIAN_POINT('',(17.890269458087,-9.767949192431,
    -12.80383765583));
#3578 = B_SPLINE_CURVE_WITH_KNOTS('',7,(#3579,#3580,#3581,#3582,#3583,
    #3584,#3585,#3586,#3587,#3588,#3589,#3590,#3591,#3592,#3593,#3594,
    #3595,#3596,#3597,#3598,#3599,#3600,#3601,#3602,#3603,#3604,#3605,
    #3606,#3607,#3608,#3609,#3610,#3611,#3612,#3613,#3614,#3615,#3616,
    #3617,#3618,#3619,#3620,#3621,#3622,#3623,#3624,#3625,#3626,#3627,
    #3628),.UNSPECIFIED.,.F.,.F.,(8,6,6,6,6,6,6,6,8),(0.,0.2917736759,
    0.37258094973,0.414439938036,0.499890492637,0.585334514129,
    0.628368186824,0.709247356438,1.),.UNSPECIFIED.);
#3579 = CARTESIAN_POINT('',(16.093124141416,-9.595033644246,
    -14.5575794717));
#3580 = CARTESIAN_POINT('',(16.205386826444,-9.652760960978,
    -14.58252201277));
#3581 = CARTESIAN_POINT('',(16.322471231888,-9.70898702927,
    -14.59799954065));
#3582 = CARTESIAN_POINT('',(16.444498753128,-9.763496744191,
    -14.60315891548));
#3583 = CARTESIAN_POINT('',(16.571226165237,-9.815743946012,
    -14.59663734858));
#3584 = CARTESIAN_POINT('',(16.701911210581,-9.864851912397,
    -14.5766831416));
#3585 = CARTESIAN_POINT('',(16.835224818027,-9.909673521406,
    -14.54140600252));
#3586 = CARTESIAN_POINT('',(17.006296497802,-9.95947258478,
    -14.47388016557));
#3587 = CARTESIAN_POINT('',(17.043419903116,-9.969817899551,
    -14.45789619671));
#3588 = CARTESIAN_POINT('',(17.080507271075,-9.979672313007,
    -14.44053490555));
#3589 = CARTESIAN_POINT('',(17.117490585447,-9.988996735091,
    -14.42176110841));
#3590 = CARTESIAN_POINT('',(17.154290819939,-9.997749815551,
    -14.40154651283));
#3591 = CARTESIAN_POINT('',(17.190818408007,-10.00588923486,
    -14.37987308781));
#3592 = CARTESIAN_POINT('',(17.245702527587,-10.01724965898,
    -14.34475141282));
#3593 = CARTESIAN_POINT('',(17.264331288077,-10.02095039667,
    -14.33237399114));
#3594 = CARTESIAN_POINT('',(17.282845814455,-10.02446924141,
    -14.31960358071));
#3595 = CARTESIAN_POINT('',(17.301231348302,-10.0278004127,
    -14.30644089442));
#3596 = CARTESIAN_POINT('',(17.319472552465,-10.03093831633,
    -14.29288794659));
#3597 = CARTESIAN_POINT('',(17.337553511059,-10.03387754444,
    -14.27894805295));
#3598 = CARTESIAN_POINT('',(17.392007236623,-10.04219675517,
    -14.23538857753));
#3599 = CARTESIAN_POINT('',(17.427825773699,-10.04693191429,
    -14.20455402203));
#3600 = CARTESIAN_POINT('',(17.46276577626,-10.05077335945,
    -14.17216887739));
#3601 = CARTESIAN_POINT('',(17.496681581289,-10.05368391551,
    -14.13830145286));
#3602 = CARTESIAN_POINT('',(17.529433043948,-10.05563653607,
    -14.10304426689));
#3603 = CARTESIAN_POINT('',(17.560889154345,-10.05661661395,
    -14.06651666021));
#3604 = CARTESIAN_POINT('',(17.620971857352,-10.05663196878,
    -13.99122103613));
#3605 = CARTESIAN_POINT('',(17.649605674724,-10.05566739639,
    -13.95244440763));
#3606 = CARTESIAN_POINT('',(17.676714162786,-10.05373028102,
    -13.91268572508));
#3607 = CARTESIAN_POINT('',(17.70220986515,-10.05083508343,
    -13.87209914546));
#3608 = CARTESIAN_POINT('',(17.726033482329,-10.04700871811,
    -13.83084183965));
#3609 = CARTESIAN_POINT('',(17.748150541402,-10.0422882528,
    -13.78907105105));
#3610 = CARTESIAN_POINT('',(17.778821228944,-10.03391346997,
    -13.72572253458));
#3611 = CARTESIAN_POINT('',(17.788658890027,-10.03089267755,
    -13.70441122011));
#3612 = CARTESIAN_POINT('',(17.798060126353,-10.02766190284,
    -13.68302582046));
#3613 = CARTESIAN_POINT('',(17.807025283485,-10.02422702363,
    -13.66158399068));
#3614 = CARTESIAN_POINT('',(17.815555975108,-10.02059412341,
    -13.64010243119));
#3615 = CARTESIAN_POINT('',(17.823655083039,-10.01676949135,
    -13.61859688778));
#3616 = CARTESIAN_POINT('',(17.845745202089,-10.00522331737,
    -13.55664651401));
#3617 = CARTESIAN_POINT('',(17.858653083616,-9.997032650177,
    -13.51617915545));
#3618 = CARTESIAN_POINT('',(17.870077514357,-9.988229751075,
    -13.47577582886));
#3619 = CARTESIAN_POINT('',(17.880056516115,-9.978857009014,
    -13.43551941617));
#3620 = CARTESIAN_POINT('',(17.88863564775,-9.968955791926,-13.395480233
    ));
#3621 = CARTESIAN_POINT('',(17.895864632993,-9.958565167175,
    -13.3557163333));
#3622 = CARTESIAN_POINT('',(17.923109436102,-9.908735550855,
    -13.1744818447));
#3623 = CARTESIAN_POINT('',(17.927570524891,-9.863995797067,
    -13.03724606471));
#3624 = CARTESIAN_POINT('',(17.917808701087,-9.815016213236,
    -12.90595376493));
#3625 = CARTESIAN_POINT('',(17.89593635088,-9.762927904433,
    -12.7814631023));
#3626 = CARTESIAN_POINT('',(17.863802444098,-9.708595652471,
    -12.66410161247));
#3627 = CARTESIAN_POINT('',(17.822773382126,-9.652559352193,
    -12.55380467102));
#3628 = CARTESIAN_POINT('',(17.773647574988,-9.595033644246,
    -12.45026973948));
#3629 = ORIENTED_EDGE('',*,*,#3630,.T.);
#3630 = EDGE_CURVE('',#3576,#3631,#3633,.T.);
#3631 = VERTEX_POINT('',#3632);
#3632 = CARTESIAN_POINT('',(17.773647574988,-9.595033644246,
    -12.45026973948));
#3633 = B_SPLINE_CURVE_WITH_KNOTS('',5,(#3634,#3635,#3636,#3637,#3638,
    #3639),.UNSPECIFIED.,.F.,.F.,(6,6),(0.,1.),
  .PIECEWISE_BEZIER_KNOTS.);
#3634 = CARTESIAN_POINT('',(17.890269458087,-9.767949192431,
    -12.80383765583));
#3635 = CARTESIAN_POINT('',(17.875218804154,-9.735167580976,
    -12.72730693613));
#3636 = CARTESIAN_POINT('',(17.855566677917,-9.70128451468,
    -12.65364850757));
#3637 = CARTESIAN_POINT('',(17.831833506858,-9.666529280453,
    -12.58291851769));
#3638 = CARTESIAN_POINT('',(17.804423858382,-9.631072288562,
    -12.51513219325));
#3639 = CARTESIAN_POINT('',(17.773647574988,-9.595033644246,
    -12.45026973948));
#3640 = ORIENTED_EDGE('',*,*,#3641,.F.);
#3641 = EDGE_CURVE('',#3642,#3631,#3644,.T.);
#3642 = VERTEX_POINT('',#3643);
#3643 = CARTESIAN_POINT('',(17.773647574988,-4.100501485124,
    -12.45026973948));
#3644 = ( BOUNDED_CURVE() B_SPLINE_CURVE(2,(#3645,#3646,#3647,#3648),
.UNSPECIFIED.,.F.,.F.) B_SPLINE_CURVE_WITH_KNOTS((3,1,3),(
    -0.352998490577,6.168843056153E-14,8.767282772495),.UNSPECIFIED.) 
CURVE() GEOMETRIC_REPRESENTATION_ITEM() RATIONAL_B_SPLINE_CURVE((
    1.056651799772,1.056651799772,1.056651799772,1.056651799772)) 
REPRESENTATION_ITEM('') );
#3645 = CARTESIAN_POINT('',(17.773647574988,-3.647001509423,
    -12.45026973948));
#3646 = CARTESIAN_POINT('',(17.773647574988,-3.823500754712,
    -12.45026973948));
#3647 = CARTESIAN_POINT('',(17.773647574988,-8.383641386248,
    -12.45026973948));
#3648 = CARTESIAN_POINT('',(17.773647574988,-12.76728277249,
    -12.45026973948));
#3649 = ORIENTED_EDGE('',*,*,#3650,.T.);
#3650 = EDGE_CURVE('',#3642,#3651,#3653,.T.);
#3651 = VERTEX_POINT('',#3652);
#3652 = CARTESIAN_POINT('',(17.721240340961,-4.,-12.34980326879));
#3653 = B_SPLINE_CURVE_WITH_KNOTS('',6,(#3654,#3655,#3656,#3657,#3658,
    #3659,#3660),.UNSPECIFIED.,.F.,.F.,(7,7),(0.,1.),
  .PIECEWISE_BEZIER_KNOTS.);
#3654 = CARTESIAN_POINT('',(17.890269458087,-4.4,-12.80383765583));
#3655 = CARTESIAN_POINT('',(17.873380802364,-4.336286620949,
    -12.71796092364));
#3656 = CARTESIAN_POINT('',(17.851114181112,-4.270961945766,
    -12.63649261411));
#3657 = CARTESIAN_POINT('',(17.824285686822,-4.204431680731,
    -12.55912631929));
#3658 = CARTESIAN_POINT('',(17.793436529173,-4.136974970364,
    -12.48567349814));
#3659 = CARTESIAN_POINT('',(17.758990613621,-4.06879175888,
    -12.41595171898));
#3660 = CARTESIAN_POINT('',(17.721240011704,-3.9999994,-12.34980269184)
  );
#3661 = ORIENTED_EDGE('',*,*,#3662,.T.);
#3662 = EDGE_CURVE('',#3651,#3418,#3663,.T.);
#3663 = CIRCLE('',#3664,1.5);
#3664 = AXIS2_PLACEMENT_3D('',#3665,#3666,#3667);
#3665 = CARTESIAN_POINT('',(16.418461131829,-4.,-13.09328583903));
#3666 = DIRECTION('',(0.,-1.,-2.22044604925E-16));
#3667 = DIRECTION('',(-0.623489801859,1.736014626426E-16,-0.781831482468
    ));
#3668 = CYLINDRICAL_SURFACE('',#3669,1.5);
#3669 = AXIS2_PLACEMENT_3D('',#3670,#3671,#3672);
#3670 = CARTESIAN_POINT('',(16.418461131829,-24.,-13.09328583903));
#3671 = DIRECTION('',(0.,-1.,-2.22044604925E-16));
#3672 = DIRECTION('',(-0.623489801859,1.736014626426E-16,-0.781831482468
    ));
#3673 = ADVANCED_FACE('',(#3674),#3741,.T.);
#3674 = FACE_BOUND('',#3675,.T.);
#3675 = EDGE_LOOP('',(#3676,#3687,#3709,#3719,#3720,#3721));
#3676 = ORIENTED_EDGE('',*,*,#3677,.T.);
#3677 = EDGE_CURVE('',#3678,#3680,#3682,.T.);
#3678 = VERTEX_POINT('',#3679);
#3679 = CARTESIAN_POINT('',(18.119057808089,-23.6,-12.47797035367));
#3680 = VERTEX_POINT('',#3681);
#3681 = CARTESIAN_POINT('',(21.052717822436,-23.6,-6.386162563612));
#3682 = CIRCLE('',#3683,22.);
#3683 = AXIS2_PLACEMENT_3D('',#3684,#3685,#3686);
#3684 = CARTESIAN_POINT('',(1.33226762955E-16,-23.6,-1.33226762955E-16)
  );
#3685 = DIRECTION('',(-3.330669073875E-16,-1.,3.330669073875E-16));
#3686 = DIRECTION('',(-3.3104832007E-16,3.330669073875E-16,1.));
#3687 = ORIENTED_EDGE('',*,*,#3688,.T.);
#3688 = EDGE_CURVE('',#3680,#3689,#3691,.T.);
#3689 = VERTEX_POINT('',#3690);
#3690 = CARTESIAN_POINT('',(20.815700852387,-23.89949851487,
    -6.133381019457));
#3691 = B_SPLINE_CURVE_WITH_KNOTS('',6,(#3692,#3693,#3694,#3695,#3696,
    #3697,#3698,#3699,#3700,#3701,#3702,#3703,#3704,#3705,#3706,#3707,
    #3708),.UNSPECIFIED.,.F.,.F.,(7,5,5,7),(0.,0.316956850519,
    0.754284105975,1.),.UNSPECIFIED.);
#3692 = CARTESIAN_POINT('',(21.052717834176,-23.6,-6.386162524911));
#3693 = CARTESIAN_POINT('',(21.059161865005,-23.59999999998,
    -6.364919037694));
#3694 = CARTESIAN_POINT('',(21.062777028095,-23.60292968262,
    -6.342816176289));
#3695 = CARTESIAN_POINT('',(21.063416342364,-23.60879107587,
    -6.320330758781));
#3696 = CARTESIAN_POINT('',(21.061048509231,-23.61747112046,
    -6.297970585132));
#3697 = CARTESIAN_POINT('',(21.055753296314,-23.62875558667,
    -6.276236191486));
#3698 = CARTESIAN_POINT('',(21.036628579275,-23.66109047173,
    -6.227085424135));
#3699 = CARTESIAN_POINT('',(21.020321039752,-23.68422275633,
    -6.200645999598));
#3700 = CARTESIAN_POINT('',(20.999276889407,-23.71095374069,
    -6.177458916855));
#3701 = CARTESIAN_POINT('',(20.974344997042,-23.74019722755,
    -6.1585597468));
#3702 = CARTESIAN_POINT('',(20.946638239573,-23.77069595713,
    -6.144661215879));
#3703 = CARTESIAN_POINT('',(20.90092142763,-23.8183203412,
    -6.131317332765));
#3704 = CARTESIAN_POINT('',(20.883981993618,-23.83545018306,
    -6.128207541371));
#3705 = CARTESIAN_POINT('',(20.866764195646,-23.85235355993,
    -6.126851290185));
#3706 = CARTESIAN_POINT('',(20.849493983844,-23.86880501025,
    -6.127275151165));
#3707 = CARTESIAN_POINT('',(20.832399248679,-23.88458687614,
    -6.129468204745));
#3708 = CARTESIAN_POINT('',(20.815700852387,-23.89949851487,
    -6.133381019457));
#3709 = ORIENTED_EDGE('',*,*,#3710,.F.);
#3710 = EDGE_CURVE('',#141,#3689,#3711,.T.);
#3711 = B_SPLINE_CURVE_WITH_KNOTS('',6,(#3712,#3713,#3714,#3715,#3716,
    #3717,#3718),.UNSPECIFIED.,.F.,.F.,(7,7),(0.,1.),
  .PIECEWISE_BEZIER_KNOTS.);
#3712 = CARTESIAN_POINT('',(20.704477626706,-24.,-6.155047213892));
#3713 = CARTESIAN_POINT('',(20.779732028756,-23.93120774659,
    -6.14331856139));
#3714 = CARTESIAN_POINT('',(20.855719280033,-23.86302463951,
    -6.126778638824));
#3715 = CARTESIAN_POINT('',(20.932381033571,-23.79556803177,
    -6.105100404169));
#3716 = CARTESIAN_POINT('',(21.009595620126,-23.72903786672,
    -6.077838691861));
#3717 = CARTESIAN_POINT('',(21.087173009078,-23.66371328786,
    -6.044452815365));
#3718 = CARTESIAN_POINT('',(21.164843935365,-23.6,-6.0041136891));
#3719 = ORIENTED_EDGE('',*,*,#149,.F.);
#3720 = ORIENTED_EDGE('',*,*,#3426,.F.);
#3721 = ORIENTED_EDGE('',*,*,#3722,.F.);
#3722 = EDGE_CURVE('',#3678,#3427,#3723,.T.);
#3723 = B_SPLINE_CURVE_WITH_KNOTS('',6,(#3724,#3725,#3726,#3727,#3728,
    #3729,#3730,#3731,#3732,#3733,#3734,#3735,#3736,#3737,#3738,#3739,
    #3740),.UNSPECIFIED.,.F.,.F.,(7,5,5,7),(0.,0.316956862259,
    0.754284110184,1.),.UNSPECIFIED.);
#3724 = CARTESIAN_POINT('',(18.119057773782,-23.6,-12.47797040348));
#3725 = CARTESIAN_POINT('',(18.106466733577,-23.59999999997,
    -12.49625364818));
#3726 = CARTESIAN_POINT('',(18.09143998767,-23.60292998129,
    -12.5128604814));
#3727 = CARTESIAN_POINT('',(18.074258996697,-23.60879053779,
    -12.52738111249));
#3728 = CARTESIAN_POINT('',(18.055300549833,-23.61747142022,
    -12.53946987971));
#3729 = CARTESIAN_POINT('',(18.035006497771,-23.62875558593,
    -12.54888155432));
#3730 = CARTESIAN_POINT('',(17.984654813285,-23.66109047173,
    -12.56457425101));
#3731 = CARTESIAN_POINT('',(17.953816054217,-23.68422275632,
    -12.56830921477));
#3732 = CARTESIAN_POINT('',(17.922566849813,-23.71095374068,
    -12.56631314514));
#3733 = CARTESIAN_POINT('',(17.89224610304,-23.74019722754,
    -12.55860404656));
#3734 = CARTESIAN_POINT('',(17.864104913281,-23.77069595712,
    -12.54560762359));
#3735 = CARTESIAN_POINT('',(17.825168279341,-23.81832034119,
    -12.51818455577));
#3736 = CARTESIAN_POINT('',(17.812175382169,-23.83545018305,
    -12.50687969619));
#3737 = CARTESIAN_POINT('',(17.800379900845,-23.85235355992,
    -12.49426388846));
#3738 = CARTESIAN_POINT('',(17.789943487769,-23.86880501025,
    -12.48049722016));
#3739 = CARTESIAN_POINT('',(17.780999693058,-23.88458687614,
    -12.46576467148));
#3740 = CARTESIAN_POINT('',(17.773647574988,-23.89949851487,
    -12.45026973948));
#3741 = CONICAL_SURFACE('',#3742,22.,0.785398163397);
#3742 = AXIS2_PLACEMENT_3D('',#3743,#3744,#3745);
#3743 = CARTESIAN_POINT('',(1.33226762955E-16,-23.6,-1.33226762955E-16)
  );
#3744 = DIRECTION('',(3.330669073875E-16,1.,-3.330669073875E-16));
#3745 = DIRECTION('',(-3.3104832007E-16,3.330669073875E-16,1.));
#3746 = ADVANCED_FACE('',(#3747),#4001,.F.);
#3747 = FACE_BOUND('',#3748,.F.);
#3748 = EDGE_LOOP('',(#3749,#3757,#3758,#3770,#3779,#3790,#3845,#3856,
    #3863,#3864,#3865,#3866,#3875,#3887,#3896,#3907,#3962,#3973,#3982,
    #3994));
#3749 = ORIENTED_EDGE('',*,*,#3750,.F.);
#3750 = EDGE_CURVE('',#132,#3751,#3753,.T.);
#3751 = VERTEX_POINT('',#3752);
#3752 = CARTESIAN_POINT('',(20.139704754884,-4.,-6.135331481355));
#3753 = LINE('',#3754,#3755);
#3754 = CARTESIAN_POINT('',(20.139704754884,-24.,-6.135331481355));
#3755 = VECTOR('',#3756,1.);
#3756 = DIRECTION('',(0.,1.,2.22044604925E-16));
#3757 = ORIENTED_EDGE('',*,*,#131,.F.);
#3758 = ORIENTED_EDGE('',*,*,#3759,.F.);
#3759 = EDGE_CURVE('',#3760,#123,#3762,.T.);
#3760 = VERTEX_POINT('',#3761);
#3761 = CARTESIAN_POINT('',(21.415472721725,-23.89949851487,
    -3.505608764672));
#3762 = B_SPLINE_CURVE_WITH_KNOTS('',6,(#3763,#3764,#3765,#3766,#3767,
    #3768,#3769),.UNSPECIFIED.,.F.,.F.,(7,7),(0.,1.),
  .PIECEWISE_BEZIER_KNOTS.);
#3763 = CARTESIAN_POINT('',(21.673952777291,-23.6,-3.77356211129));
#3764 = CARTESIAN_POINT('',(21.621476106595,-23.66371337905,
    -3.703517562199));
#3765 = CARTESIAN_POINT('',(21.566066799298,-23.72903805423,
    -3.639778276484));
#3766 = CARTESIAN_POINT('',(21.508327183891,-23.79556831926,
    -3.581714100841));
#3767 = CARTESIAN_POINT('',(21.448663068561,-23.86302502963,
    -3.528920343597));
#3768 = CARTESIAN_POINT('',(21.387377224779,-23.93120824112,
    -3.481048713793));
#3769 = CARTESIAN_POINT('',(21.324664120475,-24.0000006,-3.437829872014)
  );
#3770 = ORIENTED_EDGE('',*,*,#3771,.F.);
#3771 = EDGE_CURVE('',#3772,#3760,#3774,.T.);
#3772 = VERTEX_POINT('',#3773);
#3773 = CARTESIAN_POINT('',(21.415472721725,-18.40496635575,
    -3.505608764672));
#3774 = ( BOUNDED_CURVE() B_SPLINE_CURVE(2,(#3775,#3776,#3777,#3778),
.UNSPECIFIED.,.F.,.F.) B_SPLINE_CURVE_WITH_KNOTS((3,1,3),(
-2.999333580064,5.767949192431,6.120947683008),.UNSPECIFIED.) CURVE() 
GEOMETRIC_REPRESENTATION_ITEM() RATIONAL_B_SPLINE_CURVE((1.056651799772,
1.056651799772,1.056651799772,1.056651799772)) REPRESENTATION_ITEM('') 
  );
#3775 = CARTESIAN_POINT('',(21.415472721725,-15.2327172275,
    -3.505608764672));
#3776 = CARTESIAN_POINT('',(21.415472721725,-19.61635861375,
    -3.505608764672));
#3777 = CARTESIAN_POINT('',(21.415472721725,-24.17649924528,
    -3.505608764672));
#3778 = CARTESIAN_POINT('',(21.415472721725,-24.35299849057,
    -3.505608764672));
#3779 = ORIENTED_EDGE('',*,*,#3780,.F.);
#3780 = EDGE_CURVE('',#3781,#3772,#3783,.T.);
#3781 = VERTEX_POINT('',#3782);
#3782 = CARTESIAN_POINT('',(21.673952777291,-18.23205080756,
    -3.77356211129));
#3783 = B_SPLINE_CURVE_WITH_KNOTS('',5,(#3784,#3785,#3786,#3787,#3788,
    #3789),.UNSPECIFIED.,.F.,.F.,(6,6),(0.,1.),
  .PIECEWISE_BEZIER_KNOTS.);
#3784 = CARTESIAN_POINT('',(21.673952777291,-18.23205080756,
    -3.77356211129));
#3785 = CARTESIAN_POINT('',(21.627187573297,-18.2648321376,
    -3.71114108527));
#3786 = CARTESIAN_POINT('',(21.577522551491,-18.29871513891,
    -3.653303829263));
#3787 = CARTESIAN_POINT('',(21.525450385423,-18.33347086122,
    -3.599874946252));
#3788 = CARTESIAN_POINT('',(21.471342930267,-18.36892837493,
    -3.550693657231));
#3789 = CARTESIAN_POINT('',(21.415472721725,-18.40496635575,
    -3.505608764672));
#3790 = ORIENTED_EDGE('',*,*,#3791,.F.);
#3791 = EDGE_CURVE('',#3792,#3781,#3794,.T.);
#3792 = VERTEX_POINT('',#3793);
#3793 = CARTESIAN_POINT('',(21.164843935365,-18.23205080756,
    -6.0041136891));
#3794 = B_SPLINE_CURVE_WITH_KNOTS('',7,(#3795,#3796,#3797,#3798,#3799,
    #3800,#3801,#3802,#3803,#3804,#3805,#3806,#3807,#3808,#3809,#3810,
    #3811,#3812,#3813,#3814,#3815,#3816,#3817,#3818,#3819,#3820,#3821,
    #3822,#3823,#3824,#3825,#3826,#3827,#3828,#3829,#3830,#3831,#3832,
    #3833,#3834,#3835,#3836,#3837,#3838,#3839,#3840,#3841,#3842,#3843,
    #3844),.UNSPECIFIED.,.F.,.F.,(8,6,6,6,6,6,6,6,8),(0.,0.2917736759,
    0.37258094973,0.414439938036,0.499890492637,0.585334514129,
    0.628368186824,0.709247356438,1.),.UNSPECIFIED.);
#3795 = CARTESIAN_POINT('',(20.815700852387,-18.40496635575,
    -6.133381019457));
#3796 = CARTESIAN_POINT('',(20.92766819961,-18.34723903902,
    -6.107144518911));
#3797 = CARTESIAN_POINT('',(21.039873051501,-18.29101297073,
    -6.070288270055));
#3798 = CARTESIAN_POINT('',(21.152054618006,-18.2365032558,
    -6.02199094896));
#3799 = CARTESIAN_POINT('',(21.263402469196,-18.18425605398,
    -5.961130256804));
#3800 = CARTESIAN_POINT('',(21.372487820614,-18.1351480876,
    -5.886450021405));
#3801 = CARTESIAN_POINT('',(21.477293053584,-18.09032647859,
    -5.796823810877));
#3802 = CARTESIAN_POINT('',(21.602124948616,-18.04052741522,
    -5.661759913924));
#3803 = CARTESIAN_POINT('',(21.628636796901,-18.03018210044,
    -5.631251613692));
#3804 = CARTESIAN_POINT('',(21.654518578898,-18.02032768699,
    -5.599518024962));
#3805 = CARTESIAN_POINT('',(21.679693748482,-18.0110032649,
    -5.566556959489));
#3806 = CARTESIAN_POINT('',(21.704078829771,-18.00225018444,
    -5.532377214844));
#3807 = CARTESIAN_POINT('',(21.727585302755,-17.99411076513,
    -5.497001407152));
#3808 = CARTESIAN_POINT('',(21.761795462172,-17.98275034101,
    -5.441544544377));
#3809 = CARTESIAN_POINT('',(21.773209033421,-17.97904960332,
    -5.422310156521));
#3810 = CARTESIAN_POINT('',(21.784349171862,-17.97553075858,
    -5.402771262356));
#3811 = CARTESIAN_POINT('',(21.795202889933,-17.9721995873,
    -5.38293490762));
#3812 = CARTESIAN_POINT('',(21.805757243317,-17.96906168366,
    -5.362809561689));
#3813 = CARTESIAN_POINT('',(21.815999330939,-17.96612245555,
    -5.342405117582));
#3814 = CARTESIAN_POINT('',(21.846160694342,-17.95780324482,
    -5.279532800263));
#3815 = CARTESIAN_POINT('',(21.86505346891,-17.9530680857,
    -5.236210744913));
#3816 = CARTESIAN_POINT('',(21.882481935811,-17.94922664054,
    -5.191872838849));
#3817 = CARTESIAN_POINT('',(21.898344495482,-17.94631608448,
    -5.146643827409));
#3818 = CARTESIAN_POINT('',(21.912555024037,-17.94436346392,
    -5.1006678734));
#3819 = CARTESIAN_POINT('',(21.925047265643,-17.94338338604,
    -5.054109342166));
#3820 = CARTESIAN_POINT('',(21.946510363636,-17.94336803121,
    -4.960201421142));
#3821 = CARTESIAN_POINT('',(21.955483993095,-17.9443326036,
    -4.912841138318));
#3822 = CARTESIAN_POINT('',(21.962657251049,-17.94626971897,
    -4.865257870954));
#3823 = CARTESIAN_POINT('',(21.968018228219,-17.94916491656,
    -4.817628455584));
#3824 = CARTESIAN_POINT('',(21.971581691506,-17.95299128188,
    -4.770120227372));
#3825 = CARTESIAN_POINT('',(21.97338480724,-17.95771174719,
    -4.722889814974));
#3826 = CARTESIAN_POINT('',(21.973532250677,-17.96608653002,
    -4.652507261209));
#3827 = CARTESIAN_POINT('',(21.973149044238,-17.96910732244,
    -4.629038029164));
#3828 = CARTESIAN_POINT('',(21.972340488327,-17.97233809715,
    -4.605691406287));
#3829 = CARTESIAN_POINT('',(21.97111455452,-17.97577297636,
    -4.582483149286));
#3830 = CARTESIAN_POINT('',(21.969479942738,-17.97940587658,
    -4.559427604569));
#3831 = CARTESIAN_POINT('',(21.967446081255,-17.98323050864,
    -4.536537708236));
#3832 = CARTESIAN_POINT('',(21.960469330998,-17.99477668262,
    -4.471137806666));
#3833 = CARTESIAN_POINT('',(21.954540801559,-18.00296734982,
    -4.429077456535));
#3834 = CARTESIAN_POINT('',(21.947303511577,-18.01177024892,
    -4.387718442391));
#3835 = CARTESIAN_POINT('',(21.938827678634,-18.02114299098,
    -4.347118941231));
#3836 = CARTESIAN_POINT('',(21.929184858644,-18.03104420807,
    -4.307322537983));
#3837 = CARTESIAN_POINT('',(21.918445039812,-18.04143483282,
    -4.268359963141));
#3838 = CARTESIAN_POINT('',(21.864357061654,-18.09126444914,
    -4.093252254079));
#3839 = CARTESIAN_POINT('',(21.808831990406,-18.13600420293,
    -3.967671494858));
#3840 = CARTESIAN_POINT('',(21.743071297116,-18.18498378676,
    -3.853616716769));
#3841 = CARTESIAN_POINT('',(21.669350516327,-18.23707209556,
    -3.75094456249));
#3842 = CARTESIAN_POINT('',(21.589477624677,-18.29140434752,
    -3.659147893492));
#3843 = CARTESIAN_POINT('',(21.50465566779,-18.3474406478,
    -3.577575625837));
#3844 = CARTESIAN_POINT('',(21.415472721725,-18.40496635575,
    -3.505608764672));
#3845 = ORIENTED_EDGE('',*,*,#3846,.T.);
#3846 = EDGE_CURVE('',#3792,#3847,#3849,.T.);
#3847 = VERTEX_POINT('',#3848);
#3848 = CARTESIAN_POINT('',(20.815700852387,-18.40496635575,
    -6.133381019457));
#3849 = B_SPLINE_CURVE_WITH_KNOTS('',5,(#3850,#3851,#3852,#3853,#3854,
    #3855),.UNSPECIFIED.,.F.,.F.,(6,6),(0.,1.),
  .PIECEWISE_BEZIER_KNOTS.);
#3850 = CARTESIAN_POINT('',(21.164843935365,-18.23205080756,
    -6.0041136891));
#3851 = CARTESIAN_POINT('',(21.095625880091,-18.26483241902,
    -6.040062737283));
#3852 = CARTESIAN_POINT('',(21.025784501397,-18.29871548532,
    -6.070623365324));
#3853 = CARTESIAN_POINT('',(20.955688178431,-18.33347071954,
    -6.096167452389));
#3854 = CARTESIAN_POINT('',(20.885601059604,-18.36892771143,
    -6.117001808283));
#3855 = CARTESIAN_POINT('',(20.815700852387,-18.40496635575,
    -6.133381019457));
#3856 = ORIENTED_EDGE('',*,*,#3857,.T.);
#3857 = EDGE_CURVE('',#3847,#3689,#3858,.T.);
#3858 = ( BOUNDED_CURVE() B_SPLINE_CURVE(2,(#3859,#3860,#3861,#3862),
.UNSPECIFIED.,.F.,.F.) B_SPLINE_CURVE_WITH_KNOTS((3,1,3),(
-2.999333580064,5.767949192431,6.120947683008),.UNSPECIFIED.) CURVE() 
GEOMETRIC_REPRESENTATION_ITEM() RATIONAL_B_SPLINE_CURVE((1.056651799772,
1.056651799772,1.056651799772,1.056651799772)) REPRESENTATION_ITEM('') 
  );
#3859 = CARTESIAN_POINT('',(20.815700852387,-15.2327172275,
    -6.133381019457));
#3860 = CARTESIAN_POINT('',(20.815700852387,-19.61635861375,
    -6.133381019457));
#3861 = CARTESIAN_POINT('',(20.815700852387,-24.17649924528,
    -6.133381019457));
#3862 = CARTESIAN_POINT('',(20.815700852387,-24.35299849057,
    -6.133381019457));
#3863 = ORIENTED_EDGE('',*,*,#3710,.F.);
#3864 = ORIENTED_EDGE('',*,*,#140,.F.);
#3865 = ORIENTED_EDGE('',*,*,#3750,.T.);
#3866 = ORIENTED_EDGE('',*,*,#3867,.T.);
#3867 = EDGE_CURVE('',#3751,#3868,#3870,.T.);
#3868 = VERTEX_POINT('',#3869);
#3869 = CARTESIAN_POINT('',(20.704477626706,-4.,-6.155047213892));
#3870 = CIRCLE('',#3871,1.5);
#3871 = AXIS2_PLACEMENT_3D('',#3872,#3873,#3874);
#3872 = CARTESIAN_POINT('',(20.473486155818,-4.,-4.672939613083));
#3873 = DIRECTION('',(0.,-1.,-2.22044604925E-16));
#3874 = DIRECTION('',(-0.222520933956,2.164774830908E-16,-0.974927912182
    ));
#3875 = ORIENTED_EDGE('',*,*,#3876,.T.);
#3876 = EDGE_CURVE('',#3868,#3877,#3879,.T.);
#3877 = VERTEX_POINT('',#3878);
#3878 = CARTESIAN_POINT('',(20.815700852387,-4.100501485124,
    -6.133381019457));
#3879 = B_SPLINE_CURVE_WITH_KNOTS('',6,(#3880,#3881,#3882,#3883,#3884,
    #3885,#3886),.UNSPECIFIED.,.F.,.F.,(7,7),(0.,1.),
  .PIECEWISE_BEZIER_KNOTS.);
#3880 = CARTESIAN_POINT('',(20.704477626706,-4.,-6.155047213892));
#3881 = CARTESIAN_POINT('',(20.779732028756,-4.06879225341,
    -6.14331856139));
#3882 = CARTESIAN_POINT('',(20.855719280033,-4.136975360483,
    -6.126778638824));
#3883 = CARTESIAN_POINT('',(20.932381033571,-4.204431968223,
    -6.105100404169));
#3884 = CARTESIAN_POINT('',(21.009595620126,-4.270962133273,
    -6.077838691861));
#3885 = CARTESIAN_POINT('',(21.087173009078,-4.336286712138,
    -6.044452815365));
#3886 = CARTESIAN_POINT('',(21.164843935365,-4.4,-6.0041136891));
#3887 = ORIENTED_EDGE('',*,*,#3888,.T.);
#3888 = EDGE_CURVE('',#3877,#3889,#3891,.T.);
#3889 = VERTEX_POINT('',#3890);
#3890 = CARTESIAN_POINT('',(20.815700852387,-9.595033644246,
    -6.133381019457));
#3891 = ( BOUNDED_CURVE() B_SPLINE_CURVE(2,(#3892,#3893,#3894,#3895),
.UNSPECIFIED.,.F.,.F.) B_SPLINE_CURVE_WITH_KNOTS((3,1,3),(
    -0.352998490577,6.157075717328E-14,8.767282772495),.UNSPECIFIED.) 
CURVE() GEOMETRIC_REPRESENTATION_ITEM() RATIONAL_B_SPLINE_CURVE((
    1.056651799772,1.056651799772,1.056651799772,1.056651799772)) 
REPRESENTATION_ITEM('') );
#3892 = CARTESIAN_POINT('',(20.815700852387,-3.647001509423,
    -6.133381019457));
#3893 = CARTESIAN_POINT('',(20.815700852387,-3.823500754712,
    -6.133381019457));
#3894 = CARTESIAN_POINT('',(20.815700852387,-8.383641386248,
    -6.133381019457));
#3895 = CARTESIAN_POINT('',(20.815700852387,-12.76728277249,
    -6.133381019457));
#3896 = ORIENTED_EDGE('',*,*,#3897,.F.);
#3897 = EDGE_CURVE('',#3898,#3889,#3900,.T.);
#3898 = VERTEX_POINT('',#3899);
#3899 = CARTESIAN_POINT('',(21.164843935365,-9.767949192431,
    -6.0041136891));
#3900 = B_SPLINE_CURVE_WITH_KNOTS('',5,(#3901,#3902,#3903,#3904,#3905,
    #3906),.UNSPECIFIED.,.F.,.F.,(6,6),(0.,1.),
  .PIECEWISE_BEZIER_KNOTS.);
#3901 = CARTESIAN_POINT('',(21.164843935365,-9.767949192431,
    -6.0041136891));
#3902 = CARTESIAN_POINT('',(21.095626474296,-9.735167862391,
    -6.040062428677));
#3903 = CARTESIAN_POINT('',(21.025785190929,-9.701284861084,
    -6.070623150379));
#3904 = CARTESIAN_POINT('',(20.955687866879,-9.66652913878,
    -6.096167644502));
#3905 = CARTESIAN_POINT('',(20.885599772688,-9.631071625064,
    -6.117002109836));
#3906 = CARTESIAN_POINT('',(20.815700852387,-9.595033644246,
    -6.133381019457));
#3907 = ORIENTED_EDGE('',*,*,#3908,.T.);
#3908 = EDGE_CURVE('',#3898,#3909,#3911,.T.);
#3909 = VERTEX_POINT('',#3910);
#3910 = CARTESIAN_POINT('',(21.673952777291,-9.767949192431,
    -3.77356211129));
#3911 = B_SPLINE_CURVE_WITH_KNOTS('',7,(#3912,#3913,#3914,#3915,#3916,
    #3917,#3918,#3919,#3920,#3921,#3922,#3923,#3924,#3925,#3926,#3927,
    #3928,#3929,#3930,#3931,#3932,#3933,#3934,#3935,#3936,#3937,#3938,
    #3939,#3940,#3941,#3942,#3943,#3944,#3945,#3946,#3947,#3948,#3949,
    #3950,#3951,#3952,#3953,#3954,#3955,#3956,#3957,#3958,#3959,#3960,
    #3961),.UNSPECIFIED.,.F.,.F.,(8,6,6,6,6,6,6,6,8),(0.,0.2917736759,
    0.37258094973,0.414439938036,0.499890492637,0.585334514129,
    0.628368186823,0.709247356437,1.),.UNSPECIFIED.);
#3912 = CARTESIAN_POINT('',(20.815700852387,-9.595033644246,
    -6.133381019457));
#3913 = CARTESIAN_POINT('',(20.92766819961,-9.652760960978,
    -6.107144518911));
#3914 = CARTESIAN_POINT('',(21.039873051501,-9.70898702927,
    -6.070288270055));
#3915 = CARTESIAN_POINT('',(21.152054618006,-9.763496744191,
    -6.02199094896));
#3916 = CARTESIAN_POINT('',(21.263402469197,-9.815743946012,
    -5.961130256804));
#3917 = CARTESIAN_POINT('',(21.372487820614,-9.864851912397,
    -5.886450021405));
#3918 = CARTESIAN_POINT('',(21.477293053584,-9.909673521406,
    -5.796823810877));
#3919 = CARTESIAN_POINT('',(21.602124948616,-9.95947258478,
    -5.661759913924));
#3920 = CARTESIAN_POINT('',(21.6286367969,-9.969817899551,
    -5.631251613692));
#3921 = CARTESIAN_POINT('',(21.654518578898,-9.979672313007,
    -5.599518024962));
#3922 = CARTESIAN_POINT('',(21.679693748482,-9.988996735091,
    -5.566556959489));
#3923 = CARTESIAN_POINT('',(21.704078829771,-9.997749815551,
    -5.532377214844));
#3924 = CARTESIAN_POINT('',(21.727585302755,-10.00588923486,
    -5.497001407152));
#3925 = CARTESIAN_POINT('',(21.761795462172,-10.01724965898,
    -5.441544544378));
#3926 = CARTESIAN_POINT('',(21.773209033421,-10.02095039667,
    -5.422310156521));
#3927 = CARTESIAN_POINT('',(21.784349171862,-10.02446924141,
    -5.402771262356));
#3928 = CARTESIAN_POINT('',(21.795202889933,-10.0278004127,
    -5.38293490762));
#3929 = CARTESIAN_POINT('',(21.805757243317,-10.03093831633,
    -5.362809561689));
#3930 = CARTESIAN_POINT('',(21.815999330939,-10.03387754444,
    -5.342405117582));
#3931 = CARTESIAN_POINT('',(21.846160694342,-10.04219675517,
    -5.279532800263));
#3932 = CARTESIAN_POINT('',(21.86505346891,-10.04693191429,
    -5.236210744913));
#3933 = CARTESIAN_POINT('',(21.882481935811,-10.05077335945,
    -5.191872838849));
#3934 = CARTESIAN_POINT('',(21.898344495481,-10.05368391551,
    -5.146643827409));
#3935 = CARTESIAN_POINT('',(21.912555024037,-10.05563653607,
    -5.1006678734));
#3936 = CARTESIAN_POINT('',(21.925047265643,-10.05661661395,
    -5.054109342166));
#3937 = CARTESIAN_POINT('',(21.946510363636,-10.05663196878,
    -4.960201421142));
#3938 = CARTESIAN_POINT('',(21.955483993095,-10.05566739639,
    -4.912841138318));
#3939 = CARTESIAN_POINT('',(21.962657251049,-10.05373028102,
    -4.865257870954));
#3940 = CARTESIAN_POINT('',(21.968018228219,-10.05083508343,
    -4.817628455584));
#3941 = CARTESIAN_POINT('',(21.971581691506,-10.04700871811,
    -4.770120227372));
#3942 = CARTESIAN_POINT('',(21.97338480724,-10.0422882528,
    -4.722889814974));
#3943 = CARTESIAN_POINT('',(21.973532250677,-10.03391346997,
    -4.652507261209));
#3944 = CARTESIAN_POINT('',(21.973149044238,-10.03089267755,
    -4.629038029164));
#3945 = CARTESIAN_POINT('',(21.972340488327,-10.02766190284,
    -4.605691406287));
#3946 = CARTESIAN_POINT('',(21.97111455452,-10.02422702363,
    -4.582483149286));
#3947 = CARTESIAN_POINT('',(21.969479942738,-10.02059412341,
    -4.559427604569));
#3948 = CARTESIAN_POINT('',(21.967446081255,-10.01676949135,
    -4.536537708236));
#3949 = CARTESIAN_POINT('',(21.960469330998,-10.00522331737,
    -4.471137806666));
#3950 = CARTESIAN_POINT('',(21.954540801559,-9.997032650177,
    -4.429077456535));
#3951 = CARTESIAN_POINT('',(21.947303511577,-9.988229751075,
    -4.387718442391));
#3952 = CARTESIAN_POINT('',(21.938827678634,-9.978857009014,
    -4.347118941231));
#3953 = CARTESIAN_POINT('',(21.929184858644,-9.968955791926,
    -4.307322537983));
#3954 = CARTESIAN_POINT('',(21.918445039812,-9.958565167175,
    -4.268359963141));
#3955 = CARTESIAN_POINT('',(21.864357061654,-9.908735550855,
    -4.093252254079));
#3956 = CARTESIAN_POINT('',(21.808831990406,-9.863995797067,
    -3.967671494858));
#3957 = CARTESIAN_POINT('',(21.743071297116,-9.815016213235,
    -3.853616716769));
#3958 = CARTESIAN_POINT('',(21.669350516328,-9.762927904433,
    -3.75094456249));
#3959 = CARTESIAN_POINT('',(21.589477624677,-9.708595652471,
    -3.659147893493));
#3960 = CARTESIAN_POINT('',(21.50465566779,-9.652559352193,
    -3.577575625837));
#3961 = CARTESIAN_POINT('',(21.415472721725,-9.595033644246,
    -3.505608764672));
#3962 = ORIENTED_EDGE('',*,*,#3963,.T.);
#3963 = EDGE_CURVE('',#3909,#3964,#3966,.T.);
#3964 = VERTEX_POINT('',#3965);
#3965 = CARTESIAN_POINT('',(21.415472721725,-9.595033644246,
    -3.505608764672));
#3966 = B_SPLINE_CURVE_WITH_KNOTS('',5,(#3967,#3968,#3969,#3970,#3971,
    #3972),.UNSPECIFIED.,.F.,.F.,(6,6),(0.,1.),
  .PIECEWISE_BEZIER_KNOTS.);
#3967 = CARTESIAN_POINT('',(21.673952777291,-9.767949192431,
    -3.77356211129));
#3968 = CARTESIAN_POINT('',(21.627187171835,-9.735167580976,
    -3.711140549409));
#3969 = CARTESIAN_POINT('',(21.577522023505,-9.70128451468,
    -3.653303336429));
#3970 = CARTESIAN_POINT('',(21.525450582766,-9.666529280453,
    -3.599875254517));
#3971 = CARTESIAN_POINT('',(21.471343958899,-9.631072288562,
    -3.550694487293));
#3972 = CARTESIAN_POINT('',(21.415472721725,-9.595033644246,
    -3.505608764672));
#3973 = ORIENTED_EDGE('',*,*,#3974,.F.);
#3974 = EDGE_CURVE('',#3975,#3964,#3977,.T.);
#3975 = VERTEX_POINT('',#3976);
#3976 = CARTESIAN_POINT('',(21.415472721725,-4.100501485124,
    -3.505608764672));
#3977 = ( BOUNDED_CURVE() B_SPLINE_CURVE(2,(#3978,#3979,#3980,#3981),
.UNSPECIFIED.,.F.,.F.) B_SPLINE_CURVE_WITH_KNOTS((3,1,3),(
    -0.352998490577,6.168843056153E-14,8.767282772495),.UNSPECIFIED.) 
CURVE() GEOMETRIC_REPRESENTATION_ITEM() RATIONAL_B_SPLINE_CURVE((
    1.056651799772,1.056651799772,1.056651799772,1.056651799772)) 
REPRESENTATION_ITEM('') );
#3978 = CARTESIAN_POINT('',(21.415472721725,-3.647001509423,
    -3.505608764672));
#3979 = CARTESIAN_POINT('',(21.415472721725,-3.823500754712,
    -3.505608764672));
#3980 = CARTESIAN_POINT('',(21.415472721725,-8.383641386248,
    -3.505608764672));
#3981 = CARTESIAN_POINT('',(21.415472721725,-12.76728277249,
    -3.505608764672));
#3982 = ORIENTED_EDGE('',*,*,#3983,.T.);
#3983 = EDGE_CURVE('',#3975,#3984,#3986,.T.);
#3984 = VERTEX_POINT('',#3985);
#3985 = CARTESIAN_POINT('',(21.324664667453,-4.,-3.437830248965));
#3986 = B_SPLINE_CURVE_WITH_KNOTS('',6,(#3987,#3988,#3989,#3990,#3991,
    #3992,#3993),.UNSPECIFIED.,.F.,.F.,(7,7),(0.,1.),
  .PIECEWISE_BEZIER_KNOTS.);
#3987 = CARTESIAN_POINT('',(21.673952777291,-4.4,-3.77356211129));
#3988 = CARTESIAN_POINT('',(21.621476106596,-4.336286620949,
    -3.703517562199));
#3989 = CARTESIAN_POINT('',(21.566066799298,-4.270961945766,
    -3.639778276484));
#3990 = CARTESIAN_POINT('',(21.508327183891,-4.204431680731,
    -3.581714100841));
#3991 = CARTESIAN_POINT('',(21.448663068561,-4.136974970364,
    -3.528920343597));
#3992 = CARTESIAN_POINT('',(21.387377224779,-4.06879175888,
    -3.481048713793));
#3993 = CARTESIAN_POINT('',(21.324664120475,-3.9999994,-3.437829872014)
  );
#3994 = ORIENTED_EDGE('',*,*,#3995,.T.);
#3995 = EDGE_CURVE('',#3984,#3751,#3996,.T.);
#3996 = CIRCLE('',#3997,1.5);
#3997 = AXIS2_PLACEMENT_3D('',#3998,#3999,#4000);
#3998 = CARTESIAN_POINT('',(20.473486155818,-4.,-4.672939613083));
#3999 = DIRECTION('',(0.,-1.,-2.22044604925E-16));
#4000 = DIRECTION('',(-0.222520933956,2.164774830908E-16,-0.974927912182
    ));
#4001 = CYLINDRICAL_SURFACE('',#4002,1.5);
#4002 = AXIS2_PLACEMENT_3D('',#4003,#4004,#4005);
#4003 = CARTESIAN_POINT('',(20.473486155818,-24.,-4.672939613083));
#4004 = DIRECTION('',(0.,-1.,-2.22044604925E-16));
#4005 = DIRECTION('',(-0.222520933956,2.164774830908E-16,-0.974927912182
    ));
#4006 = ADVANCED_FACE('',(#4007),#4074,.T.);
#4007 = FACE_BOUND('',#4008,.T.);
#4008 = EDGE_LOOP('',(#4009,#4020,#4042,#4052,#4053,#4054));
#4009 = ORIENTED_EDGE('',*,*,#4010,.T.);
#4010 = EDGE_CURVE('',#4011,#4013,#4015,.T.);
#4011 = VERTEX_POINT('',#4012);
#4012 = CARTESIAN_POINT('',(21.738695434462,-23.6,-3.380698272207));
#4013 = VERTEX_POINT('',#4014);
#4014 = CARTESIAN_POINT('',(21.738695434462,-23.6,3.380698272207));
#4015 = CIRCLE('',#4016,22.);
#4016 = AXIS2_PLACEMENT_3D('',#4017,#4018,#4019);
#4017 = CARTESIAN_POINT('',(1.33226762955E-16,-23.6,-1.33226762955E-16)
  );
#4018 = DIRECTION('',(-3.330669073875E-16,-1.,3.330669073875E-16));
#4019 = DIRECTION('',(-3.3104832007E-16,3.330669073875E-16,1.));
#4020 = ORIENTED_EDGE('',*,*,#4021,.T.);
#4021 = EDGE_CURVE('',#4013,#4022,#4024,.T.);
#4022 = VERTEX_POINT('',#4023);
#4023 = CARTESIAN_POINT('',(21.415472721725,-23.89949851487,
    3.505608764672));
#4024 = B_SPLINE_CURVE_WITH_KNOTS('',6,(#4025,#4026,#4027,#4028,#4029,
    #4030,#4031,#4032,#4033,#4034,#4035,#4036,#4037,#4038,#4039,#4040,
    #4041),.UNSPECIFIED.,.F.,.F.,(7,5,5,7),(0.,0.31695685061,
    0.754284105974,1.),.UNSPECIFIED.);
#4025 = CARTESIAN_POINT('',(21.738695430701,-23.6,3.38069829639));
#4026 = CARTESIAN_POINT('',(21.735284098194,-23.59999999999,
    3.402633977227));
#4027 = CARTESIAN_POINT('',(21.728951169664,-23.6029296826,
    3.424116564956));
#4028 = CARTESIAN_POINT('',(21.719771116885,-23.60879107586,
    3.444652601334));
#4029 = CARTESIAN_POINT('',(21.707936060903,-23.61747112046,
    3.463771033522));
#4030 = CARTESIAN_POINT('',(21.693735036583,-23.62875558665,
    3.481055553986));
#4031 = CARTESIAN_POINT('',(21.655178543201,-23.66109047172,
    3.517040961475));
#4032 = CARTESIAN_POINT('',(21.629014321401,-23.68422275631,
    3.533786483647));
#4033 = CARTESIAN_POINT('',(21.599993698931,-23.71095374067,
    3.545546608702));
#4034 = CARTESIAN_POINT('',(21.569330797523,-23.74019722753,
    3.551756629872));
#4035 = CARTESIAN_POINT('',(21.538337525049,-23.77069595711,
    3.552257262015));
#4036 = CARTESIAN_POINT('',(21.491358406844,-23.81832034118,
    3.544443903976));
#4037 = CARTESIAN_POINT('',(21.474747216237,-23.83545018304,
    3.53989598424));
#4038 = CARTESIAN_POINT('',(21.45864606095,-23.85235355992,
    3.533647401772));
#4039 = CARTESIAN_POINT('',(21.443270044159,-23.86880501024,
    3.525772252152));
#4040 = CARTESIAN_POINT('',(21.428819750254,-23.88458687614,
    3.516379251536));
#4041 = CARTESIAN_POINT('',(21.415472721725,-23.89949851487,
    3.505608764672));
#4042 = ORIENTED_EDGE('',*,*,#4043,.F.);
#4043 = EDGE_CURVE('',#114,#4022,#4044,.T.);
#4044 = B_SPLINE_CURVE_WITH_KNOTS('',6,(#4045,#4046,#4047,#4048,#4049,
    #4050,#4051),.UNSPECIFIED.,.F.,.F.,(7,7),(0.,1.),
  .PIECEWISE_BEZIER_KNOTS.);
#4045 = CARTESIAN_POINT('',(21.324664667453,-24.,3.437830248965));
#4046 = CARTESIAN_POINT('',(21.38737766927,-23.93120774659,
    3.481049061078));
#4047 = CARTESIAN_POINT('',(21.44866341358,-23.86302463951,
    3.528920649097));
#4048 = CARTESIAN_POINT('',(21.508327433368,-23.79556803177,
    3.581714351905));
#4049 = CARTESIAN_POINT('',(21.56606695833,-23.72903786672,
    3.639778459509));
#4050 = CARTESIAN_POINT('',(21.621476181702,-23.66371328786,
    3.703517662449));
#4051 = CARTESIAN_POINT('',(21.673952777291,-23.6,3.77356211129));
#4052 = ORIENTED_EDGE('',*,*,#122,.F.);
#4053 = ORIENTED_EDGE('',*,*,#3759,.F.);
#4054 = ORIENTED_EDGE('',*,*,#4055,.F.);
#4055 = EDGE_CURVE('',#4011,#3760,#4056,.T.);
#4056 = B_SPLINE_CURVE_WITH_KNOTS('',6,(#4057,#4058,#4059,#4060,#4061,
    #4062,#4063,#4064,#4065,#4066,#4067,#4068,#4069,#4070,#4071,#4072,
    #4073),.UNSPECIFIED.,.F.,.F.,(7,5,5,7),(0.,0.316956850476,
    0.754284105956,1.),.UNSPECIFIED.);
#4057 = CARTESIAN_POINT('',(21.738695427635,-23.6,-3.380698316104));
#4058 = CARTESIAN_POINT('',(21.735284095131,-23.59999999998,
    -3.402633996917));
#4059 = CARTESIAN_POINT('',(21.728951173817,-23.60292968262,
    -3.424116538129));
#4060 = CARTESIAN_POINT('',(21.71977111855,-23.60879107588,
    -3.444652590552));
#4061 = CARTESIAN_POINT('',(21.707936057941,-23.61747112045,
    -3.463771052545));
#4062 = CARTESIAN_POINT('',(21.693735036559,-23.62875558667,
    -3.481055554011));
#4063 = CARTESIAN_POINT('',(21.655178543184,-23.66109047173,
    -3.517040961487));
#4064 = CARTESIAN_POINT('',(21.629014321383,-23.68422275632,
    -3.533786483656));
#4065 = CARTESIAN_POINT('',(21.599993698912,-23.71095374069,
    -3.545546608708));
#4066 = CARTESIAN_POINT('',(21.569330797503,-23.74019722755,
    -3.551756629875));
#4067 = CARTESIAN_POINT('',(21.538337525029,-23.77069595713,
    -3.552257262015));
#4068 = CARTESIAN_POINT('',(21.491358406828,-23.8183203412,
    -3.544443903971));
#4069 = CARTESIAN_POINT('',(21.474747216225,-23.83545018305,
    -3.539895984235));
#4070 = CARTESIAN_POINT('',(21.458646060941,-23.85235355993,
    -3.533647401767));
#4071 = CARTESIAN_POINT('',(21.443270044153,-23.86880501025,
    -3.525772252148));
#4072 = CARTESIAN_POINT('',(21.428819750251,-23.88458687614,
    -3.516379251534));
#4073 = CARTESIAN_POINT('',(21.415472721725,-23.89949851487,
    -3.505608764672));
#4074 = CONICAL_SURFACE('',#4075,22.,0.785398163397);
#4075 = AXIS2_PLACEMENT_3D('',#4076,#4077,#4078);
#4076 = CARTESIAN_POINT('',(1.33226762955E-16,-23.6,-1.33226762955E-16)
  );
#4077 = DIRECTION('',(3.330669073875E-16,1.,-3.330669073875E-16));
#4078 = DIRECTION('',(-3.3104832007E-16,3.330669073875E-16,1.));
#4079 = ADVANCED_FACE('',(#4080),#4334,.F.);
#4080 = FACE_BOUND('',#4081,.F.);
#4081 = EDGE_LOOP('',(#4082,#4090,#4091,#4103,#4112,#4123,#4178,#4189,
    #4196,#4197,#4198,#4199,#4208,#4220,#4229,#4240,#4295,#4306,#4315,
    #4327));
#4082 = ORIENTED_EDGE('',*,*,#4083,.F.);
#4083 = EDGE_CURVE('',#105,#4084,#4086,.T.);
#4084 = VERTEX_POINT('',#4085);
#4085 = CARTESIAN_POINT('',(20.807267556753,-4.,3.21054774481));
#4086 = LINE('',#4087,#4088);
#4087 = CARTESIAN_POINT('',(20.807267556753,-24.,3.21054774481));
#4088 = VECTOR('',#4089,1.);
#4089 = DIRECTION('',(0.,1.,2.22044604925E-16));
#4090 = ORIENTED_EDGE('',*,*,#104,.F.);
#4091 = ORIENTED_EDGE('',*,*,#4092,.F.);
#4092 = EDGE_CURVE('',#4093,#96,#4095,.T.);
#4093 = VERTEX_POINT('',#4094);
#4094 = CARTESIAN_POINT('',(20.815700852387,-23.89949851487,
    6.133381019457));
#4095 = B_SPLINE_CURVE_WITH_KNOTS('',6,(#4096,#4097,#4098,#4099,#4100,
    #4101,#4102),.UNSPECIFIED.,.F.,.F.,(7,7),(0.,1.),
  .PIECEWISE_BEZIER_KNOTS.);
#4096 = CARTESIAN_POINT('',(21.164843935365,-23.6,6.0041136891));
#4097 = CARTESIAN_POINT('',(21.087172897913,-23.66371337905,
    6.044452873099));
#4098 = CARTESIAN_POINT('',(21.009595397431,-23.72903805423,
    6.077838787759));
#4099 = CARTESIAN_POINT('',(20.932380699868,-23.79556831926,
    6.105100522126));
#4100 = CARTESIAN_POINT('',(20.85571883663,-23.86302502963,
    6.126778764371));
#4101 = CARTESIAN_POINT('',(20.779731477602,-23.93120824112,
    6.143318681426));
#4102 = CARTESIAN_POINT('',(20.704476970344,-24.0000006,6.155047316188)
  );
#4103 = ORIENTED_EDGE('',*,*,#4104,.F.);
#4104 = EDGE_CURVE('',#4105,#4093,#4107,.T.);
#4105 = VERTEX_POINT('',#4106);
#4106 = CARTESIAN_POINT('',(20.815700852387,-18.40496635575,
    6.133381019457));
#4107 = ( BOUNDED_CURVE() B_SPLINE_CURVE(2,(#4108,#4109,#4110,#4111),
.UNSPECIFIED.,.F.,.F.) B_SPLINE_CURVE_WITH_KNOTS((3,1,3),(
-2.999333580064,5.767949192431,6.120947683008),.UNSPECIFIED.) CURVE() 
GEOMETRIC_REPRESENTATION_ITEM() RATIONAL_B_SPLINE_CURVE((1.056651799772,
1.056651799772,1.056651799772,1.056651799772)) REPRESENTATION_ITEM('') 
  );
#4108 = CARTESIAN_POINT('',(20.815700852387,-15.2327172275,
    6.133381019457));
#4109 = CARTESIAN_POINT('',(20.815700852387,-19.61635861375,
    6.133381019457));
#4110 = CARTESIAN_POINT('',(20.815700852387,-24.17649924528,
    6.133381019457));
#4111 = CARTESIAN_POINT('',(20.815700852387,-24.35299849057,
    6.133381019457));
#4112 = ORIENTED_EDGE('',*,*,#4113,.F.);
#4113 = EDGE_CURVE('',#4114,#4105,#4116,.T.);
#4114 = VERTEX_POINT('',#4115);
#4115 = CARTESIAN_POINT('',(21.164843935365,-18.23205080756,6.0041136891
    ));
#4116 = B_SPLINE_CURVE_WITH_KNOTS('',5,(#4117,#4118,#4119,#4120,#4121,
    #4122),.UNSPECIFIED.,.F.,.F.,(6,6),(0.,1.),
  .PIECEWISE_BEZIER_KNOTS.);
#4117 = CARTESIAN_POINT('',(21.164843935365,-18.23205080756,6.0041136891
    ));
#4118 = CARTESIAN_POINT('',(21.095626474296,-18.2648321376,
    6.040062428677));
#4119 = CARTESIAN_POINT('',(21.025785190929,-18.29871513891,
    6.070623150379));
#4120 = CARTESIAN_POINT('',(20.955687866879,-18.33347086122,
    6.096167644502));
#4121 = CARTESIAN_POINT('',(20.885599772688,-18.36892837493,
    6.117002109836));
#4122 = CARTESIAN_POINT('',(20.815700852387,-18.40496635575,
    6.133381019457));
#4123 = ORIENTED_EDGE('',*,*,#4124,.F.);
#4124 = EDGE_CURVE('',#4125,#4114,#4127,.T.);
#4125 = VERTEX_POINT('',#4126);
#4126 = CARTESIAN_POINT('',(21.673952777291,-18.23205080756,
    3.77356211129));
#4127 = B_SPLINE_CURVE_WITH_KNOTS('',7,(#4128,#4129,#4130,#4131,#4132,
    #4133,#4134,#4135,#4136,#4137,#4138,#4139,#4140,#4141,#4142,#4143,
    #4144,#4145,#4146,#4147,#4148,#4149,#4150,#4151,#4152,#4153,#4154,
    #4155,#4156,#4157,#4158,#4159,#4160,#4161,#4162,#4163,#4164,#4165,
    #4166,#4167,#4168,#4169,#4170,#4171,#4172,#4173,#4174,#4175,#4176,
    #4177),.UNSPECIFIED.,.F.,.F.,(8,6,6,6,6,6,6,6,8),(0.,0.2917736759,
    0.37258094973,0.414439938036,0.499890492637,0.585334514129,
    0.628368186823,0.709247356437,1.),.UNSPECIFIED.);
#4128 = CARTESIAN_POINT('',(21.415472721725,-18.40496635575,
    3.505608764672));
#4129 = CARTESIAN_POINT('',(21.504968224837,-18.34723903902,
    3.577827846139));
#4130 = CARTESIAN_POINT('',(21.590069976154,-18.29101297073,
    3.659718039631));
#4131 = CARTESIAN_POINT('',(21.670186652862,-18.2365032558,
    3.751906179876));
#4132 = CARTESIAN_POINT('',(21.744101135614,-18.18425605398,
    3.855051790805));
#4133 = CARTESIAN_POINT('',(21.809981101413,-18.1351480876,
    3.969666718103));
#4134 = CARTESIAN_POINT('',(21.865519998165,-18.09032647859,
    4.095890429896));
#4135 = CARTESIAN_POINT('',(21.91938762068,-18.04052741522,
    4.271741325606));
#4136 = CARTESIAN_POINT('',(21.930036915236,-18.03018210044,
    4.310731414193));
#4137 = CARTESIAN_POINT('',(21.939586906928,-18.02032768699,
    4.350552074054));
#4138 = CARTESIAN_POINT('',(21.947967680634,-18.0110032649,4.39117206461
    ));
#4139 = CARTESIAN_POINT('',(21.955107844309,-18.00225018444,
    4.432547240697));
#4140 = CARTESIAN_POINT('',(21.960937456946,-17.99411076513,
    4.474618818495));
#4141 = CARTESIAN_POINT('',(21.967697914566,-17.98275034101,
    4.53942695725));
#4142 = CARTESIAN_POINT('',(21.96963569881,-17.97904960332,
    4.561708704872));
#4143 = CARTESIAN_POINT('',(21.971195008271,-17.97553075858,
    4.584146165149));
#4144 = CARTESIAN_POINT('',(21.972367198591,-17.9721995873,4.606727355)
  );
#4145 = CARTESIAN_POINT('',(21.973144282067,-17.96906168366,
    4.629439027449));
#4146 = CARTESIAN_POINT('',(21.973518927654,-17.96612245555,
    4.65226667163));
#4147 = CARTESIAN_POINT('',(21.973414100967,-17.95780324482,
    4.721999197317));
#4148 = CARTESIAN_POINT('',(21.97163916732,-17.9530680857,4.769228288153
    ));
#4149 = CARTESIAN_POINT('',(21.968104176945,-17.94922664054,
    4.816737289571));
#4150 = CARTESIAN_POINT('',(21.962771716774,-17.94631608448,
    4.864369727507));
#4151 = CARTESIAN_POINT('',(21.955626741764,-17.94436346392,
    4.911958348005));
#4152 = CARTESIAN_POINT('',(21.946680872921,-17.94338338604,
    4.95932631568));
#4153 = CARTESIAN_POINT('',(21.925273336115,-17.94336803121,
    5.053246918182));
#4154 = CARTESIAN_POINT('',(21.912809440292,-17.9443326036,
    5.099810570485));
#4155 = CARTESIAN_POINT('',(21.898626716427,-17.94626971897,
    5.145793972996));
#4156 = CARTESIAN_POINT('',(21.882791161126,-17.94916491656,
    5.19103263426));
#4157 = CARTESIAN_POINT('',(21.865388682914,-17.95299128188,
    5.235382197623));
#4158 = CARTESIAN_POINT('',(21.846520726124,-17.95771174719,
    5.278717671409));
#4159 = CARTESIAN_POINT('',(21.816115722475,-17.96608653002,
    5.342194134504));
#4160 = CARTESIAN_POINT('',(21.805587547249,-17.96910732244,
    5.363172914888));
#4161 = CARTESIAN_POINT('',(21.794729343516,-17.97233809715,
    5.38385667601));
#4162 = CARTESIAN_POINT('',(21.783555129995,-17.97577297636,
    5.404234680301));
#4163 = CARTESIAN_POINT('',(21.77207896972,-17.97940587658,
    5.424297776852));
#4164 = CARTESIAN_POINT('',(21.760314970033,-17.98323050864,
    5.444038401413));
#4165 = CARTESIAN_POINT('',(21.725653181421,-17.99477668262,
    5.499934578203));
#4166 = CARTESIAN_POINT('',(21.702062458981,-18.00296734982,
    5.535257351723));
#4167 = CARTESIAN_POINT('',(21.677596882316,-18.01177024892,
    5.569380393436));
#4168 = CARTESIAN_POINT('',(21.652344957335,-18.02114299098,
    5.602281753944));
#4169 = CARTESIAN_POINT('',(21.626390064481,-18.03104420807,
    5.633953211531));
#4170 = CARTESIAN_POINT('',(21.599808594408,-18.04143483282,
    5.664397445725));
#4171 = CARTESIAN_POINT('',(21.475100622404,-18.09126444914,
    5.798696145916));
#4172 = CARTESIAN_POINT('',(21.37058681245,-18.13600420293,
    5.887749074853));
#4173 = CARTESIAN_POINT('',(21.261851961481,-18.18498378676,
    5.961976383656));
#4174 = CARTESIAN_POINT('',(21.150884054873,-18.23707209556,
    6.022494550241));
#4175 = CARTESIAN_POINT('',(21.039091984123,-18.29140434752,
    6.070544942303));
#4176 = CARTESIAN_POINT('',(20.927277161154,-18.3474406478,
    6.107236148131));
#4177 = CARTESIAN_POINT('',(20.815700852387,-18.40496635575,
    6.133381019457));
#4178 = ORIENTED_EDGE('',*,*,#4179,.T.);
#4179 = EDGE_CURVE('',#4125,#4180,#4182,.T.);
#4180 = VERTEX_POINT('',#4181);
#4181 = CARTESIAN_POINT('',(21.415472721725,-18.40496635575,
    3.505608764672));
#4182 = B_SPLINE_CURVE_WITH_KNOTS('',5,(#4183,#4184,#4185,#4186,#4187,
    #4188),.UNSPECIFIED.,.F.,.F.,(6,6),(0.,1.),
  .PIECEWISE_BEZIER_KNOTS.);
#4183 = CARTESIAN_POINT('',(21.673952777291,-18.23205080756,
    3.77356211129));
#4184 = CARTESIAN_POINT('',(21.627187171835,-18.26483241902,
    3.711140549409));
#4185 = CARTESIAN_POINT('',(21.577522023505,-18.29871548532,
    3.653303336429));
#4186 = CARTESIAN_POINT('',(21.525450582766,-18.33347071954,
    3.599875254517));
#4187 = CARTESIAN_POINT('',(21.471343958899,-18.36892771143,
    3.550694487293));
#4188 = CARTESIAN_POINT('',(21.415472721725,-18.40496635575,
    3.505608764672));
#4189 = ORIENTED_EDGE('',*,*,#4190,.T.);
#4190 = EDGE_CURVE('',#4180,#4022,#4191,.T.);
#4191 = ( BOUNDED_CURVE() B_SPLINE_CURVE(2,(#4192,#4193,#4194,#4195),
.UNSPECIFIED.,.F.,.F.) B_SPLINE_CURVE_WITH_KNOTS((3,1,3),(
-2.999333580064,5.767949192431,6.120947683008),.UNSPECIFIED.) CURVE() 
GEOMETRIC_REPRESENTATION_ITEM() RATIONAL_B_SPLINE_CURVE((1.056651799772,
1.056651799772,1.056651799772,1.056651799772)) REPRESENTATION_ITEM('') 
  );
#4192 = CARTESIAN_POINT('',(21.415472721725,-15.2327172275,
    3.505608764672));
#4193 = CARTESIAN_POINT('',(21.415472721725,-19.61635861375,
    3.505608764672));
#4194 = CARTESIAN_POINT('',(21.415472721725,-24.17649924528,
    3.505608764672));
#4195 = CARTESIAN_POINT('',(21.415472721725,-24.35299849057,
    3.505608764672));
#4196 = ORIENTED_EDGE('',*,*,#4043,.F.);
#4197 = ORIENTED_EDGE('',*,*,#113,.F.);
#4198 = ORIENTED_EDGE('',*,*,#4083,.T.);
#4199 = ORIENTED_EDGE('',*,*,#4200,.T.);
#4200 = EDGE_CURVE('',#4084,#4201,#4203,.T.);
#4201 = VERTEX_POINT('',#4202);
#4202 = CARTESIAN_POINT('',(21.324664667453,-4.,3.437830248965));
#4203 = CIRCLE('',#4204,1.5);
#4204 = AXIS2_PLACEMENT_3D('',#4205,#4206,#4207);
#4205 = CARTESIAN_POINT('',(20.473486155818,-4.,4.672939613083));
#4206 = DIRECTION('',(0.,-1.,-2.22044604925E-16));
#4207 = DIRECTION('',(0.222520933956,2.164774830908E-16,-0.974927912182)
  );
#4208 = ORIENTED_EDGE('',*,*,#4209,.T.);
#4209 = EDGE_CURVE('',#4201,#4210,#4212,.T.);
#4210 = VERTEX_POINT('',#4211);
#4211 = CARTESIAN_POINT('',(21.415472721725,-4.100501485124,
    3.505608764672));
#4212 = B_SPLINE_CURVE_WITH_KNOTS('',6,(#4213,#4214,#4215,#4216,#4217,
    #4218,#4219),.UNSPECIFIED.,.F.,.F.,(7,7),(0.,1.),
  .PIECEWISE_BEZIER_KNOTS.);
#4213 = CARTESIAN_POINT('',(21.324664667453,-4.,3.437830248965));
#4214 = CARTESIAN_POINT('',(21.38737766927,-4.06879225341,3.481049061078
    ));
#4215 = CARTESIAN_POINT('',(21.44866341358,-4.136975360483,
    3.528920649097));
#4216 = CARTESIAN_POINT('',(21.508327433368,-4.204431968223,
    3.581714351905));
#4217 = CARTESIAN_POINT('',(21.56606695833,-4.270962133273,
    3.639778459509));
#4218 = CARTESIAN_POINT('',(21.621476181702,-4.336286712138,
    3.703517662449));
#4219 = CARTESIAN_POINT('',(21.673952777291,-4.4,3.77356211129));
#4220 = ORIENTED_EDGE('',*,*,#4221,.T.);
#4221 = EDGE_CURVE('',#4210,#4222,#4224,.T.);
#4222 = VERTEX_POINT('',#4223);
#4223 = CARTESIAN_POINT('',(21.415472721725,-9.595033644246,
    3.505608764672));
#4224 = ( BOUNDED_CURVE() B_SPLINE_CURVE(2,(#4225,#4226,#4227,#4228),
.UNSPECIFIED.,.F.,.F.) B_SPLINE_CURVE_WITH_KNOTS((3,1,3),(
    -0.352998490577,6.157075717328E-14,8.767282772495),.UNSPECIFIED.) 
CURVE() GEOMETRIC_REPRESENTATION_ITEM() RATIONAL_B_SPLINE_CURVE((
    1.056651799772,1.056651799772,1.056651799772,1.056651799772)) 
REPRESENTATION_ITEM('') );
#4225 = CARTESIAN_POINT('',(21.415472721725,-3.647001509423,
    3.505608764672));
#4226 = CARTESIAN_POINT('',(21.415472721725,-3.823500754712,
    3.505608764672));
#4227 = CARTESIAN_POINT('',(21.415472721725,-8.383641386248,
    3.505608764672));
#4228 = CARTESIAN_POINT('',(21.415472721725,-12.76728277249,
    3.505608764672));
#4229 = ORIENTED_EDGE('',*,*,#4230,.F.);
#4230 = EDGE_CURVE('',#4231,#4222,#4233,.T.);
#4231 = VERTEX_POINT('',#4232);
#4232 = CARTESIAN_POINT('',(21.673952777291,-9.767949192431,
    3.77356211129));
#4233 = B_SPLINE_CURVE_WITH_KNOTS('',5,(#4234,#4235,#4236,#4237,#4238,
    #4239),.UNSPECIFIED.,.F.,.F.,(6,6),(0.,1.),
  .PIECEWISE_BEZIER_KNOTS.);
#4234 = CARTESIAN_POINT('',(21.673952777291,-9.767949192431,
    3.77356211129));
#4235 = CARTESIAN_POINT('',(21.627187573297,-9.735167862391,
    3.71114108527));
#4236 = CARTESIAN_POINT('',(21.577522551491,-9.701284861084,
    3.653303829263));
#4237 = CARTESIAN_POINT('',(21.525450385423,-9.66652913878,
    3.599874946252));
#4238 = CARTESIAN_POINT('',(21.471342930267,-9.631071625064,
    3.550693657231));
#4239 = CARTESIAN_POINT('',(21.415472721725,-9.595033644246,
    3.505608764672));
#4240 = ORIENTED_EDGE('',*,*,#4241,.T.);
#4241 = EDGE_CURVE('',#4231,#4242,#4244,.T.);
#4242 = VERTEX_POINT('',#4243);
#4243 = CARTESIAN_POINT('',(21.164843935365,-9.767949192431,6.0041136891
    ));
#4244 = B_SPLINE_CURVE_WITH_KNOTS('',7,(#4245,#4246,#4247,#4248,#4249,
    #4250,#4251,#4252,#4253,#4254,#4255,#4256,#4257,#4258,#4259,#4260,
    #4261,#4262,#4263,#4264,#4265,#4266,#4267,#4268,#4269,#4270,#4271,
    #4272,#4273,#4274,#4275,#4276,#4277,#4278,#4279,#4280,#4281,#4282,
    #4283,#4284,#4285,#4286,#4287,#4288,#4289,#4290,#4291,#4292,#4293,
    #4294),.UNSPECIFIED.,.F.,.F.,(8,6,6,6,6,6,6,6,8),(0.,0.2917736759,
    0.37258094973,0.414439938036,0.499890492638,0.585334514129,
    0.628368186824,0.709247356438,1.),.UNSPECIFIED.);
#4245 = CARTESIAN_POINT('',(21.415472721725,-9.595033644246,
    3.505608764672));
#4246 = CARTESIAN_POINT('',(21.504968224837,-9.652760960978,
    3.577827846139));
#4247 = CARTESIAN_POINT('',(21.590069976154,-9.70898702927,
    3.659718039631));
#4248 = CARTESIAN_POINT('',(21.670186652862,-9.763496744192,
    3.751906179876));
#4249 = CARTESIAN_POINT('',(21.744101135614,-9.815743946012,
    3.855051790805));
#4250 = CARTESIAN_POINT('',(21.809981101413,-9.864851912397,
    3.969666718103));
#4251 = CARTESIAN_POINT('',(21.865519998165,-9.909673521406,
    4.095890429896));
#4252 = CARTESIAN_POINT('',(21.91938762068,-9.95947258478,4.271741325606
    ));
#4253 = CARTESIAN_POINT('',(21.930036915236,-9.969817899551,
    4.310731414193));
#4254 = CARTESIAN_POINT('',(21.939586906928,-9.979672313007,
    4.350552074054));
#4255 = CARTESIAN_POINT('',(21.947967680634,-9.988996735091,
    4.39117206461));
#4256 = CARTESIAN_POINT('',(21.955107844309,-9.997749815551,
    4.432547240697));
#4257 = CARTESIAN_POINT('',(21.960937456946,-10.00588923486,
    4.474618818495));
#4258 = CARTESIAN_POINT('',(21.967697914566,-10.01724965898,
    4.53942695725));
#4259 = CARTESIAN_POINT('',(21.96963569881,-10.02095039667,
    4.561708704872));
#4260 = CARTESIAN_POINT('',(21.971195008271,-10.02446924141,
    4.584146165149));
#4261 = CARTESIAN_POINT('',(21.972367198591,-10.0278004127,4.606727355)
  );
#4262 = CARTESIAN_POINT('',(21.973144282067,-10.03093831633,
    4.629439027449));
#4263 = CARTESIAN_POINT('',(21.973518927654,-10.03387754444,
    4.65226667163));
#4264 = CARTESIAN_POINT('',(21.973414100967,-10.04219675517,
    4.721999197317));
#4265 = CARTESIAN_POINT('',(21.97163916732,-10.04693191429,
    4.769228288153));
#4266 = CARTESIAN_POINT('',(21.968104176945,-10.05077335945,
    4.816737289571));
#4267 = CARTESIAN_POINT('',(21.962771716774,-10.05368391551,
    4.864369727507));
#4268 = CARTESIAN_POINT('',(21.955626741764,-10.05563653607,
    4.911958348005));
#4269 = CARTESIAN_POINT('',(21.946680872921,-10.05661661395,
    4.95932631568));
#4270 = CARTESIAN_POINT('',(21.925273336115,-10.05663196878,
    5.053246918182));
#4271 = CARTESIAN_POINT('',(21.912809440292,-10.05566739639,
    5.099810570485));
#4272 = CARTESIAN_POINT('',(21.898626716427,-10.05373028102,
    5.145793972996));
#4273 = CARTESIAN_POINT('',(21.882791161126,-10.05083508343,
    5.19103263426));
#4274 = CARTESIAN_POINT('',(21.865388682914,-10.04700871811,
    5.235382197623));
#4275 = CARTESIAN_POINT('',(21.846520726124,-10.0422882528,
    5.278717671409));
#4276 = CARTESIAN_POINT('',(21.816115722475,-10.03391346997,
    5.342194134504));
#4277 = CARTESIAN_POINT('',(21.805587547249,-10.03089267755,
    5.363172914888));
#4278 = CARTESIAN_POINT('',(21.794729343516,-10.02766190284,
    5.38385667601));
#4279 = CARTESIAN_POINT('',(21.783555129995,-10.02422702363,
    5.404234680301));
#4280 = CARTESIAN_POINT('',(21.77207896972,-10.02059412341,
    5.424297776852));
#4281 = CARTESIAN_POINT('',(21.760314970033,-10.01676949135,
    5.444038401413));
#4282 = CARTESIAN_POINT('',(21.725653181421,-10.00522331737,
    5.499934578203));
#4283 = CARTESIAN_POINT('',(21.702062458981,-9.997032650177,
    5.535257351723));
#4284 = CARTESIAN_POINT('',(21.677596882316,-9.988229751075,
    5.569380393436));
#4285 = CARTESIAN_POINT('',(21.652344957335,-9.978857009014,
    5.602281753944));
#4286 = CARTESIAN_POINT('',(21.626390064481,-9.968955791926,
    5.633953211531));
#4287 = CARTESIAN_POINT('',(21.599808594408,-9.958565167175,
    5.664397445725));
#4288 = CARTESIAN_POINT('',(21.475100622404,-9.908735550855,
    5.798696145916));
#4289 = CARTESIAN_POINT('',(21.37058681245,-9.863995797067,
    5.887749074853));
#4290 = CARTESIAN_POINT('',(21.261851961482,-9.815016213236,
    5.961976383655));
#4291 = CARTESIAN_POINT('',(21.150884054872,-9.762927904433,
    6.022494550242));
#4292 = CARTESIAN_POINT('',(21.039091984123,-9.708595652471,
    6.070544942302));
#4293 = CARTESIAN_POINT('',(20.927277161154,-9.652559352193,
    6.107236148131));
#4294 = CARTESIAN_POINT('',(20.815700852387,-9.595033644246,
    6.133381019457));
#4295 = ORIENTED_EDGE('',*,*,#4296,.T.);
#4296 = EDGE_CURVE('',#4242,#4297,#4299,.T.);
#4297 = VERTEX_POINT('',#4298);
#4298 = CARTESIAN_POINT('',(20.815700852387,-9.595033644246,
    6.133381019457));
#4299 = B_SPLINE_CURVE_WITH_KNOTS('',5,(#4300,#4301,#4302,#4303,#4304,
    #4305),.UNSPECIFIED.,.F.,.F.,(6,6),(0.,1.),
  .PIECEWISE_BEZIER_KNOTS.);
#4300 = CARTESIAN_POINT('',(21.164843935365,-9.767949192431,6.0041136891
    ));
#4301 = CARTESIAN_POINT('',(21.095625880091,-9.735167580976,
    6.040062737283));
#4302 = CARTESIAN_POINT('',(21.025784501397,-9.70128451468,
    6.070623365324));
#4303 = CARTESIAN_POINT('',(20.955688178431,-9.666529280453,
    6.096167452389));
#4304 = CARTESIAN_POINT('',(20.885601059603,-9.631072288562,
    6.117001808283));
#4305 = CARTESIAN_POINT('',(20.815700852387,-9.595033644246,
    6.133381019457));
#4306 = ORIENTED_EDGE('',*,*,#4307,.F.);
#4307 = EDGE_CURVE('',#4308,#4297,#4310,.T.);
#4308 = VERTEX_POINT('',#4309);
#4309 = CARTESIAN_POINT('',(20.815700852387,-4.100501485124,
    6.133381019457));
#4310 = ( BOUNDED_CURVE() B_SPLINE_CURVE(2,(#4311,#4312,#4313,#4314),
.UNSPECIFIED.,.F.,.F.) B_SPLINE_CURVE_WITH_KNOTS((3,1,3),(
    -0.352998490577,6.168843056153E-14,8.767282772495),.UNSPECIFIED.) 
CURVE() GEOMETRIC_REPRESENTATION_ITEM() RATIONAL_B_SPLINE_CURVE((
    1.056651799772,1.056651799772,1.056651799772,1.056651799772)) 
REPRESENTATION_ITEM('') );
#4311 = CARTESIAN_POINT('',(20.815700852387,-3.647001509423,
    6.133381019457));
#4312 = CARTESIAN_POINT('',(20.815700852387,-3.823500754712,
    6.133381019457));
#4313 = CARTESIAN_POINT('',(20.815700852387,-8.383641386248,
    6.133381019457));
#4314 = CARTESIAN_POINT('',(20.815700852387,-12.76728277249,
    6.133381019457));
#4315 = ORIENTED_EDGE('',*,*,#4316,.T.);
#4316 = EDGE_CURVE('',#4308,#4317,#4319,.T.);
#4317 = VERTEX_POINT('',#4318);
#4318 = CARTESIAN_POINT('',(20.704477626706,-4.,6.155047213892));
#4319 = B_SPLINE_CURVE_WITH_KNOTS('',6,(#4320,#4321,#4322,#4323,#4324,
    #4325,#4326),.UNSPECIFIED.,.F.,.F.,(7,7),(0.,1.),
  .PIECEWISE_BEZIER_KNOTS.);
#4320 = CARTESIAN_POINT('',(21.164843935365,-4.4,6.0041136891));
#4321 = CARTESIAN_POINT('',(21.087172897913,-4.336286620949,
    6.044452873099));
#4322 = CARTESIAN_POINT('',(21.009595397431,-4.270961945766,
    6.077838787759));
#4323 = CARTESIAN_POINT('',(20.932380699868,-4.204431680731,
    6.105100522126));
#4324 = CARTESIAN_POINT('',(20.855718836629,-4.136974970364,
    6.126778764371));
#4325 = CARTESIAN_POINT('',(20.779731477602,-4.06879175888,
    6.143318681426));
#4326 = CARTESIAN_POINT('',(20.704476970344,-3.9999994,6.155047316188));
#4327 = ORIENTED_EDGE('',*,*,#4328,.T.);
#4328 = EDGE_CURVE('',#4317,#4084,#4329,.T.);
#4329 = CIRCLE('',#4330,1.5);
#4330 = AXIS2_PLACEMENT_3D('',#4331,#4332,#4333);
#4331 = CARTESIAN_POINT('',(20.473486155818,-4.,4.672939613083));
#4332 = DIRECTION('',(0.,-1.,-2.22044604925E-16));
#4333 = DIRECTION('',(0.222520933956,2.164774830908E-16,-0.974927912182)
  );
#4334 = CYLINDRICAL_SURFACE('',#4335,1.5);
#4335 = AXIS2_PLACEMENT_3D('',#4336,#4337,#4338);
#4336 = CARTESIAN_POINT('',(20.473486155818,-24.,4.672939613083));
#4337 = DIRECTION('',(0.,-1.,-2.22044604925E-16));
#4338 = DIRECTION('',(0.222520933956,2.164774830908E-16,-0.974927912182)
  );
#4339 = ADVANCED_FACE('',(#4340),#4407,.T.);
#4340 = FACE_BOUND('',#4341,.T.);
#4341 = EDGE_LOOP('',(#4342,#4353,#4375,#4385,#4386,#4387));
#4342 = ORIENTED_EDGE('',*,*,#4343,.T.);
#4343 = EDGE_CURVE('',#4344,#4346,#4348,.T.);
#4344 = VERTEX_POINT('',#4345);
#4345 = CARTESIAN_POINT('',(21.052717822436,-23.6,6.386162563612));
#4346 = VERTEX_POINT('',#4347);
#4347 = CARTESIAN_POINT('',(18.119057808089,-23.6,12.477970353672));
#4348 = CIRCLE('',#4349,22.);
#4349 = AXIS2_PLACEMENT_3D('',#4350,#4351,#4352);
#4350 = CARTESIAN_POINT('',(1.33226762955E-16,-23.6,-1.33226762955E-16)
  );
#4351 = DIRECTION('',(-3.330669073875E-16,-1.,3.330669073875E-16));
#4352 = DIRECTION('',(-3.3104832007E-16,3.330669073875E-16,1.));
#4353 = ORIENTED_EDGE('',*,*,#4354,.T.);
#4354 = EDGE_CURVE('',#4346,#4355,#4357,.T.);
#4355 = VERTEX_POINT('',#4356);
#4356 = CARTESIAN_POINT('',(17.773647574988,-23.89949851487,
    12.450269739487));
#4357 = B_SPLINE_CURVE_WITH_KNOTS('',6,(#4358,#4359,#4360,#4361,#4362,
    #4363,#4364,#4365,#4366,#4367,#4368,#4369,#4370,#4371,#4372,#4373,
    #4374),.UNSPECIFIED.,.F.,.F.,(7,5,5,7),(0.,0.31695685084,
    0.754284106067,1.),.UNSPECIFIED.);
#4358 = CARTESIAN_POINT('',(18.119057807923,-23.6,12.477970353914));
#4359 = CARTESIAN_POINT('',(18.106466768295,-23.6,12.496253597768));
#4360 = CARTESIAN_POINT('',(18.091440019009,-23.60292968257,
    12.512861032814));
#4361 = CARTESIAN_POINT('',(18.074258836149,-23.60879107585,
    12.527380270422));
#4362 = CARTESIAN_POINT('',(18.055300663038,-23.61747112047,
    12.539470314169));
#4363 = CARTESIAN_POINT('',(18.035006496661,-23.62875558664,
    12.548881554674));
#4364 = CARTESIAN_POINT('',(17.984654813291,-23.66109047172,
    12.56457425101));
#4365 = CARTESIAN_POINT('',(17.953816054223,-23.68422275631,
    12.568309214777));
#4366 = CARTESIAN_POINT('',(17.922566849819,-23.71095374068,
    12.566313145144));
#4367 = CARTESIAN_POINT('',(17.892246103046,-23.74019722754,
    12.558604046571));
#4368 = CARTESIAN_POINT('',(17.864104913287,-23.77069595712,
    12.545607623597));
#4369 = CARTESIAN_POINT('',(17.825168279345,-23.81832034118,
    12.518184555782));
#4370 = CARTESIAN_POINT('',(17.812175382171,-23.83545018305,
    12.506879696195));
#4371 = CARTESIAN_POINT('',(17.800379900847,-23.85235355992,
    12.494263888463));
#4372 = CARTESIAN_POINT('',(17.78994348777,-23.86880501024,
    12.480497220168));
#4373 = CARTESIAN_POINT('',(17.780999693059,-23.88458687614,
    12.465764671487));
#4374 = CARTESIAN_POINT('',(17.773647574988,-23.89949851487,
    12.450269739487));
#4375 = ORIENTED_EDGE('',*,*,#4376,.F.);
#4376 = EDGE_CURVE('',#87,#4355,#4377,.T.);
#4377 = B_SPLINE_CURVE_WITH_KNOTS('',6,(#4378,#4379,#4380,#4381,#4382,
    #4383,#4384),.UNSPECIFIED.,.F.,.F.,(7,7),(0.,1.),
  .PIECEWISE_BEZIER_KNOTS.);
#4378 = CARTESIAN_POINT('',(17.721240340961,-24.,12.349803268793));
#4379 = CARTESIAN_POINT('',(17.758990863412,-23.93120774659,
    12.415952224734));
#4380 = CARTESIAN_POINT('',(17.793436707474,-23.86302463951,
    12.485673923093));
#4381 = CARTESIAN_POINT('',(17.824285802661,-23.79556803177,
    12.55912665374));
#4382 = CARTESIAN_POINT('',(17.851114244983,-23.72903786672,
    12.636492848019));
#4383 = CARTESIAN_POINT('',(17.873380826536,-23.66371328786,
    12.717961046551));
#4384 = CARTESIAN_POINT('',(17.890269458087,-23.6,12.803837655837));
#4385 = ORIENTED_EDGE('',*,*,#95,.F.);
#4386 = ORIENTED_EDGE('',*,*,#4092,.F.);
#4387 = ORIENTED_EDGE('',*,*,#4388,.F.);
#4388 = EDGE_CURVE('',#4344,#4093,#4389,.T.);
#4389 = B_SPLINE_CURVE_WITH_KNOTS('',6,(#4390,#4391,#4392,#4393,#4394,
    #4395,#4396,#4397,#4398,#4399,#4400,#4401,#4402,#4403,#4404,#4405,
    #4406),.UNSPECIFIED.,.F.,.F.,(7,5,5,7),(0.,0.316956850862,
    0.754284106094,1.),.UNSPECIFIED.);
#4390 = CARTESIAN_POINT('',(21.052717822806,-23.6,6.386162562394));
#4391 = CARTESIAN_POINT('',(21.05916185365,-23.6,6.364919075127));
#4392 = CARTESIAN_POINT('',(21.062777043605,-23.60292968257,
    6.34281612528));
#4393 = CARTESIAN_POINT('',(21.063416348603,-23.60879107585,
    6.320330738269));
#4394 = CARTESIAN_POINT('',(21.061048498262,-23.61747112047,
    6.297970621282));
#4395 = CARTESIAN_POINT('',(21.055753296328,-23.62875558665,
    6.276236191522));
#4396 = CARTESIAN_POINT('',(21.036628579277,-23.66109047173,
    6.227085424138));
#4397 = CARTESIAN_POINT('',(21.020321039753,-23.68422275632,
    6.200645999601));
#4398 = CARTESIAN_POINT('',(20.99927688941,-23.71095374069,
    6.177458916857));
#4399 = CARTESIAN_POINT('',(20.974344997045,-23.74019722755,
    6.158559746801));
#4400 = CARTESIAN_POINT('',(20.946638239576,-23.77069595713,
    6.14466121588));
#4401 = CARTESIAN_POINT('',(20.900921427632,-23.8183203412,
    6.131317332765));
#4402 = CARTESIAN_POINT('',(20.88398199362,-23.83545018305,
    6.128207541372));
#4403 = CARTESIAN_POINT('',(20.866764195647,-23.85235355993,
    6.126851290185));
#4404 = CARTESIAN_POINT('',(20.849493983845,-23.86880501025,
    6.127275151165));
#4405 = CARTESIAN_POINT('',(20.832399248679,-23.88458687614,
    6.129468204745));
#4406 = CARTESIAN_POINT('',(20.815700852387,-23.89949851487,
    6.133381019457));
#4407 = CONICAL_SURFACE('',#4408,22.,0.785398163397);
#4408 = AXIS2_PLACEMENT_3D('',#4409,#4410,#4411);
#4409 = CARTESIAN_POINT('',(1.33226762955E-16,-23.6,-1.33226762955E-16)
  );
#4410 = DIRECTION('',(3.330669073875E-16,1.,-3.330669073875E-16));
#4411 = DIRECTION('',(-3.3104832007E-16,3.330669073875E-16,1.));
#4412 = ADVANCED_FACE('',(#4413),#4667,.F.);
#4413 = FACE_BOUND('',#4414,.F.);
#4414 = EDGE_LOOP('',(#4415,#4423,#4424,#4436,#4445,#4456,#4511,#4522,
    #4529,#4530,#4531,#4532,#4541,#4553,#4562,#4573,#4628,#4639,#4648,
    #4660));
#4415 = ORIENTED_EDGE('',*,*,#4416,.F.);
#4416 = EDGE_CURVE('',#78,#4417,#4419,.T.);
#4417 = VERTEX_POINT('',#4418);
#4418 = CARTESIAN_POINT('',(17.353695834617,-4.,11.920538615331));
#4419 = LINE('',#4420,#4421);
#4420 = CARTESIAN_POINT('',(17.353695834617,-24.,11.920538615331));
#4421 = VECTOR('',#4422,1.);
#4422 = DIRECTION('',(0.,1.,2.22044604925E-16));
#4423 = ORIENTED_EDGE('',*,*,#77,.F.);
#4424 = ORIENTED_EDGE('',*,*,#4425,.F.);
#4425 = EDGE_CURVE('',#4426,#69,#4428,.T.);
#4426 = VERTEX_POINT('',#4427);
#4427 = CARTESIAN_POINT('',(16.093124141416,-23.89949851487,
    14.5575794717));
#4428 = B_SPLINE_CURVE_WITH_KNOTS('',6,(#4429,#4430,#4431,#4432,#4433,
    #4434,#4435),.UNSPECIFIED.,.F.,.F.,(7,7),(0.,1.),
  .PIECEWISE_BEZIER_KNOTS.);
#4429 = CARTESIAN_POINT('',(16.463778182264,-23.6,14.592601137741));
#4430 = CARTESIAN_POINT('',(16.376296479595,-23.66371337905,
    14.595245286531));
#4431 = CARTESIAN_POINT('',(16.291915961325,-23.72903805423,
    14.591665340285));
#4432 = CARTESIAN_POINT('',(16.210519499434,-23.79556831926,
    14.582725112541));
#4433 = CARTESIAN_POINT('',(16.132043710498,-23.86302502963,
    14.568994198045));
#4434 = CARTESIAN_POINT('',(16.056405064604,-23.93120824112,
    14.550926468929));
#4435 = CARTESIAN_POINT('',(15.983514232489,-24.0000006,14.528841896718)
  );
#4436 = ORIENTED_EDGE('',*,*,#4437,.F.);
#4437 = EDGE_CURVE('',#4438,#4426,#4440,.T.);
#4438 = VERTEX_POINT('',#4439);
#4439 = CARTESIAN_POINT('',(16.093124141416,-18.40496635575,
    14.5575794717));
#4440 = ( BOUNDED_CURVE() B_SPLINE_CURVE(2,(#4441,#4442,#4443,#4444),
.UNSPECIFIED.,.F.,.F.) B_SPLINE_CURVE_WITH_KNOTS((3,1,3),(
-2.999333580064,5.767949192431,6.120947683008),.UNSPECIFIED.) CURVE() 
GEOMETRIC_REPRESENTATION_ITEM() RATIONAL_B_SPLINE_CURVE((1.056651799772,
1.056651799772,1.056651799772,1.056651799772)) REPRESENTATION_ITEM('') 
  );
#4441 = CARTESIAN_POINT('',(16.093124141416,-15.2327172275,14.5575794717
    ));
#4442 = CARTESIAN_POINT('',(16.093124141416,-19.61635861375,
    14.5575794717));
#4443 = CARTESIAN_POINT('',(16.093124141416,-24.17649924528,
    14.5575794717));
#4444 = CARTESIAN_POINT('',(16.093124141416,-24.35299849057,
    14.5575794717));
#4445 = ORIENTED_EDGE('',*,*,#4446,.F.);
#4446 = EDGE_CURVE('',#4447,#4438,#4449,.T.);
#4447 = VERTEX_POINT('',#4448);
#4448 = CARTESIAN_POINT('',(16.463778182264,-18.23205080756,
    14.592601137741));
#4449 = B_SPLINE_CURVE_WITH_KNOTS('',5,(#4450,#4451,#4452,#4453,#4454,
    #4455),.UNSPECIFIED.,.F.,.F.,(6,6),(0.,1.),
  .PIECEWISE_BEZIER_KNOTS.);
#4450 = CARTESIAN_POINT('',(16.463778182264,-18.23205080756,
    14.592601137741));
#4451 = CARTESIAN_POINT('',(16.385817831181,-18.2648321376,
    14.59495750212));
#4452 = CARTESIAN_POINT('',(16.309633208971,-18.29871513891,
    14.592188763783));
#4453 = CARTESIAN_POINT('',(16.235394361655,-18.33347086122,
    14.584789468672));
#4454 = CARTESIAN_POINT('',(16.163207435056,-18.36892837493,
    14.573150588942));
#4455 = CARTESIAN_POINT('',(16.093124141416,-18.40496635575,
    14.5575794717));
#4456 = ORIENTED_EDGE('',*,*,#4457,.F.);
#4457 = EDGE_CURVE('',#4458,#4447,#4460,.T.);
#4458 = VERTEX_POINT('',#4459);
#4459 = CARTESIAN_POINT('',(17.890269458087,-18.23205080756,
    12.803837655837));
#4460 = B_SPLINE_CURVE_WITH_KNOTS('',7,(#4461,#4462,#4463,#4464,#4465,
    #4466,#4467,#4468,#4469,#4470,#4471,#4472,#4473,#4474,#4475,#4476,
    #4477,#4478,#4479,#4480,#4481,#4482,#4483,#4484,#4485,#4486,#4487,
    #4488,#4489,#4490,#4491,#4492,#4493,#4494,#4495,#4496,#4497,#4498,
    #4499,#4500,#4501,#4502,#4503,#4504,#4505,#4506,#4507,#4508,#4509,
    #4510),.UNSPECIFIED.,.F.,.F.,(8,6,6,6,6,6,6,6,8),(0.,0.2917736759,
    0.37258094973,0.414439938036,0.499890492638,0.585334514129,
    0.628368186824,0.709247356438,1.),.UNSPECIFIED.);
#4461 = CARTESIAN_POINT('',(17.773647574988,-18.40496635575,
    12.450269739487));
#4462 = CARTESIAN_POINT('',(17.822945552007,-18.34723903902,
    12.554167527082));
#4463 = CARTESIAN_POINT('',(17.864088757198,-18.29101297073,
    12.664872308072));
#4464 = CARTESIAN_POINT('',(17.896272453721,-18.2365032558,
    12.782692275678));
#4465 = CARTESIAN_POINT('',(17.918113898224,-18.18425605398,
    12.907693552138));
#4466 = CARTESIAN_POINT('',(17.927740143212,-18.1351480876,
    13.039542279323));
#4467 = CARTESIAN_POINT('',(17.923012544105,-18.09032647859,
    13.17736333823));
#4468 = CARTESIAN_POINT('',(17.895246750821,-18.04052741522,
    13.359171806132));
#4469 = CARTESIAN_POINT('',(17.887924268257,-18.03018210044,
    13.398921217846));
#4470 = CARTESIAN_POINT('',(17.879250976665,-18.02032768699,
    13.438941978783));
#4471 = CARTESIAN_POINT('',(17.869177439478,-18.0110032649,
    13.479175607121));
#4472 = CARTESIAN_POINT('',(17.857658488554,-18.00225018444,
    13.519551353592));
#4473 = CARTESIAN_POINT('',(17.844656614566,-17.99411076513,
    13.559985909541));
#4474 = CARTESIAN_POINT('',(17.822628378846,-17.98275034101,
    13.621309277576));
#4475 = CARTESIAN_POINT('',(17.814706574151,-17.97904960332,
    13.64222521158));
#4476 = CARTESIAN_POINT('',(17.806376214269,-17.97553075858,
    13.663117223783));
#4477 = CARTESIAN_POINT('',(17.797634710168,-17.9721995873,
    13.683970767158));
#4478 = CARTESIAN_POINT('',(17.788480612824,-17.96906168366,
    13.704770440857));
#4479 = CARTESIAN_POINT('',(17.778913613222,-17.96612245555,
    13.725499990219));
#4480 = CARTESIAN_POINT('',(17.748563358658,-17.95780324482,
    13.788281342349));
#4481 = CARTESIAN_POINT('',(17.726472264172,-17.9530680857,
    13.830063168004));
#4482 = CARTESIAN_POINT('',(17.702673964718,-17.94922664054,
    13.871333524385));
#4483 = CARTESIAN_POINT('',(17.67720264384,-17.94631608448,
    13.911935200309));
#4484 = CARTESIAN_POINT('',(17.650117315193,-17.94436346392,
    13.951710977371));
#4485 = CARTESIAN_POINT('',(17.62150517494,-17.94338338604,
    13.99050657456));
#4486 = CARTESIAN_POINT('',(17.561467028545,-17.94336803121,
    14.065837731354));
#4487 = CARTESIAN_POINT('',(17.530034234868,-17.9443326036,
    14.102382250731));
#4488 = CARTESIAN_POINT('',(17.497304591585,-17.94626971897,
    14.137658211572));
#4489 = CARTESIAN_POINT('',(17.463408929751,-17.94916491656,
    14.171546047051));
#4490 = CARTESIAN_POINT('',(17.428487284277,-17.95299128188,
    14.203952970631));
#4491 = CARTESIAN_POINT('',(17.392685285206,-17.95771174719,
    14.234810383746));
#4492 = CARTESIAN_POINT('',(17.337749918335,-17.96608653002,
    14.278808464168));
#4493 = CARTESIAN_POINT('',(17.319162008547,-17.96910732244,
    14.293141688147));
#4494 = CARTESIAN_POINT('',(17.300404757407,-17.97233809715,
    14.307065914953));
#4495 = CARTESIAN_POINT('',(17.281495454204,-17.97577297636,
    14.320577552866));
#4496 = CARTESIAN_POINT('',(17.262450739723,-17.97940587658,
    14.333674458921));
#4497 = CARTESIAN_POINT('',(17.243286606246,-17.98323050864,
    14.346355938912));
#4498 = CARTESIAN_POINT('',(17.187804971613,-17.99477668262,
    14.381677467587));
#4499 = CARTESIAN_POINT('',(17.151224488072,-18.00296734982,
    14.403266555996));
#4500 = CARTESIAN_POINT('',(17.114376332233,-18.01177024892,
    14.423395138374));
#4501 = CARTESIAN_POINT('',(17.077349768652,-18.02114299098,
    14.442081840273));
#4502 = CARTESIAN_POINT('',(17.040223487779,-18.03104420807,
    14.4593554316));
#4503 = CARTESIAN_POINT('',(17.003065152613,-18.04143483282,
    14.47525147119));
#4504 = CARTESIAN_POINT('',(16.832437130061,-18.09126444914,
    14.54214165787));
#4505 = CARTESIAN_POINT('',(16.69963482324,-18.13600420293,
    14.577028731786));
#4506 = CARTESIAN_POINT('',(16.569462085374,-18.18498378676,
    14.596726942454));
#4507 = CARTESIAN_POINT('',(16.44322560778,-18.23707209556,
    14.60310475625));
#4508 = CARTESIAN_POINT('',(16.321656148583,-18.29140434752,
    14.597891901926));
#4509 = CARTESIAN_POINT('',(16.20499475654,-18.3474406478,
    14.582434902625));
#4510 = CARTESIAN_POINT('',(16.093124141416,-18.40496635575,
    14.5575794717));
#4511 = ORIENTED_EDGE('',*,*,#4512,.T.);
#4512 = EDGE_CURVE('',#4458,#4513,#4515,.T.);
#4513 = VERTEX_POINT('',#4514);
#4514 = CARTESIAN_POINT('',(17.773647574988,-18.40496635575,
    12.450269739487));
#4515 = B_SPLINE_CURVE_WITH_KNOTS('',5,(#4516,#4517,#4518,#4519,#4520,
    #4521),.UNSPECIFIED.,.F.,.F.,(6,6),(0.,1.),
  .PIECEWISE_BEZIER_KNOTS.);
#4516 = CARTESIAN_POINT('',(17.890269458087,-18.23205080756,
    12.803837655837));
#4517 = CARTESIAN_POINT('',(17.875218804154,-18.26483241902,
    12.727306936139));
#4518 = CARTESIAN_POINT('',(17.855566677917,-18.29871548532,
    12.653648507576));
#4519 = CARTESIAN_POINT('',(17.831833506858,-18.33347071954,
    12.582918517693));
#4520 = CARTESIAN_POINT('',(17.804423858382,-18.36892771143,
    12.51513219325));
#4521 = CARTESIAN_POINT('',(17.773647574988,-18.40496635575,
    12.450269739487));
#4522 = ORIENTED_EDGE('',*,*,#4523,.T.);
#4523 = EDGE_CURVE('',#4513,#4355,#4524,.T.);
#4524 = ( BOUNDED_CURVE() B_SPLINE_CURVE(2,(#4525,#4526,#4527,#4528),
.UNSPECIFIED.,.F.,.F.) B_SPLINE_CURVE_WITH_KNOTS((3,1,3),(
-2.999333580064,5.767949192431,6.120947683008),.UNSPECIFIED.) CURVE() 
GEOMETRIC_REPRESENTATION_ITEM() RATIONAL_B_SPLINE_CURVE((1.056651799772,
1.056651799772,1.056651799772,1.056651799772)) REPRESENTATION_ITEM('') 
  );
#4525 = CARTESIAN_POINT('',(17.773647574988,-15.2327172275,
    12.450269739487));
#4526 = CARTESIAN_POINT('',(17.773647574988,-19.61635861375,
    12.450269739487));
#4527 = CARTESIAN_POINT('',(17.773647574988,-24.17649924528,
    12.450269739487));
#4528 = CARTESIAN_POINT('',(17.773647574988,-24.35299849057,
    12.450269739487));
#4529 = ORIENTED_EDGE('',*,*,#4376,.F.);
#4530 = ORIENTED_EDGE('',*,*,#86,.F.);
#4531 = ORIENTED_EDGE('',*,*,#4416,.T.);
#4532 = ORIENTED_EDGE('',*,*,#4533,.T.);
#4533 = EDGE_CURVE('',#4417,#4534,#4536,.T.);
#4534 = VERTEX_POINT('',#4535);
#4535 = CARTESIAN_POINT('',(17.721240340961,-4.,12.349803268793));
#4536 = CIRCLE('',#4537,1.5);
#4537 = AXIS2_PLACEMENT_3D('',#4538,#4539,#4540);
#4538 = CARTESIAN_POINT('',(16.418461131829,-4.,13.093285839033));
#4539 = DIRECTION('',(0.,-1.,-2.22044604925E-16));
#4540 = DIRECTION('',(0.623489801859,1.736014626426E-16,-0.781831482468)
  );
#4541 = ORIENTED_EDGE('',*,*,#4542,.T.);
#4542 = EDGE_CURVE('',#4534,#4543,#4545,.T.);
#4543 = VERTEX_POINT('',#4544);
#4544 = CARTESIAN_POINT('',(17.773647574988,-4.100501485124,
    12.450269739487));
#4545 = B_SPLINE_CURVE_WITH_KNOTS('',6,(#4546,#4547,#4548,#4549,#4550,
    #4551,#4552),.UNSPECIFIED.,.F.,.F.,(7,7),(0.,1.),
  .PIECEWISE_BEZIER_KNOTS.);
#4546 = CARTESIAN_POINT('',(17.721240340961,-4.,12.349803268793));
#4547 = CARTESIAN_POINT('',(17.758990863412,-4.06879225341,
    12.415952224734));
#4548 = CARTESIAN_POINT('',(17.793436707474,-4.136975360483,
    12.485673923093));
#4549 = CARTESIAN_POINT('',(17.824285802661,-4.204431968223,
    12.55912665374));
#4550 = CARTESIAN_POINT('',(17.851114244983,-4.270962133273,
    12.636492848019));
#4551 = CARTESIAN_POINT('',(17.873380826536,-4.336286712138,
    12.717961046551));
#4552 = CARTESIAN_POINT('',(17.890269458087,-4.4,12.803837655837));
#4553 = ORIENTED_EDGE('',*,*,#4554,.T.);
#4554 = EDGE_CURVE('',#4543,#4555,#4557,.T.);
#4555 = VERTEX_POINT('',#4556);
#4556 = CARTESIAN_POINT('',(17.773647574988,-9.595033644246,
    12.450269739487));
#4557 = ( BOUNDED_CURVE() B_SPLINE_CURVE(2,(#4558,#4559,#4560,#4561),
.UNSPECIFIED.,.F.,.F.) B_SPLINE_CURVE_WITH_KNOTS((3,1,3),(
    -0.352998490577,6.157075717328E-14,8.767282772495),.UNSPECIFIED.) 
CURVE() GEOMETRIC_REPRESENTATION_ITEM() RATIONAL_B_SPLINE_CURVE((
    1.056651799772,1.056651799772,1.056651799772,1.056651799772)) 
REPRESENTATION_ITEM('') );
#4558 = CARTESIAN_POINT('',(17.773647574988,-3.647001509423,
    12.450269739487));
#4559 = CARTESIAN_POINT('',(17.773647574988,-3.823500754712,
    12.450269739487));
#4560 = CARTESIAN_POINT('',(17.773647574988,-8.383641386248,
    12.450269739487));
#4561 = CARTESIAN_POINT('',(17.773647574988,-12.76728277249,
    12.450269739487));
#4562 = ORIENTED_EDGE('',*,*,#4563,.F.);
#4563 = EDGE_CURVE('',#4564,#4555,#4566,.T.);
#4564 = VERTEX_POINT('',#4565);
#4565 = CARTESIAN_POINT('',(17.890269458087,-9.767949192431,
    12.803837655837));
#4566 = B_SPLINE_CURVE_WITH_KNOTS('',5,(#4567,#4568,#4569,#4570,#4571,
    #4572),.UNSPECIFIED.,.F.,.F.,(6,6),(0.,1.),
  .PIECEWISE_BEZIER_KNOTS.);
#4567 = CARTESIAN_POINT('',(17.890269458087,-9.767949192431,
    12.803837655837));
#4568 = CARTESIAN_POINT('',(17.875218933357,-9.735167862391,
    12.727307593121));
#4569 = CARTESIAN_POINT('',(17.855566939783,-9.701284861084,
    12.653649180689));
#4570 = CARTESIAN_POINT('',(17.831833462809,-9.66652913878,
    12.582918154331));
#4571 = CARTESIAN_POINT('',(17.804423291767,-9.631071625064,
    12.515130999083));
#4572 = CARTESIAN_POINT('',(17.773647574988,-9.595033644246,
    12.450269739487));
#4573 = ORIENTED_EDGE('',*,*,#4574,.T.);
#4574 = EDGE_CURVE('',#4564,#4575,#4577,.T.);
#4575 = VERTEX_POINT('',#4576);
#4576 = CARTESIAN_POINT('',(16.463778182264,-9.767949192431,
    14.592601137741));
#4577 = B_SPLINE_CURVE_WITH_KNOTS('',7,(#4578,#4579,#4580,#4581,#4582,
    #4583,#4584,#4585,#4586,#4587,#4588,#4589,#4590,#4591,#4592,#4593,
    #4594,#4595,#4596,#4597,#4598,#4599,#4600,#4601,#4602,#4603,#4604,
    #4605,#4606,#4607,#4608,#4609,#4610,#4611,#4612,#4613,#4614,#4615,
    #4616,#4617,#4618,#4619,#4620,#4621,#4622,#4623,#4624,#4625,#4626,
    #4627),.UNSPECIFIED.,.F.,.F.,(8,6,6,6,6,6,6,6,8),(0.,0.2917736759,
    0.37258094973,0.414439938036,0.499890492638,0.585334514129,
    0.628368186824,0.709247356438,1.),.UNSPECIFIED.);
#4578 = CARTESIAN_POINT('',(17.773647574988,-9.595033644246,
    12.450269739487));
#4579 = CARTESIAN_POINT('',(17.822945552007,-9.652760960978,
    12.554167527082));
#4580 = CARTESIAN_POINT('',(17.864088757198,-9.70898702927,
    12.664872308072));
#4581 = CARTESIAN_POINT('',(17.896272453721,-9.763496744192,
    12.782692275678));
#4582 = CARTESIAN_POINT('',(17.918113898223,-9.815743946012,
    12.907693552137));
#4583 = CARTESIAN_POINT('',(17.927740143212,-9.864851912397,
    13.039542279324));
#4584 = CARTESIAN_POINT('',(17.923012544105,-9.909673521406,
    13.17736333823));
#4585 = CARTESIAN_POINT('',(17.895246750821,-9.95947258478,
    13.359171806132));
#4586 = CARTESIAN_POINT('',(17.887924268257,-9.969817899551,
    13.398921217846));
#4587 = CARTESIAN_POINT('',(17.879250976665,-9.979672313007,
    13.438941978783));
#4588 = CARTESIAN_POINT('',(17.869177439478,-9.988996735091,
    13.479175607121));
#4589 = CARTESIAN_POINT('',(17.857658488554,-9.997749815551,
    13.519551353592));
#4590 = CARTESIAN_POINT('',(17.844656614566,-10.00588923486,
    13.559985909541));
#4591 = CARTESIAN_POINT('',(17.822628378846,-10.01724965898,
    13.621309277576));
#4592 = CARTESIAN_POINT('',(17.814706574151,-10.02095039667,
    13.642225211579));
#4593 = CARTESIAN_POINT('',(17.806376214269,-10.02446924141,
    13.663117223783));
#4594 = CARTESIAN_POINT('',(17.797634710168,-10.0278004127,
    13.683970767158));
#4595 = CARTESIAN_POINT('',(17.788480612824,-10.03093831633,
    13.704770440856));
#4596 = CARTESIAN_POINT('',(17.778913613222,-10.03387754444,
    13.725499990219));
#4597 = CARTESIAN_POINT('',(17.748563358658,-10.04219675517,
    13.788281342349));
#4598 = CARTESIAN_POINT('',(17.726472264172,-10.04693191429,
    13.830063168004));
#4599 = CARTESIAN_POINT('',(17.702673964718,-10.05077335945,
    13.871333524385));
#4600 = CARTESIAN_POINT('',(17.67720264384,-10.05368391551,
    13.911935200309));
#4601 = CARTESIAN_POINT('',(17.650117315193,-10.05563653607,
    13.951710977371));
#4602 = CARTESIAN_POINT('',(17.62150517494,-10.05661661395,
    13.99050657456));
#4603 = CARTESIAN_POINT('',(17.561467028545,-10.05663196878,
    14.065837731354));
#4604 = CARTESIAN_POINT('',(17.530034234868,-10.05566739639,
    14.102382250731));
#4605 = CARTESIAN_POINT('',(17.497304591585,-10.05373028102,
    14.137658211572));
#4606 = CARTESIAN_POINT('',(17.463408929751,-10.05083508343,
    14.171546047051));
#4607 = CARTESIAN_POINT('',(17.428487284277,-10.04700871811,
    14.203952970631));
#4608 = CARTESIAN_POINT('',(17.392685285206,-10.0422882528,
    14.234810383746));
#4609 = CARTESIAN_POINT('',(17.337749918336,-10.03391346997,
    14.278808464168));
#4610 = CARTESIAN_POINT('',(17.319162008547,-10.03089267755,
    14.293141688147));
#4611 = CARTESIAN_POINT('',(17.300404757407,-10.02766190284,
    14.307065914953));
#4612 = CARTESIAN_POINT('',(17.281495454204,-10.02422702363,
    14.320577552866));
#4613 = CARTESIAN_POINT('',(17.262450739723,-10.02059412341,
    14.333674458921));
#4614 = CARTESIAN_POINT('',(17.243286606246,-10.01676949135,
    14.346355938912));
#4615 = CARTESIAN_POINT('',(17.187804971613,-10.00522331737,
    14.381677467587));
#4616 = CARTESIAN_POINT('',(17.151224488072,-9.997032650177,
    14.403266555996));
#4617 = CARTESIAN_POINT('',(17.114376332233,-9.988229751075,
    14.423395138374));
#4618 = CARTESIAN_POINT('',(17.077349768652,-9.978857009014,
    14.442081840273));
#4619 = CARTESIAN_POINT('',(17.040223487779,-9.968955791926,
    14.4593554316));
#4620 = CARTESIAN_POINT('',(17.003065152613,-9.958565167175,
    14.47525147119));
#4621 = CARTESIAN_POINT('',(16.832437130062,-9.908735550855,
    14.54214165787));
#4622 = CARTESIAN_POINT('',(16.699634823239,-9.863995797067,
    14.577028731787));
#4623 = CARTESIAN_POINT('',(16.569462085375,-9.815016213236,
    14.596726942454));
#4624 = CARTESIAN_POINT('',(16.443225607778,-9.762927904433,
    14.60310475625));
#4625 = CARTESIAN_POINT('',(16.321656148583,-9.708595652471,
    14.597891901926));
#4626 = CARTESIAN_POINT('',(16.20499475654,-9.652559352193,
    14.582434902625));
#4627 = CARTESIAN_POINT('',(16.093124141416,-9.595033644246,
    14.5575794717));
#4628 = ORIENTED_EDGE('',*,*,#4629,.T.);
#4629 = EDGE_CURVE('',#4575,#4630,#4632,.T.);
#4630 = VERTEX_POINT('',#4631);
#4631 = CARTESIAN_POINT('',(16.093124141416,-9.595033644246,
    14.5575794717));
#4632 = B_SPLINE_CURVE_WITH_KNOTS('',5,(#4633,#4634,#4635,#4636,#4637,
    #4638),.UNSPECIFIED.,.F.,.F.,(6,6),(0.,1.),
  .PIECEWISE_BEZIER_KNOTS.);
#4633 = CARTESIAN_POINT('',(16.463778182264,-9.767949192431,
    14.592601137741));
#4634 = CARTESIAN_POINT('',(16.385817161921,-9.735167580976,
    14.594957522348));
#4635 = CARTESIAN_POINT('',(16.309632494463,-9.70128451468,
    14.592188658264));
#4636 = CARTESIAN_POINT('',(16.235394725708,-9.666529280453,
    14.584789430762));
#4637 = CARTESIAN_POINT('',(16.163208725366,-9.631072288562,
    14.573150875624));
#4638 = CARTESIAN_POINT('',(16.093124141416,-9.595033644246,
    14.5575794717));
#4639 = ORIENTED_EDGE('',*,*,#4640,.F.);
#4640 = EDGE_CURVE('',#4641,#4630,#4643,.T.);
#4641 = VERTEX_POINT('',#4642);
#4642 = CARTESIAN_POINT('',(16.093124141416,-4.100501485124,
    14.5575794717));
#4643 = ( BOUNDED_CURVE() B_SPLINE_CURVE(2,(#4644,#4645,#4646,#4647),
.UNSPECIFIED.,.F.,.F.) B_SPLINE_CURVE_WITH_KNOTS((3,1,3),(
    -0.352998490577,6.168843056153E-14,8.767282772495),.UNSPECIFIED.) 
CURVE() GEOMETRIC_REPRESENTATION_ITEM() RATIONAL_B_SPLINE_CURVE((
    1.056651799772,1.056651799772,1.056651799772,1.056651799772)) 
REPRESENTATION_ITEM('') );
#4644 = CARTESIAN_POINT('',(16.093124141416,-3.647001509423,
    14.5575794717));
#4645 = CARTESIAN_POINT('',(16.093124141416,-3.823500754712,
    14.5575794717));
#4646 = CARTESIAN_POINT('',(16.093124141416,-8.383641386248,
    14.5575794717));
#4647 = CARTESIAN_POINT('',(16.093124141416,-12.76728277249,
    14.5575794717));
#4648 = ORIENTED_EDGE('',*,*,#4649,.T.);
#4649 = EDGE_CURVE('',#4641,#4650,#4652,.T.);
#4650 = VERTEX_POINT('',#4651);
#4651 = CARTESIAN_POINT('',(15.983514868235,-4.,14.528842089337));
#4652 = B_SPLINE_CURVE_WITH_KNOTS('',6,(#4653,#4654,#4655,#4656,#4657,
    #4658,#4659),.UNSPECIFIED.,.F.,.F.,(7,7),(0.,1.),
  .PIECEWISE_BEZIER_KNOTS.);
#4653 = CARTESIAN_POINT('',(16.463778182264,-4.4,14.592601137741));
#4654 = CARTESIAN_POINT('',(16.376296479595,-4.336286620949,
    14.595245286531));
#4655 = CARTESIAN_POINT('',(16.291915961325,-4.270961945766,
    14.591665340285));
#4656 = CARTESIAN_POINT('',(16.210519499434,-4.204431680731,
    14.582725112541));
#4657 = CARTESIAN_POINT('',(16.132043710498,-4.136974970364,
    14.568994198045));
#4658 = CARTESIAN_POINT('',(16.056405064604,-4.06879175888,
    14.550926468929));
#4659 = CARTESIAN_POINT('',(15.983514232489,-3.9999994,14.528841896718)
  );
#4660 = ORIENTED_EDGE('',*,*,#4661,.T.);
#4661 = EDGE_CURVE('',#4650,#4417,#4662,.T.);
#4662 = CIRCLE('',#4663,1.5);
#4663 = AXIS2_PLACEMENT_3D('',#4664,#4665,#4666);
#4664 = CARTESIAN_POINT('',(16.418461131829,-4.,13.093285839033));
#4665 = DIRECTION('',(0.,-1.,-2.22044604925E-16));
#4666 = DIRECTION('',(0.623489801859,1.736014626426E-16,-0.781831482468)
  );
#4667 = CYLINDRICAL_SURFACE('',#4668,1.5);
#4668 = AXIS2_PLACEMENT_3D('',#4669,#4670,#4671);
#4669 = CARTESIAN_POINT('',(16.418461131829,-24.,13.093285839033));
#4670 = DIRECTION('',(0.,-1.,-2.22044604925E-16));
#4671 = DIRECTION('',(0.623489801859,1.736014626426E-16,-0.781831482468)
  );
#4672 = ADVANCED_FACE('',(#4673),#4740,.T.);
#4673 = FACE_BOUND('',#4674,.T.);
#4674 = EDGE_LOOP('',(#4675,#4686,#4708,#4718,#4719,#4720));
#4675 = ORIENTED_EDGE('',*,*,#4676,.T.);
#4676 = EDGE_CURVE('',#4677,#4679,#4681,.T.);
#4677 = VERTEX_POINT('',#4678);
#4678 = CARTESIAN_POINT('',(16.196991251037,-23.6,14.888165582564));
#4679 = VERTEX_POINT('',#4680);
#4680 = CARTESIAN_POINT('',(10.910718567164,-23.6,19.103827374329));
#4681 = CIRCLE('',#4682,22.);
#4682 = AXIS2_PLACEMENT_3D('',#4683,#4684,#4685);
#4683 = CARTESIAN_POINT('',(1.33226762955E-16,-23.6,-1.33226762955E-16)
  );
#4684 = DIRECTION('',(-3.330669073875E-16,-1.,3.330669073875E-16));
#4685 = DIRECTION('',(-3.3104832007E-16,3.330669073875E-16,1.));
#4686 = ORIENTED_EDGE('',*,*,#4687,.T.);
#4687 = EDGE_CURVE('',#4679,#4688,#4690,.T.);
#4688 = VERTEX_POINT('',#4689);
#4689 = CARTESIAN_POINT('',(10.611533546543,-23.89949851487,
    18.929002099859));
#4690 = B_SPLINE_CURVE_WITH_KNOTS('',6,(#4691,#4692,#4693,#4694,#4695,
    #4696,#4697,#4698,#4699,#4700,#4701,#4702,#4703,#4704,#4705,#4706,
    #4707),.UNSPECIFIED.,.F.,.F.,(7,5,5,7),(0.,0.316956862185,
    0.754284110157,1.),.UNSPECIFIED.);
#4691 = CARTESIAN_POINT('',(10.910718525217,-23.6,19.103827398285));
#4692 = CARTESIAN_POINT('',(10.891441587391,-23.59999999998,
    19.114836984963));
#4693 = CARTESIAN_POINT('',(10.8706974699,-23.60292998126,
    19.123279393909));
#4694 = CARTESIAN_POINT('',(10.848917751546,-23.60879053781,
    19.128907429085));
#4695 = CARTESIAN_POINT('',(10.826591600865,-23.6174714202,
    19.131573304919));
#4696 = CARTESIAN_POINT('',(10.804223736367,-23.62875558593,
    19.131247661706));
#4697 = CARTESIAN_POINT('',(10.752049630292,-23.66109047173,
    19.123539515736));
#4698 = CARTESIAN_POINT('',(10.722644328403,-23.68422275632,
    19.113524165718));
#4699 = CARTESIAN_POINT('',(10.695355830245,-23.71095374068,
    19.098167247468));
#4700 = CARTESIAN_POINT('',(10.671382633865,-23.74019722754,
    19.078065910671));
#4701 = CARTESIAN_POINT('',(10.651667234582,-23.77069595712,
    19.05414653354));
#4702 = CARTESIAN_POINT('',(10.628484962783,-23.81832034119,
    19.012545230854));
#4703 = CARTESIAN_POINT('',(10.621683761675,-23.83545018305,
    18.996722497503));
#4704 = CARTESIAN_POINT('',(10.616530194051,-23.85235355992,
    18.980238179953));
#4705 = CARTESIAN_POINT('',(10.613100444291,-23.86880501025,
    18.963306650476));
#4706 = CARTESIAN_POINT('',(10.611434577004,-23.88458687614,
    18.946152515679));
#4707 = CARTESIAN_POINT('',(10.611533546543,-23.89949851487,
    18.929002099859));
#4708 = ORIENTED_EDGE('',*,*,#4709,.F.);
#4709 = EDGE_CURVE('',#60,#4688,#4710,.T.);
#4710 = B_SPLINE_CURVE_WITH_KNOTS('',6,(#4711,#4712,#4713,#4714,#4715,
    #4716,#4717),.UNSPECIFIED.,.F.,.F.,(7,7),(0.,1.),
  .PIECEWISE_BEZIER_KNOTS.);
#4711 = CARTESIAN_POINT('',(10.607907028193,-24.,18.815746290839));
#4712 = CARTESIAN_POINT('',(10.613218117325,-23.93120774659,
    18.891723778621));
#4713 = CARTESIAN_POINT('',(10.614001639272,-23.86302463951,
    18.969486349878));
#4714 = CARTESIAN_POINT('',(10.609925768217,-23.79556803177,
    19.049049894221));
#4715 = CARTESIAN_POINT('',(10.600529425868,-23.72903786672,
    19.130394851565));
#4716 = CARTESIAN_POINT('',(10.585243196044,-23.66371328786,
    19.213456269828));
#4717 = CARTESIAN_POINT('',(10.563198862953,-23.6,19.298156123881));
#4718 = ORIENTED_EDGE('',*,*,#68,.F.);
#4719 = ORIENTED_EDGE('',*,*,#4425,.F.);
#4720 = ORIENTED_EDGE('',*,*,#4721,.F.);
#4721 = EDGE_CURVE('',#4677,#4426,#4722,.T.);
#4722 = B_SPLINE_CURVE_WITH_KNOTS('',6,(#4723,#4724,#4725,#4726,#4727,
    #4728,#4729,#4730,#4731,#4732,#4733,#4734,#4735,#4736,#4737,#4738,
    #4739),.UNSPECIFIED.,.F.,.F.,(7,5,5,7),(0.,0.31695685085,
    0.754284106074,1.),.UNSPECIFIED.);
#4723 = CARTESIAN_POINT('',(16.196991250969,-23.6,14.888165582637));
#4724 = CARTESIAN_POINT('',(16.212014325831,-23.6,14.871821822162));
#4725 = CARTESIAN_POINT('',(16.22486161215,-23.60292968256,
    14.853476322213));
#4726 = CARTESIAN_POINT('',(16.235193649085,-23.60879107585,
    14.833495073401));
#4727 = CARTESIAN_POINT('',(16.242761979404,-23.61747112047,
    14.812321933882));
#4728 = CARTESIAN_POINT('',(16.247421383861,-23.62875558664,
    14.790442386321));
#4729 = CARTESIAN_POINT('',(16.251516327926,-23.66109047172,
    14.737861171332));
#4730 = CARTESIAN_POINT('',(16.248295378883,-23.68422275632,
    14.706964496714));
#4731 = CARTESIAN_POINT('',(16.239395752734,-23.71095374068,
    14.676942942386));
#4732 = CARTESIAN_POINT('',(16.225132936467,-23.74019722754,
    14.649097835853));
#4733 = CARTESIAN_POINT('',(16.206200357122,-23.77069595712,
    14.624554180653));
#4734 = CARTESIAN_POINT('',(16.170800626722,-23.81832034119,
    14.59269597608));
#4735 = CARTESIAN_POINT('',(16.156888011953,-23.83545018305,
    14.582544405879));
#4736 = CARTESIAN_POINT('',(16.141963767341,-23.85235355992,
    14.573851943218));
#4737 = CARTESIAN_POINT('',(16.126219937777,-23.86880501025,
    14.566740564693));
#4738 = CARTESIAN_POINT('',(16.109866583299,-23.88458687614,
    14.56129931008));
#4739 = CARTESIAN_POINT('',(16.093124141416,-23.89949851487,
    14.5575794717));
#4740 = CONICAL_SURFACE('',#4741,22.,0.785398163397);
#4741 = AXIS2_PLACEMENT_3D('',#4742,#4743,#4744);
#4742 = CARTESIAN_POINT('',(1.33226762955E-16,-23.6,-1.33226762955E-16)
  );
#4743 = DIRECTION('',(3.330669073875E-16,1.,-3.330669073875E-16));
#4744 = DIRECTION('',(-3.3104832007E-16,3.330669073875E-16,1.));
#4745 = ADVANCED_FACE('',(#4746),#5000,.F.);
#4746 = FACE_BOUND('',#4747,.F.);
#4747 = EDGE_LOOP('',(#4748,#4756,#4757,#4769,#4778,#4789,#4844,#4855,
    #4862,#4863,#4864,#4865,#4874,#4886,#4895,#4906,#4961,#4972,#4981,
    #4993));
#4748 = ORIENTED_EDGE('',*,*,#4749,.F.);
#4749 = EDGE_CURVE('',#51,#4750,#4752,.T.);
#4750 = VERTEX_POINT('',#4751);
#4751 = CARTESIAN_POINT('',(10.463011823322,-4.,18.269520617274));
#4752 = LINE('',#4753,#4754);
#4753 = CARTESIAN_POINT('',(10.463011823322,-24.,18.269520617274));
#4754 = VECTOR('',#4755,1.);
#4755 = DIRECTION('',(0.,1.,2.22044604925E-16));
#4756 = ORIENTED_EDGE('',*,*,#50,.F.);
#4757 = ORIENTED_EDGE('',*,*,#4758,.F.);
#4758 = EDGE_CURVE('',#4759,#42,#4761,.T.);
#4759 = VERTEX_POINT('',#4760);
#4760 = CARTESIAN_POINT('',(8.183106825022,-23.89949851487,
    20.098470772578));
#4761 = B_SPLINE_CURVE_WITH_KNOTS('',6,(#4762,#4763,#4764,#4765,#4766,
    #4767,#4768),.UNSPECIFIED.,.F.,.F.,(7,7),(0.,1.),
  .PIECEWISE_BEZIER_KNOTS.);
#4762 = CARTESIAN_POINT('',(8.501859245176,-23.6,20.290844964545));
#4763 = CARTESIAN_POINT('',(8.421893701397,-23.66371337905,
    20.255270372028));
#4764 = CARTESIAN_POINT('',(8.347422761842,-23.72903805423,
    20.215433617136));
#4765 = CARTESIAN_POINT('',(8.277966103162,-23.79556831926,
    20.172062149031));
#4766 = CARTESIAN_POINT('',(8.21321948097,-23.86302502963,
    20.125641653808));
#4767 = CARTESIAN_POINT('',(8.152910709675,-23.93120824112,
    20.076544813859));
#4768 = CARTESIAN_POINT('',(8.096820475952,-24.0000006,20.02502115505));
#4769 = ORIENTED_EDGE('',*,*,#4770,.F.);
#4770 = EDGE_CURVE('',#4771,#4759,#4773,.T.);
#4771 = VERTEX_POINT('',#4772);
#4772 = CARTESIAN_POINT('',(8.183106825022,-18.40496635575,
    20.098470772578));
#4773 = ( BOUNDED_CURVE() B_SPLINE_CURVE(2,(#4774,#4775,#4776,#4777),
.UNSPECIFIED.,.F.,.F.) B_SPLINE_CURVE_WITH_KNOTS((3,1,3),(
-2.999333580064,5.767949192431,6.120947683008),.UNSPECIFIED.) CURVE() 
GEOMETRIC_REPRESENTATION_ITEM() RATIONAL_B_SPLINE_CURVE((1.056651799772,
1.056651799772,1.056651799772,1.056651799772)) REPRESENTATION_ITEM('') 
  );
#4774 = CARTESIAN_POINT('',(8.183106825022,-15.2327172275,
    20.098470772578));
#4775 = CARTESIAN_POINT('',(8.183106825022,-19.61635861375,
    20.098470772578));
#4776 = CARTESIAN_POINT('',(8.183106825022,-24.17649924528,
    20.098470772578));
#4777 = CARTESIAN_POINT('',(8.183106825022,-24.35299849057,
    20.098470772578));
#4778 = ORIENTED_EDGE('',*,*,#4779,.F.);
#4779 = EDGE_CURVE('',#4780,#4771,#4782,.T.);
#4780 = VERTEX_POINT('',#4781);
#4781 = CARTESIAN_POINT('',(8.501859245177,-18.23205080756,
    20.290844964545));
#4782 = B_SPLINE_CURVE_WITH_KNOTS('',5,(#4783,#4784,#4785,#4786,#4787,
    #4788),.UNSPECIFIED.,.F.,.F.,(6,6),(0.,1.),
  .PIECEWISE_BEZIER_KNOTS.);
#4783 = CARTESIAN_POINT('',(8.501859245176,-18.23205080756,
    20.290844964545));
#4784 = CARTESIAN_POINT('',(8.430597007733,-18.2648321376,
    20.259142246861));
#4785 = CARTESIAN_POINT('',(8.363158345451,-18.29871513891,
    20.223592431068));
#4786 = CARTESIAN_POINT('',(8.299481889059,-18.33347086122,
    20.184714867868));
#4787 = CARTESIAN_POINT('',(8.239493636181,-18.36892837493,
    20.142907865946));
#4788 = CARTESIAN_POINT('',(8.183106825022,-18.40496635575,
    20.098470772578));
#4789 = ORIENTED_EDGE('',*,*,#4790,.F.);
#4790 = EDGE_CURVE('',#4791,#4780,#4793,.T.);
#4791 = VERTEX_POINT('',#4792);
#4792 = CARTESIAN_POINT('',(10.563198862953,-18.23205080756,
    19.298156123881));
#4793 = B_SPLINE_CURVE_WITH_KNOTS('',7,(#4794,#4795,#4796,#4797,#4798,
    #4799,#4800,#4801,#4802,#4803,#4804,#4805,#4806,#4807,#4808,#4809,
    #4810,#4811,#4812,#4813,#4814,#4815,#4816,#4817,#4818,#4819,#4820,
    #4821,#4822,#4823,#4824,#4825,#4826,#4827,#4828,#4829,#4830,#4831,
    #4832,#4833,#4834,#4835,#4836,#4837,#4838,#4839,#4840,#4841,#4842,
    #4843),.UNSPECIFIED.,.F.,.F.,(8,6,6,6,6,6,6,6,8),(0.,0.2917736759,
    0.37258094973,0.414439938035,0.499890492637,0.585334514129,
    0.628368186823,0.709247356437,1.),.UNSPECIFIED.);
#4794 = CARTESIAN_POINT('',(10.611533546543,-18.40496635575,
    18.929002099859));
#4795 = CARTESIAN_POINT('',(10.61086992852,-18.34723903902,
    19.044000362526));
#4796 = CARTESIAN_POINT('',(10.599905671208,-18.29101297073,
    19.161593291434));
#4797 = CARTESIAN_POINT('',(10.577782011742,-18.2365032558,
    19.281709396849));
#4798 = CARTESIAN_POINT('',(10.543224452044,-18.18425605398,
    19.403808302997));
#4799 = CARTESIAN_POINT('',(10.494690380344,-18.1351480876,
    19.526776572632));
#4800 = CARTESIAN_POINT('',(10.430632644361,-18.09032647859,
    19.648897827671));
#4801 = CARTESIAN_POINT('',(10.326732791164,-18.04052741522,
    19.800654470962));
#4802 = CARTESIAN_POINT('',(10.302888838955,-18.03018210044,
    19.83329034732));
#4803 = CARTESIAN_POINT('',(10.277710115851,-18.02032768699,
    19.865584606807));
#4804 = CARTESIAN_POINT('',(10.251177455354,-18.0110032649,
    19.897463109402));
#4805 = CARTESIAN_POINT('',(10.223280859332,-18.00225018444,
    19.928842514493));
#4806 = CARTESIAN_POINT('',(10.19402267932,-17.99411076513,
    19.959631488889));
#4807 = CARTESIAN_POINT('',(10.147568712503,-17.98275034101,
    20.005324241083));
#4808 = CARTESIAN_POINT('',(10.131356329442,-17.97904960332,
    20.020731704221));
#4809 = CARTESIAN_POINT('',(10.114786230158,-17.97553075858,
    20.035940349111));
#4810 = CARTESIAN_POINT('',(10.097862393732,-17.9721995873,
    20.050935945992));
#4811 = CARTESIAN_POINT('',(10.080590196814,-17.96906168366,
    20.065703990473));
#4812 = CARTESIAN_POINT('',(10.062976413625,-17.96612245555,
    20.080229703535));
#4813 = CARTESIAN_POINT('',(10.008391971321,-17.95780324482,
    20.123625265356));
#4814 = CARTESIAN_POINT('',(9.970360128189,-17.9530680857,
    20.151684422838));
#4815 = CARTESIAN_POINT('',(9.931012064731,-17.94922664054,
    20.178542033953));
#4816 = CARTESIAN_POINT('',(9.890446790631,-17.94631608448,
    20.204071288003));
#4817 = CARTESIAN_POINT('',(9.848785689865,-17.94436346392,
    20.228156141163));
#4818 = CARTESIAN_POINT('',(9.806174263484,-17.94338338604,
    20.250695424045));
#4819 = CARTESIAN_POINT('',(9.719396798713,-17.94336803121,
    20.292516875652));
#4820 = CARTESIAN_POINT('',(9.675220757468,-17.9443326036,
    20.311804171852));
#4821 = CARTESIAN_POINT('',(9.630426702021,-17.94626971897,
    20.329385854347));
#4822 = CARTESIAN_POINT('',(9.585184385183,-17.94916491656,
    20.345210962618));
#4823 = CARTESIAN_POINT('',(9.53966023262,-17.95299128188,
    20.359256657753));
#4824 = CARTESIAN_POINT('',(9.494015216266,-17.95771174719,
    20.371524321089));
#4825 = CARTESIAN_POINT('',(9.425430109321,-17.96608653002,
    20.387329659409));
#4826 = CARTESIAN_POINT('',(9.402464028469,-17.96910732244,
    20.39217845619));
#4827 = CARTESIAN_POINT('',(9.379522833553,-17.97233809715,
    20.396585284791));
#4828 = CARTESIAN_POINT('',(9.356623660075,-17.97577297636,
    20.400554410727));
#4829 = CARTESIAN_POINT('',(9.333782430659,-17.97940587658,
    20.40409112342));
#4830 = CARTESIAN_POINT('',(9.31101385506,-17.98323050864,20.4072017362)
  );
#4831 = CARTESIAN_POINT('',(9.245701192583,-17.99477668262,
    20.414952754817));
#4832 = CARTESIAN_POINT('',(9.203376161336,-18.00296734982,
    20.418532174382));
#4833 = CARTESIAN_POINT('',(9.1614436555,-18.01177024892,20.420679584825
    ));
#4834 = CARTESIAN_POINT('',(9.119976018336,-18.02114299098,
    20.421450497626));
#4835 = CARTESIAN_POINT('',(9.079031664696,-18.03104420807,
    20.420904976084));
#4836 = CARTESIAN_POINT('',(9.038656128434,-18.04143483282,
    20.419104415476));
#4837 = CARTESIAN_POINT('',(8.855903027816,-18.09126444914,
    20.40533766682));
#4838 = CARTESIAN_POINT('',(8.721115349708,-18.13600420293,
    20.379149072864));
#4839 = CARTESIAN_POINT('',(8.59528703214,-18.18498378676,
    20.340416713192));
#4840 = CARTESIAN_POINT('',(8.478784666139,-18.23707209556,
    20.291390969956));
#4841 = CARTESIAN_POINT('',(8.371516140839,-18.29140434752,
    20.233947338978));
#4842 = CARTESIAN_POINT('',(8.273114399175,-18.3474406478,
    20.169403582827));
#4843 = CARTESIAN_POINT('',(8.183106825022,-18.40496635575,
    20.098470772578));
#4844 = ORIENTED_EDGE('',*,*,#4845,.T.);
#4845 = EDGE_CURVE('',#4791,#4846,#4848,.T.);
#4846 = VERTEX_POINT('',#4847);
#4847 = CARTESIAN_POINT('',(10.611533546543,-18.40496635575,
    18.929002099859));
#4848 = B_SPLINE_CURVE_WITH_KNOTS('',5,(#4849,#4850,#4851,#4852,#4853,
    #4854),.UNSPECIFIED.,.F.,.F.,(6,6),(0.,1.),
  .PIECEWISE_BEZIER_KNOTS.);
#4849 = CARTESIAN_POINT('',(10.563198862953,-18.23205080756,
    19.298156123881));
#4850 = CARTESIAN_POINT('',(10.582844127137,-18.26483241902,
    19.222674093991));
#4851 = CARTESIAN_POINT('',(10.597097367612,-18.29871548532,
    19.147783404984));
#4852 = CARTESIAN_POINT('',(10.60640311183,-18.33347071954,
    19.073760449071));
#4853 = CARTESIAN_POINT('',(10.611119255783,-18.36892771143,
    19.00079448031));
#4854 = CARTESIAN_POINT('',(10.611533546543,-18.40496635575,
    18.929002099859));
#4855 = ORIENTED_EDGE('',*,*,#4856,.T.);
#4856 = EDGE_CURVE('',#4846,#4688,#4857,.T.);
#4857 = ( BOUNDED_CURVE() B_SPLINE_CURVE(2,(#4858,#4859,#4860,#4861),
.UNSPECIFIED.,.F.,.F.) B_SPLINE_CURVE_WITH_KNOTS((3,1,3),(
-2.999333580064,5.767949192431,6.120947683008),.UNSPECIFIED.) CURVE() 
GEOMETRIC_REPRESENTATION_ITEM() RATIONAL_B_SPLINE_CURVE((1.056651799772,
1.056651799772,1.056651799772,1.056651799772)) REPRESENTATION_ITEM('') 
  );
#4858 = CARTESIAN_POINT('',(10.611533546543,-15.2327172275,
    18.929002099859));
#4859 = CARTESIAN_POINT('',(10.611533546543,-19.61635861375,
    18.929002099859));
#4860 = CARTESIAN_POINT('',(10.611533546543,-24.17649924528,
    18.929002099859));
#4861 = CARTESIAN_POINT('',(10.611533546543,-24.35299849057,
    18.929002099859));
#4862 = ORIENTED_EDGE('',*,*,#4709,.F.);
#4863 = ORIENTED_EDGE('',*,*,#59,.F.);
#4864 = ORIENTED_EDGE('',*,*,#4749,.T.);
#4865 = ORIENTED_EDGE('',*,*,#4866,.T.);
#4866 = EDGE_CURVE('',#4750,#4867,#4869,.T.);
#4867 = VERTEX_POINT('',#4868);
#4868 = CARTESIAN_POINT('',(10.607907028193,-4.,18.815746290839));
#4869 = CIRCLE('',#4870,1.5);
#4870 = AXIS2_PLACEMENT_3D('',#4871,#4872,#4873);
#4871 = CARTESIAN_POINT('',(9.111558521469,-4.,18.920346225951));
#4872 = DIRECTION('',(0.,-1.,-2.22044604925E-16));
#4873 = DIRECTION('',(0.900968867902,9.634154343575E-17,-0.433883739118)
  );
#4874 = ORIENTED_EDGE('',*,*,#4875,.T.);
#4875 = EDGE_CURVE('',#4867,#4876,#4878,.T.);
#4876 = VERTEX_POINT('',#4877);
#4877 = CARTESIAN_POINT('',(10.611533546543,-4.100501485124,
    18.929002099859));
#4878 = B_SPLINE_CURVE_WITH_KNOTS('',6,(#4879,#4880,#4881,#4882,#4883,
    #4884,#4885),.UNSPECIFIED.,.F.,.F.,(7,7),(0.,1.),
  .PIECEWISE_BEZIER_KNOTS.);
#4879 = CARTESIAN_POINT('',(10.607907028193,-4.,18.815746290839));
#4880 = CARTESIAN_POINT('',(10.613218117325,-4.06879225341,
    18.891723778621));
#4881 = CARTESIAN_POINT('',(10.614001639272,-4.136975360483,
    18.969486349878));
#4882 = CARTESIAN_POINT('',(10.609925768217,-4.204431968223,
    19.049049894221));
#4883 = CARTESIAN_POINT('',(10.600529425869,-4.270962133273,
    19.130394851565));
#4884 = CARTESIAN_POINT('',(10.585243196044,-4.336286712138,
    19.213456269828));
#4885 = CARTESIAN_POINT('',(10.563198862953,-4.4,19.298156123881));
#4886 = ORIENTED_EDGE('',*,*,#4887,.T.);
#4887 = EDGE_CURVE('',#4876,#4888,#4890,.T.);
#4888 = VERTEX_POINT('',#4889);
#4889 = CARTESIAN_POINT('',(10.611533546543,-9.595033644246,
    18.929002099859));
#4890 = ( BOUNDED_CURVE() B_SPLINE_CURVE(2,(#4891,#4892,#4893,#4894),
.UNSPECIFIED.,.F.,.F.) B_SPLINE_CURVE_WITH_KNOTS((3,1,3),(
    -0.352998490577,6.157075717328E-14,8.767282772495),.UNSPECIFIED.) 
CURVE() GEOMETRIC_REPRESENTATION_ITEM() RATIONAL_B_SPLINE_CURVE((
    1.056651799772,1.056651799772,1.056651799772,1.056651799772)) 
REPRESENTATION_ITEM('') );
#4891 = CARTESIAN_POINT('',(10.611533546543,-3.647001509423,
    18.929002099859));
#4892 = CARTESIAN_POINT('',(10.611533546543,-3.823500754712,
    18.929002099859));
#4893 = CARTESIAN_POINT('',(10.611533546543,-8.383641386248,
    18.929002099859));
#4894 = CARTESIAN_POINT('',(10.611533546543,-12.76728277249,
    18.929002099859));
#4895 = ORIENTED_EDGE('',*,*,#4896,.F.);
#4896 = EDGE_CURVE('',#4897,#4888,#4899,.T.);
#4897 = VERTEX_POINT('',#4898);
#4898 = CARTESIAN_POINT('',(10.563198862953,-9.767949192431,
    19.298156123881));
#4899 = B_SPLINE_CURVE_WITH_KNOTS('',5,(#4900,#4901,#4902,#4903,#4904,
    #4905),.UNSPECIFIED.,.F.,.F.,(6,6),(0.,1.),
  .PIECEWISE_BEZIER_KNOTS.);
#4900 = CARTESIAN_POINT('',(10.563198862953,-9.767949192431,
    19.298156123881));
#4901 = CARTESIAN_POINT('',(10.582843958492,-9.735167862391,
    19.22267474197));
#4902 = CARTESIAN_POINT('',(10.597097311492,-9.701284861084,
    19.147784125057));
#4903 = CARTESIAN_POINT('',(10.6064032298,-9.66652913878,19.073760102582
    ));
#4904 = CARTESIAN_POINT('',(10.611119263411,-9.631071625064,
    19.000793158558));
#4905 = CARTESIAN_POINT('',(10.611533546543,-9.595033644246,
    18.929002099859));
#4906 = ORIENTED_EDGE('',*,*,#4907,.T.);
#4907 = EDGE_CURVE('',#4897,#4908,#4910,.T.);
#4908 = VERTEX_POINT('',#4909);
#4909 = CARTESIAN_POINT('',(8.501859245176,-9.767949192431,
    20.290844964545));
#4910 = B_SPLINE_CURVE_WITH_KNOTS('',7,(#4911,#4912,#4913,#4914,#4915,
    #4916,#4917,#4918,#4919,#4920,#4921,#4922,#4923,#4924,#4925,#4926,
    #4927,#4928,#4929,#4930,#4931,#4932,#4933,#4934,#4935,#4936,#4937,
    #4938,#4939,#4940,#4941,#4942,#4943,#4944,#4945,#4946,#4947,#4948,
    #4949,#4950,#4951,#4952,#4953,#4954,#4955,#4956,#4957,#4958,#4959,
    #4960),.UNSPECIFIED.,.F.,.F.,(8,6,6,6,6,6,6,6,8),(0.,0.2917736759,
    0.37258094973,0.414439938036,0.499890492637,0.585334514129,
    0.628368186824,0.709247356438,1.),.UNSPECIFIED.);
#4911 = CARTESIAN_POINT('',(10.611533546543,-9.595033644246,
    18.929002099859));
#4912 = CARTESIAN_POINT('',(10.61086992852,-9.652760960978,
    19.044000362526));
#4913 = CARTESIAN_POINT('',(10.599905671209,-9.70898702927,
    19.161593291433));
#4914 = CARTESIAN_POINT('',(10.577782011741,-9.763496744191,
    19.28170939685));
#4915 = CARTESIAN_POINT('',(10.543224452044,-9.815743946012,
    19.403808302996));
#4916 = CARTESIAN_POINT('',(10.494690380344,-9.864851912397,
    19.526776572633));
#4917 = CARTESIAN_POINT('',(10.430632644362,-9.909673521406,
    19.648897827671));
#4918 = CARTESIAN_POINT('',(10.326732791164,-9.95947258478,
    19.800654470962));
#4919 = CARTESIAN_POINT('',(10.302888838955,-9.969817899551,
    19.833290347319));
#4920 = CARTESIAN_POINT('',(10.277710115851,-9.979672313007,
    19.865584606807));
#4921 = CARTESIAN_POINT('',(10.251177455354,-9.988996735091,
    19.897463109402));
#4922 = CARTESIAN_POINT('',(10.223280859332,-9.997749815551,
    19.928842514493));
#4923 = CARTESIAN_POINT('',(10.19402267932,-10.00588923486,
    19.959631488889));
#4924 = CARTESIAN_POINT('',(10.147568712503,-10.01724965898,
    20.005324241083));
#4925 = CARTESIAN_POINT('',(10.131356329442,-10.02095039667,
    20.020731704221));
#4926 = CARTESIAN_POINT('',(10.114786230158,-10.02446924141,
    20.035940349111));
#4927 = CARTESIAN_POINT('',(10.097862393732,-10.0278004127,
    20.050935945992));
#4928 = CARTESIAN_POINT('',(10.080590196814,-10.03093831633,
    20.065703990473));
#4929 = CARTESIAN_POINT('',(10.062976413625,-10.03387754444,
    20.080229703535));
#4930 = CARTESIAN_POINT('',(10.008391971321,-10.04219675517,
    20.123625265356));
#4931 = CARTESIAN_POINT('',(9.970360128189,-10.04693191429,
    20.151684422838));
#4932 = CARTESIAN_POINT('',(9.931012064731,-10.05077335945,
    20.178542033953));
#4933 = CARTESIAN_POINT('',(9.890446790631,-10.05368391551,
    20.204071288003));
#4934 = CARTESIAN_POINT('',(9.848785689865,-10.05563653607,
    20.228156141163));
#4935 = CARTESIAN_POINT('',(9.806174263484,-10.05661661395,
    20.250695424045));
#4936 = CARTESIAN_POINT('',(9.719396798713,-10.05663196878,
    20.292516875652));
#4937 = CARTESIAN_POINT('',(9.675220757468,-10.05566739639,
    20.311804171852));
#4938 = CARTESIAN_POINT('',(9.630426702021,-10.05373028102,
    20.329385854347));
#4939 = CARTESIAN_POINT('',(9.585184385183,-10.05083508343,
    20.345210962618));
#4940 = CARTESIAN_POINT('',(9.53966023262,-10.04700871811,
    20.359256657753));
#4941 = CARTESIAN_POINT('',(9.494015216266,-10.0422882528,
    20.371524321089));
#4942 = CARTESIAN_POINT('',(9.425430109322,-10.03391346997,
    20.387329659409));
#4943 = CARTESIAN_POINT('',(9.402464028469,-10.03089267755,
    20.39217845619));
#4944 = CARTESIAN_POINT('',(9.379522833553,-10.02766190284,
    20.396585284791));
#4945 = CARTESIAN_POINT('',(9.356623660075,-10.02422702363,
    20.400554410727));
#4946 = CARTESIAN_POINT('',(9.333782430659,-10.02059412341,
    20.40409112342));
#4947 = CARTESIAN_POINT('',(9.31101385506,-10.01676949135,20.4072017362)
  );
#4948 = CARTESIAN_POINT('',(9.245701192583,-10.00522331737,
    20.414952754817));
#4949 = CARTESIAN_POINT('',(9.203376161336,-9.997032650177,
    20.418532174382));
#4950 = CARTESIAN_POINT('',(9.161443655501,-9.988229751075,
    20.420679584825));
#4951 = CARTESIAN_POINT('',(9.119976018336,-9.978857009014,
    20.421450497626));
#4952 = CARTESIAN_POINT('',(9.079031664696,-9.968955791926,
    20.420904976084));
#4953 = CARTESIAN_POINT('',(9.038656128434,-9.958565167175,
    20.419104415476));
#4954 = CARTESIAN_POINT('',(8.855903027816,-9.908735550855,
    20.40533766682));
#4955 = CARTESIAN_POINT('',(8.721115349707,-9.863995797067,
    20.379149072864));
#4956 = CARTESIAN_POINT('',(8.595287032141,-9.815016213235,
    20.340416713192));
#4957 = CARTESIAN_POINT('',(8.478784666138,-9.762927904433,
    20.291390969956));
#4958 = CARTESIAN_POINT('',(8.37151614084,-9.708595652471,
    20.233947338978));
#4959 = CARTESIAN_POINT('',(8.273114399175,-9.652559352193,
    20.169403582827));
#4960 = CARTESIAN_POINT('',(8.183106825022,-9.595033644246,
    20.098470772578));
#4961 = ORIENTED_EDGE('',*,*,#4962,.T.);
#4962 = EDGE_CURVE('',#4908,#4963,#4965,.T.);
#4963 = VERTEX_POINT('',#4964);
#4964 = CARTESIAN_POINT('',(8.183106825022,-9.595033644246,
    20.098470772578));
#4965 = B_SPLINE_CURVE_WITH_KNOTS('',5,(#4966,#4967,#4968,#4969,#4970,
    #4971),.UNSPECIFIED.,.F.,.F.,(6,6),(0.,1.),
  .PIECEWISE_BEZIER_KNOTS.);
#4966 = CARTESIAN_POINT('',(8.501859245176,-9.767949192431,
    20.290844964545));
#4967 = CARTESIAN_POINT('',(8.430596395974,-9.735167580976,
    20.259141974705));
#4968 = CARTESIAN_POINT('',(8.363157747485,-9.70128451468,
    20.223592025986));
#4969 = CARTESIAN_POINT('',(8.299482233509,-9.666529280453,
    20.184714991668));
#4970 = CARTESIAN_POINT('',(8.239494674324,-9.631072288562,
    20.142908684081));
#4971 = CARTESIAN_POINT('',(8.183106825022,-9.595033644246,
    20.098470772578));
#4972 = ORIENTED_EDGE('',*,*,#4973,.F.);
#4973 = EDGE_CURVE('',#4974,#4963,#4976,.T.);
#4974 = VERTEX_POINT('',#4975);
#4975 = CARTESIAN_POINT('',(8.183106825022,-4.100501485124,
    20.098470772578));
#4976 = ( BOUNDED_CURVE() B_SPLINE_CURVE(2,(#4977,#4978,#4979,#4980),
.UNSPECIFIED.,.F.,.F.) B_SPLINE_CURVE_WITH_KNOTS((3,1,3),(
    -0.352998490577,6.168843056153E-14,8.767282772495),.UNSPECIFIED.) 
CURVE() GEOMETRIC_REPRESENTATION_ITEM() RATIONAL_B_SPLINE_CURVE((
    1.056651799772,1.056651799772,1.056651799772,1.056651799772)) 
REPRESENTATION_ITEM('') );
#4977 = CARTESIAN_POINT('',(8.183106825022,-3.647001509423,
    20.098470772578));
#4978 = CARTESIAN_POINT('',(8.183106825022,-3.823500754712,
    20.098470772578));
#4979 = CARTESIAN_POINT('',(8.183106825022,-8.383641386248,
    20.098470772578));
#4980 = CARTESIAN_POINT('',(8.183106825022,-12.76728277249,
    20.098470772578));
#4981 = ORIENTED_EDGE('',*,*,#4982,.T.);
#4982 = EDGE_CURVE('',#4974,#4983,#4985,.T.);
#4983 = VERTEX_POINT('',#4984);
#4984 = CARTESIAN_POINT('',(8.096820965165,-4.,20.025021604434));
#4985 = B_SPLINE_CURVE_WITH_KNOTS('',6,(#4986,#4987,#4988,#4989,#4990,
    #4991,#4992),.UNSPECIFIED.,.F.,.F.,(7,7),(0.,1.),
  .PIECEWISE_BEZIER_KNOTS.);
#4986 = CARTESIAN_POINT('',(8.501859245176,-4.4,20.290844964545));
#4987 = CARTESIAN_POINT('',(8.421893701397,-4.336286620949,
    20.255270372028));
#4988 = CARTESIAN_POINT('',(8.347422761842,-4.270961945766,
    20.215433617136));
#4989 = CARTESIAN_POINT('',(8.277966103162,-4.204431680731,
    20.172062149031));
#4990 = CARTESIAN_POINT('',(8.21321948097,-4.136974970364,
    20.125641653809));
#4991 = CARTESIAN_POINT('',(8.152910709675,-4.06879175888,
    20.076544813859));
#4992 = CARTESIAN_POINT('',(8.096820475952,-3.9999994,20.02502115505));
#4993 = ORIENTED_EDGE('',*,*,#4994,.T.);
#4994 = EDGE_CURVE('',#4983,#4750,#4995,.T.);
#4995 = CIRCLE('',#4996,1.5);
#4996 = AXIS2_PLACEMENT_3D('',#4997,#4998,#4999);
#4997 = CARTESIAN_POINT('',(9.111558521469,-4.,18.920346225951));
#4998 = DIRECTION('',(0.,-1.,-2.22044604925E-16));
#4999 = DIRECTION('',(0.900968867902,9.634154343575E-17,-0.433883739118)
  );
#5000 = CYLINDRICAL_SURFACE('',#5001,1.5);
#5001 = AXIS2_PLACEMENT_3D('',#5002,#5003,#5004);
#5002 = CARTESIAN_POINT('',(9.111558521469,-24.,18.920346225951));
#5003 = DIRECTION('',(0.,-1.,-2.22044604925E-16));
#5004 = DIRECTION('',(0.900968867902,9.634154343575E-17,-0.433883739118)
  );
#5005 = ADVANCED_FACE('',(#5006),#5062,.T.);
#5006 = FACE_BOUND('',#5007,.T.);
#5007 = EDGE_LOOP('',(#5008,#5019,#5039,#5040,#5041,#5042));
#5008 = ORIENTED_EDGE('',*,*,#5009,.T.);
#5009 = EDGE_CURVE('',#5010,#5012,#5014,.T.);
#5010 = VERTEX_POINT('',#5011);
#5011 = CARTESIAN_POINT('',(8.133251919308,-23.6,20.441384816521));
#5012 = VERTEX_POINT('',#5013);
#5013 = CARTESIAN_POINT('',(1.541377702829,-23.6,21.945937090433));
#5014 = CIRCLE('',#5015,22.);
#5015 = AXIS2_PLACEMENT_3D('',#5016,#5017,#5018);
#5016 = CARTESIAN_POINT('',(1.33226762955E-16,-23.6,-1.33226762955E-16)
  );
#5017 = DIRECTION('',(-3.330669073875E-16,-1.,3.330669073875E-16));
#5018 = DIRECTION('',(-3.3104832007E-16,3.330669073875E-16,1.));
#5019 = ORIENTED_EDGE('',*,*,#5020,.T.);
#5020 = EDGE_CURVE('',#5012,#647,#5021,.T.);
#5021 = B_SPLINE_CURVE_WITH_KNOTS('',6,(#5022,#5023,#5024,#5025,#5026,
    #5027,#5028,#5029,#5030,#5031,#5032,#5033,#5034,#5035,#5036,#5037,
    #5038),.UNSPECIFIED.,.F.,.F.,(7,5,5,7),(0.,0.316956850499,
    0.754284105955,1.),.UNSPECIFIED.);
#5022 = CARTESIAN_POINT('',(1.541377662634,-23.6,21.945937093256));
#5023 = CARTESIAN_POINT('',(1.519232862236,-23.59999999998,
    21.947492438162));
#5024 = CARTESIAN_POINT('',(1.496879715898,-23.60292968262,
    21.946098612227));
#5025 = CARTESIAN_POINT('',(1.474815794066,-23.60879107587,
    21.94171842144));
#5026 = CARTESIAN_POINT('',(1.453543129321,-23.61747112045,
    21.93443434809));
#5027 = CARTESIAN_POINT('',(1.433531957883,-23.62875558666,
    21.924435539654));
#5028 = CARTESIAN_POINT('',(1.389869152784,-23.66109047173,
    21.894853244548));
#5029 = CARTESIAN_POINT('',(1.367721388745,-23.68422275632,
    21.873071243647));
#5030 = CARTESIAN_POINT('',(1.349798418564,-23.71095374068,
    21.847395102781));
#5031 = CARTESIAN_POINT('',(1.336920958134,-23.74019722754,
    21.81888284404));
#5032 = CARTESIAN_POINT('',(1.329536225948,-23.77069595712,
    21.788778038746));
#5033 = CARTESIAN_POINT('',(1.326699849532,-23.81832034119,
    21.741238149392));
#5034 = CARTESIAN_POINT('',(1.327437405779,-23.83545018305,
    21.72403142867));
#5035 = CARTESIAN_POINT('',(1.329946479126,-23.85235355992,
    21.706943522559));
#5036 = CARTESIAN_POINT('',(1.334202696686,-23.86880501025,
    21.690200628964));
#5037 = CARTESIAN_POINT('',(1.34014470227,-23.88458687614,21.67402249483
    ));
#5038 = CARTESIAN_POINT('',(1.347675157286,-23.89949851487,
    21.658613445378));
#5039 = ORIENTED_EDGE('',*,*,#655,.F.);
#5040 = ORIENTED_EDGE('',*,*,#41,.F.);
#5041 = ORIENTED_EDGE('',*,*,#4758,.F.);
#5042 = ORIENTED_EDGE('',*,*,#5043,.F.);
#5043 = EDGE_CURVE('',#5010,#4759,#5044,.T.);
#5044 = B_SPLINE_CURVE_WITH_KNOTS('',6,(#5045,#5046,#5047,#5048,#5049,
    #5050,#5051,#5052,#5053,#5054,#5055,#5056,#5057,#5058,#5059,#5060,
    #5061),.UNSPECIFIED.,.F.,.F.,(7,5,5,7),(0.,0.316956850567,
    0.754284105947,1.),.UNSPECIFIED.);
#5045 = CARTESIAN_POINT('',(8.133251944542,-23.6,20.44138480648));
#5046 = CARTESIAN_POINT('',(8.153878559162,-23.59999999999,
    20.433177855016));
#5047 = CARTESIAN_POINT('',(8.173413318509,-23.6029296826,20.42222338308
    ));
#5048 = CARTESIAN_POINT('',(8.191391721689,-23.60879107586,
    20.408703794591));
#5049 = CARTESIAN_POINT('',(8.207397270925,-23.61747112045,
    20.392911215289));
#5050 = CARTESIAN_POINT('',(8.221088404775,-23.62875558665,
    20.375220073617));
#5051 = CARTESIAN_POINT('',(8.24759195605,-23.66109047171,
    20.329622765544));
#5052 = CARTESIAN_POINT('',(8.25809554595,-23.6842227563,20.300388306178
    ));
#5053 = CARTESIAN_POINT('',(8.263103124101,-23.71095374066,
    20.269478417292));
#5054 = CARTESIAN_POINT('',(8.262334309617,-23.74019722752,
    20.238202439131));
#5055 = CARTESIAN_POINT('',(8.255925737931,-23.7706959571,
    20.207874831573));
#5056 = CARTESIAN_POINT('',(8.237854439832,-23.81832034117,
    20.163812213672));
#5057 = CARTESIAN_POINT('',(8.229724208291,-23.83545018304,
    20.148629507641));
#5058 = CARTESIAN_POINT('',(8.220049446719,-23.85235355991,
    20.134322482339));
#5059 = CARTESIAN_POINT('',(8.208950257924,-23.86880501024,
    20.121084360038));
#5060 = CARTESIAN_POINT('',(8.196577266548,-23.88458687613,
    20.10908650444));
#5061 = CARTESIAN_POINT('',(8.183106825022,-23.89949851487,
    20.098470772578));
#5062 = CONICAL_SURFACE('',#5063,22.,0.785398163397);
#5063 = AXIS2_PLACEMENT_3D('',#5064,#5065,#5066);
#5064 = CARTESIAN_POINT('',(1.33226762955E-16,-23.6,-1.33226762955E-16)
  );
#5065 = DIRECTION('',(3.330669073875E-16,1.,-3.330669073875E-16));
#5066 = DIRECTION('',(-3.3104832007E-16,3.330669073875E-16,1.));
#5067 = ADVANCED_FACE('',(#5068),#5087,.F.);
#5068 = FACE_BOUND('',#5069,.T.);
#5069 = EDGE_LOOP('',(#5070,#5078,#5085,#5086));
#5070 = ORIENTED_EDGE('',*,*,#5071,.F.);
#5071 = EDGE_CURVE('',#5072,#402,#5074,.T.);
#5072 = VERTEX_POINT('',#5073);
#5073 = CARTESIAN_POINT('',(-2.30926389122E-15,-23.6,11.));
#5074 = LINE('',#5075,#5076);
#5075 = CARTESIAN_POINT('',(-2.30926389122E-15,-23.6,11.));
#5076 = VECTOR('',#5077,1.);
#5077 = DIRECTION('',(-3.925231146709E-16,-0.707106781187,0.707106781187
    ));
#5078 = ORIENTED_EDGE('',*,*,#5079,.T.);
#5079 = EDGE_CURVE('',#5072,#5072,#5080,.T.);
#5080 = CIRCLE('',#5081,11.);
#5081 = AXIS2_PLACEMENT_3D('',#5082,#5083,#5084);
#5082 = CARTESIAN_POINT('',(1.33226762955E-16,-23.6,-8.881784197001E-17)
  );
#5083 = DIRECTION('',(3.330669073875E-16,1.,-2.22044604925E-16));
#5084 = DIRECTION('',(-2.22044604925E-16,2.22044604925E-16,1.));
#5085 = ORIENTED_EDGE('',*,*,#5071,.T.);
#5086 = ORIENTED_EDGE('',*,*,#401,.F.);
#5087 = CONICAL_SURFACE('',#5088,11.,0.785398163397);
#5088 = AXIS2_PLACEMENT_3D('',#5089,#5090,#5091);
#5089 = CARTESIAN_POINT('',(1.33226762955E-16,-23.6,-8.881784197001E-17)
  );
#5090 = DIRECTION('',(-3.330669073875E-16,-1.,2.22044604925E-16));
#5091 = DIRECTION('',(-2.22044604925E-16,2.22044604925E-16,1.));
#5092 = ADVANCED_FACE('',(#5093),#5126,.F.);
#5093 = FACE_BOUND('',#5094,.F.);
#5094 = EDGE_LOOP('',(#5095,#5096,#5118,#5125));
#5095 = ORIENTED_EDGE('',*,*,#646,.F.);
#5096 = ORIENTED_EDGE('',*,*,#5097,.T.);
#5097 = EDGE_CURVE('',#636,#5098,#5100,.T.);
#5098 = VERTEX_POINT('',#5099);
#5099 = CARTESIAN_POINT('',(1.541377702829,-18.23205080756,
    21.945937090433));
#5100 = B_SPLINE_CURVE_WITH_KNOTS('',6,(#5101,#5102,#5103,#5104,#5105,
    #5106,#5107,#5108,#5109,#5110,#5111,#5112,#5113,#5114,#5115,#5116,
    #5117),.UNSPECIFIED.,.F.,.F.,(7,5,5,7),(0.,0.245541347766,
    0.675708691504,1.),.UNSPECIFIED.);
#5101 = CARTESIAN_POINT('',(1.347675157286,-18.40496635575,
    21.658613445378));
#5102 = CARTESIAN_POINT('',(1.340147426421,-18.39636023152,
    21.674016920587));
#5103 = CARTESIAN_POINT('',(1.334205471628,-18.3872503082,21.6901920334)
  );
#5104 = CARTESIAN_POINT('',(1.329948011449,-18.37775220247,21.7069347545
    ));
#5105 = CARTESIAN_POINT('',(1.32743768913,-18.36799186463,
    21.724024763811));
#5106 = CARTESIAN_POINT('',(1.326699661786,-18.35810006774,
    21.741234772871));
#5107 = CARTESIAN_POINT('',(1.32950806655,-18.33087491079,
    21.788306467678));
#5108 = CARTESIAN_POINT('',(1.336693477541,-18.31353897313,
    21.817950554935));
#5109 = CARTESIAN_POINT('',(1.349204110164,-18.29689801847,
    21.846063897907));
#5110 = CARTESIAN_POINT('',(1.366610022375,-18.28164762707,
    21.871455128529));
#5111 = CARTESIAN_POINT('',(1.388130520526,-18.26838513224,
    21.893116680312));
#5112 = CARTESIAN_POINT('',(1.43134121427,-18.24937416822,
    21.923326811777));
#5113 = CARTESIAN_POINT('',(1.451685858802,-18.2425795172,
    21.933791005083));
#5114 = CARTESIAN_POINT('',(1.473374647292,-18.23734942658,
    21.941428724266));
#5115 = CARTESIAN_POINT('',(1.49590768279,-18.23381660737,
    21.946036614221));
#5116 = CARTESIAN_POINT('',(1.518751403777,-18.23205080756,
    21.947526253507));
#5117 = CARTESIAN_POINT('',(1.541377702829,-18.23205080756,
    21.945937090433));
#5118 = ORIENTED_EDGE('',*,*,#5119,.T.);
#5119 = EDGE_CURVE('',#5098,#5012,#5120,.T.);
#5120 = ( BOUNDED_CURVE() B_SPLINE_CURVE(2,(#5121,#5122,#5123,#5124),
.UNSPECIFIED.,.F.,.F.) B_SPLINE_CURVE_WITH_KNOTS((3,1,3),(
-2.999333580064,5.767949192431,6.120947683008),.UNSPECIFIED.) CURVE() 
GEOMETRIC_REPRESENTATION_ITEM() RATIONAL_B_SPLINE_CURVE((1.056651799772,
1.056651799772,1.056651799772,1.056651799772)) REPRESENTATION_ITEM('') 
  );
#5121 = CARTESIAN_POINT('',(1.541377702829,-15.2327172275,
    21.945937090433));
#5122 = CARTESIAN_POINT('',(1.541377702829,-19.61635861375,
    21.945937090433));
#5123 = CARTESIAN_POINT('',(1.541377702829,-24.17649924528,
    21.945937090433));
#5124 = CARTESIAN_POINT('',(1.541377702829,-24.35299849057,
    21.945937090433));
#5125 = ORIENTED_EDGE('',*,*,#5020,.T.);
#5126 = ( BOUNDED_SURFACE() B_SPLINE_SURFACE(6,2,(
    (#5127,#5128,#5129,#5130)
    ,(#5131,#5132,#5133,#5134)
    ,(#5135,#5136,#5137,#5138)
    ,(#5139,#5140,#5141,#5142)
    ,(#5143,#5144,#5145,#5146)
    ,(#5147,#5148,#5149,#5150)
    ,(#5151,#5152,#5153,#5154
)),.UNSPECIFIED.,.F.,.F.,.F.) B_SPLINE_SURFACE_WITH_KNOTS((7,7),(3,1,3),
  (0.,8.767282772495),(-2.999333580064,5.767949192431,6.120947683008),
.UNSPECIFIED.) GEOMETRIC_REPRESENTATION_ITEM() RATIONAL_B_SPLINE_SURFACE
((
    (1.056651799772,1.056651799772,1.056651799772,1.056651799772)
    ,(1.017452375137,1.017452375137,1.017452375137,1.017452375137)
    ,(0.99632276822,0.99632276822,0.99632276822,0.99632276822)
    ,(0.98937924261,0.98937924261,0.98937924261,0.98937924261)
    ,(0.99632276822,0.99632276822,0.99632276822,0.99632276822)
    ,(1.017452375137,1.017452375137,1.017452375137,1.017452375137)
    ,(1.056651799772,1.056651799772,1.056651799772,1.056651799772
))) REPRESENTATION_ITEM('') SURFACE() );
#5127 = CARTESIAN_POINT('',(1.347675157286,-15.2327172275,
    21.658613445378));
#5128 = CARTESIAN_POINT('',(1.347675157286,-19.61635861375,
    21.658613445378));
#5129 = CARTESIAN_POINT('',(1.347675157286,-24.17649924528,
    21.658613445378));
#5130 = CARTESIAN_POINT('',(1.347675157286,-24.35299849057,
    21.658613445378));
#5131 = CARTESIAN_POINT('',(1.315825146427,-15.2327172275,
    21.723785920517));
#5132 = CARTESIAN_POINT('',(1.315825146427,-19.61635861375,
    21.723785920517));
#5133 = CARTESIAN_POINT('',(1.315825146427,-24.17649924528,
    21.723785920517));
#5134 = CARTESIAN_POINT('',(1.315825146427,-24.35299849057,
    21.723785920517));
#5135 = CARTESIAN_POINT('',(1.313408665922,-15.2327172275,
    21.799435356688));
#5136 = CARTESIAN_POINT('',(1.313408665922,-19.61635861375,
    21.799435356688));
#5137 = CARTESIAN_POINT('',(1.313408665922,-24.17649924528,
    21.799435356688));
#5138 = CARTESIAN_POINT('',(1.313408665922,-24.35299849057,
    21.799435356688));
#5139 = CARTESIAN_POINT('',(1.342420932677,-15.2327172275,
    21.871110865313));
#5140 = CARTESIAN_POINT('',(1.342420932677,-19.61635861375,
    21.871110865313));
#5141 = CARTESIAN_POINT('',(1.342420932677,-24.17649924528,
    21.871110865313));
#5142 = CARTESIAN_POINT('',(1.342420932677,-24.35299849057,
    21.871110865313));
#5143 = CARTESIAN_POINT('',(1.397983472429,-15.2327172275,
    21.924887201513));
#5144 = CARTESIAN_POINT('',(1.397983472429,-19.61635861375,
    21.924887201513));
#5145 = CARTESIAN_POINT('',(1.397983472429,-24.17649924528,
    21.924887201513));
#5146 = CARTESIAN_POINT('',(1.397983472429,-24.35299849057,
    21.924887201513));
#5147 = CARTESIAN_POINT('',(1.469017179276,-15.2327172275,
    21.951019347668));
#5148 = CARTESIAN_POINT('',(1.469017179276,-19.61635861375,
    21.951019347668));
#5149 = CARTESIAN_POINT('',(1.469017179276,-24.17649924528,
    21.951019347668));
#5150 = CARTESIAN_POINT('',(1.469017179276,-24.35299849057,
    21.951019347668));
#5151 = CARTESIAN_POINT('',(1.541377702829,-15.2327172275,
    21.945937090433));
#5152 = CARTESIAN_POINT('',(1.541377702829,-19.61635861375,
    21.945937090433));
#5153 = CARTESIAN_POINT('',(1.541377702829,-24.17649924528,
    21.945937090433));
#5154 = CARTESIAN_POINT('',(1.541377702829,-24.35299849057,
    21.945937090433));
#5155 = ADVANCED_FACE('',(#5156),#5710,.T.);
#5156 = FACE_BOUND('',#5157,.F.);
#5157 = EDGE_LOOP('',(#5158,#5159,#5181,#5190,#5197,#5198,#5207,#5216,
    #5223,#5224,#5233,#5242,#5249,#5250,#5259,#5268,#5276,#5283,#5284,
    #5293,#5300,#5301,#5310,#5319,#5326,#5327,#5336,#5345,#5352,#5353,
    #5362,#5371,#5378,#5379,#5388,#5397,#5404,#5405,#5414,#5423,#5430,
    #5431,#5440,#5449,#5456,#5457,#5466,#5475,#5622,#5631,#5638,#5639,
    #5648,#5657,#5664,#5665,#5674,#5683,#5690,#5691,#5700,#5707,#5708,
    #5709));
#5158 = ORIENTED_EDGE('',*,*,#577,.T.);
#5159 = ORIENTED_EDGE('',*,*,#5160,.T.);
#5160 = EDGE_CURVE('',#569,#5161,#5163,.T.);
#5161 = VERTEX_POINT('',#5162);
#5162 = CARTESIAN_POINT('',(-1.541377702829,-18.23205080756,
    21.945937090433));
#5163 = B_SPLINE_CURVE_WITH_KNOTS('',6,(#5164,#5165,#5166,#5167,#5168,
    #5169,#5170,#5171,#5172,#5173,#5174,#5175,#5176,#5177,#5178,#5179,
    #5180),.UNSPECIFIED.,.F.,.F.,(7,5,5,7),(0.,0.245541347732,
    0.675708691471,1.),.UNSPECIFIED.);
#5164 = CARTESIAN_POINT('',(-1.347675157286,-18.40496635575,
    21.658613445378));
#5165 = CARTESIAN_POINT('',(-1.340147426422,-18.39636023152,
    21.674016920585));
#5166 = CARTESIAN_POINT('',(-1.33420547163,-18.38725030821,
    21.690192033396));
#5167 = CARTESIAN_POINT('',(-1.329948011451,-18.37775220247,
    21.706934754493));
#5168 = CARTESIAN_POINT('',(-1.327437689131,-18.36799186464,
    21.724024763802));
#5169 = CARTESIAN_POINT('',(-1.326699661787,-18.35810006775,
    21.74123477286));
#5170 = CARTESIAN_POINT('',(-1.329508066547,-18.3308749108,
    21.788306467664));
#5171 = CARTESIAN_POINT('',(-1.336693477536,-18.31353897313,
    21.817950554922));
#5172 = CARTESIAN_POINT('',(-1.349204110157,-18.29689801848,
    21.846063897895));
#5173 = CARTESIAN_POINT('',(-1.366610022366,-18.28164762708,
    21.871455128518));
#5174 = CARTESIAN_POINT('',(-1.388130520516,-18.26838513225,
    21.893116680303));
#5175 = CARTESIAN_POINT('',(-1.43134121426,-18.24937416822,
    21.923326811772));
#5176 = CARTESIAN_POINT('',(-1.451685858793,-18.24257951721,
    21.93379100508));
#5177 = CARTESIAN_POINT('',(-1.473374647285,-18.23734942658,
    21.941428724264));
#5178 = CARTESIAN_POINT('',(-1.495907682785,-18.23381660738,
    21.946036614221));
#5179 = CARTESIAN_POINT('',(-1.518751403775,-18.23205080756,
    21.947526253507));
#5180 = CARTESIAN_POINT('',(-1.541377702829,-18.23205080756,
    21.945937090432));
#5181 = ORIENTED_EDGE('',*,*,#5182,.T.);
#5182 = EDGE_CURVE('',#5161,#5183,#5185,.T.);
#5183 = VERTEX_POINT('',#5184);
#5184 = CARTESIAN_POINT('',(-8.133251919308,-18.23205080756,
    20.441384816521));
#5185 = CIRCLE('',#5186,22.);
#5186 = AXIS2_PLACEMENT_3D('',#5187,#5188,#5189);
#5187 = CARTESIAN_POINT('',(4.230517910044E-15,-18.23205080756,
    -2.820345273362E-15));
#5188 = DIRECTION('',(-3.330669073875E-16,-1.,2.22044604925E-16));
#5189 = DIRECTION('',(1.,-3.330669073875E-16,0.));
#5190 = ORIENTED_EDGE('',*,*,#5191,.T.);
#5191 = EDGE_CURVE('',#5183,#788,#5192,.T.);
#5192 = CIRCLE('',#5193,22.);
#5193 = AXIS2_PLACEMENT_3D('',#5194,#5195,#5196);
#5194 = CARTESIAN_POINT('',(4.230517910044E-15,-18.23205080756,
    -2.820345273362E-15));
#5195 = DIRECTION('',(-3.330669073875E-16,-1.,2.22044604925E-16));
#5196 = DIRECTION('',(1.,-3.330669073875E-16,0.));
#5197 = ORIENTED_EDGE('',*,*,#787,.T.);
#5198 = ORIENTED_EDGE('',*,*,#5199,.T.);
#5199 = EDGE_CURVE('',#777,#5200,#5202,.T.);
#5200 = VERTEX_POINT('',#5201);
#5201 = CARTESIAN_POINT('',(-10.91071856716,-18.23205080756,
    19.103827374329));
#5202 = CIRCLE('',#5203,22.);
#5203 = AXIS2_PLACEMENT_3D('',#5204,#5205,#5206);
#5204 = CARTESIAN_POINT('',(4.230517910044E-15,-18.23205080756,
    -2.820345273362E-15));
#5205 = DIRECTION('',(-3.330669073875E-16,-1.,2.22044604925E-16));
#5206 = DIRECTION('',(1.,-3.330669073875E-16,0.));
#5207 = ORIENTED_EDGE('',*,*,#5208,.T.);
#5208 = EDGE_CURVE('',#5200,#5209,#5211,.T.);
#5209 = VERTEX_POINT('',#5210);
#5210 = CARTESIAN_POINT('',(-16.19699125103,-18.23205080756,
    14.888165582564));
#5211 = CIRCLE('',#5212,22.);
#5212 = AXIS2_PLACEMENT_3D('',#5213,#5214,#5215);
#5213 = CARTESIAN_POINT('',(4.230517910044E-15,-18.23205080756,
    -2.820345273362E-15));
#5214 = DIRECTION('',(-3.330669073875E-16,-1.,2.22044604925E-16));
#5215 = DIRECTION('',(1.,-3.330669073875E-16,0.));
#5216 = ORIENTED_EDGE('',*,*,#5217,.T.);
#5217 = EDGE_CURVE('',#5209,#1121,#5218,.T.);
#5218 = CIRCLE('',#5219,22.);
#5219 = AXIS2_PLACEMENT_3D('',#5220,#5221,#5222);
#5220 = CARTESIAN_POINT('',(4.230517910044E-15,-18.23205080756,
    -2.820345273362E-15));
#5221 = DIRECTION('',(-3.330669073875E-16,-1.,2.22044604925E-16));
#5222 = DIRECTION('',(1.,-3.330669073875E-16,0.));
#5223 = ORIENTED_EDGE('',*,*,#1120,.T.);
#5224 = ORIENTED_EDGE('',*,*,#5225,.T.);
#5225 = EDGE_CURVE('',#1110,#5226,#5228,.T.);
#5226 = VERTEX_POINT('',#5227);
#5227 = CARTESIAN_POINT('',(-18.11905780808,-18.23205080756,
    12.477970353672));
#5228 = CIRCLE('',#5229,22.);
#5229 = AXIS2_PLACEMENT_3D('',#5230,#5231,#5232);
#5230 = CARTESIAN_POINT('',(4.230517910044E-15,-18.23205080756,
    -2.820345273362E-15));
#5231 = DIRECTION('',(-3.330669073875E-16,-1.,2.22044604925E-16));
#5232 = DIRECTION('',(1.,-3.330669073875E-16,0.));
#5233 = ORIENTED_EDGE('',*,*,#5234,.T.);
#5234 = EDGE_CURVE('',#5226,#5235,#5237,.T.);
#5235 = VERTEX_POINT('',#5236);
#5236 = CARTESIAN_POINT('',(-21.05271782243,-18.23205080756,
    6.386162563612));
#5237 = CIRCLE('',#5238,22.);
#5238 = AXIS2_PLACEMENT_3D('',#5239,#5240,#5241);
#5239 = CARTESIAN_POINT('',(4.230517910044E-15,-18.23205080756,
    -2.820345273362E-15));
#5240 = DIRECTION('',(-3.330669073875E-16,-1.,2.22044604925E-16));
#5241 = DIRECTION('',(1.,-3.330669073875E-16,0.));
#5242 = ORIENTED_EDGE('',*,*,#5243,.T.);
#5243 = EDGE_CURVE('',#5235,#1454,#5244,.T.);
#5244 = CIRCLE('',#5245,22.);
#5245 = AXIS2_PLACEMENT_3D('',#5246,#5247,#5248);
#5246 = CARTESIAN_POINT('',(4.230517910044E-15,-18.23205080756,
    -2.820345273362E-15));
#5247 = DIRECTION('',(-3.330669073875E-16,-1.,2.22044604925E-16));
#5248 = DIRECTION('',(1.,-3.330669073875E-16,0.));
#5249 = ORIENTED_EDGE('',*,*,#1453,.T.);
#5250 = ORIENTED_EDGE('',*,*,#5251,.T.);
#5251 = EDGE_CURVE('',#1443,#5252,#5254,.T.);
#5252 = VERTEX_POINT('',#5253);
#5253 = CARTESIAN_POINT('',(-21.73869543446,-18.23205080756,
    3.380698272207));
#5254 = CIRCLE('',#5255,22.);
#5255 = AXIS2_PLACEMENT_3D('',#5256,#5257,#5258);
#5256 = CARTESIAN_POINT('',(4.230517910044E-15,-18.23205080756,
    -2.820345273362E-15));
#5257 = DIRECTION('',(-3.330669073875E-16,-1.,2.22044604925E-16));
#5258 = DIRECTION('',(1.,-3.330669073875E-16,0.));
#5259 = ORIENTED_EDGE('',*,*,#5260,.T.);
#5260 = EDGE_CURVE('',#5252,#5261,#5263,.T.);
#5261 = VERTEX_POINT('',#5262);
#5262 = CARTESIAN_POINT('',(-22.,-18.23205080756,0.));
#5263 = CIRCLE('',#5264,22.);
#5264 = AXIS2_PLACEMENT_3D('',#5265,#5266,#5267);
#5265 = CARTESIAN_POINT('',(4.230517910044E-15,-18.23205080756,
    -2.820345273362E-15));
#5266 = DIRECTION('',(-3.330669073875E-16,-1.,2.22044604925E-16));
#5267 = DIRECTION('',(1.,-3.330669073875E-16,0.));
#5268 = ORIENTED_EDGE('',*,*,#5269,.F.);
#5269 = EDGE_CURVE('',#5270,#5261,#5272,.T.);
#5270 = VERTEX_POINT('',#5271);
#5271 = CARTESIAN_POINT('',(-25.,-16.5,0.));
#5272 = LINE('',#5273,#5274);
#5273 = CARTESIAN_POINT('',(-25.,-16.5,0.));
#5274 = VECTOR('',#5275,1.);
#5275 = DIRECTION('',(0.866025403784,-0.5,0.));
#5276 = ORIENTED_EDGE('',*,*,#5277,.T.);
#5277 = EDGE_CURVE('',#5270,#5270,#5278,.T.);
#5278 = CIRCLE('',#5279,25.);
#5279 = AXIS2_PLACEMENT_3D('',#5280,#5281,#5282);
#5280 = CARTESIAN_POINT('',(0.,-16.5,0.));
#5281 = DIRECTION('',(0.,1.,-0.));
#5282 = DIRECTION('',(-1.,0.,0.));
#5283 = ORIENTED_EDGE('',*,*,#5269,.T.);
#5284 = ORIENTED_EDGE('',*,*,#5285,.T.);
#5285 = EDGE_CURVE('',#5261,#5286,#5288,.T.);
#5286 = VERTEX_POINT('',#5287);
#5287 = CARTESIAN_POINT('',(-21.73869543446,-18.23205080756,
    -3.380698272207));
#5288 = CIRCLE('',#5289,22.);
#5289 = AXIS2_PLACEMENT_3D('',#5290,#5291,#5292);
#5290 = CARTESIAN_POINT('',(4.230517910044E-15,-18.23205080756,
    -2.820345273362E-15));
#5291 = DIRECTION('',(-3.330669073875E-16,-1.,2.22044604925E-16));
#5292 = DIRECTION('',(1.,-3.330669073875E-16,0.));
#5293 = ORIENTED_EDGE('',*,*,#5294,.T.);
#5294 = EDGE_CURVE('',#5286,#1788,#5295,.T.);
#5295 = CIRCLE('',#5296,22.);
#5296 = AXIS2_PLACEMENT_3D('',#5297,#5298,#5299);
#5297 = CARTESIAN_POINT('',(4.230517910044E-15,-18.23205080756,
    -2.820345273362E-15));
#5298 = DIRECTION('',(-3.330669073875E-16,-1.,2.22044604925E-16));
#5299 = DIRECTION('',(1.,-3.330669073875E-16,0.));
#5300 = ORIENTED_EDGE('',*,*,#1787,.T.);
#5301 = ORIENTED_EDGE('',*,*,#5302,.T.);
#5302 = EDGE_CURVE('',#1777,#5303,#5305,.T.);
#5303 = VERTEX_POINT('',#5304);
#5304 = CARTESIAN_POINT('',(-21.05271782243,-18.23205080756,
    -6.386162563612));
#5305 = CIRCLE('',#5306,22.);
#5306 = AXIS2_PLACEMENT_3D('',#5307,#5308,#5309);
#5307 = CARTESIAN_POINT('',(4.230517910044E-15,-18.23205080756,
    -2.820345273362E-15));
#5308 = DIRECTION('',(-3.330669073875E-16,-1.,2.22044604925E-16));
#5309 = DIRECTION('',(1.,-3.330669073875E-16,0.));
#5310 = ORIENTED_EDGE('',*,*,#5311,.T.);
#5311 = EDGE_CURVE('',#5303,#5312,#5314,.T.);
#5312 = VERTEX_POINT('',#5313);
#5313 = CARTESIAN_POINT('',(-18.11905780808,-18.23205080756,
    -12.47797035367));
#5314 = CIRCLE('',#5315,22.);
#5315 = AXIS2_PLACEMENT_3D('',#5316,#5317,#5318);
#5316 = CARTESIAN_POINT('',(4.230517910044E-15,-18.23205080756,
    -2.820345273362E-15));
#5317 = DIRECTION('',(-3.330669073875E-16,-1.,2.22044604925E-16));
#5318 = DIRECTION('',(1.,-3.330669073875E-16,0.));
#5319 = ORIENTED_EDGE('',*,*,#5320,.T.);
#5320 = EDGE_CURVE('',#5312,#2123,#5321,.T.);
#5321 = CIRCLE('',#5322,22.);
#5322 = AXIS2_PLACEMENT_3D('',#5323,#5324,#5325);
#5323 = CARTESIAN_POINT('',(4.230517910044E-15,-18.23205080756,
    -2.820345273362E-15));
#5324 = DIRECTION('',(-3.330669073875E-16,-1.,2.22044604925E-16));
#5325 = DIRECTION('',(1.,-3.330669073875E-16,0.));
#5326 = ORIENTED_EDGE('',*,*,#2122,.T.);
#5327 = ORIENTED_EDGE('',*,*,#5328,.T.);
#5328 = EDGE_CURVE('',#2112,#5329,#5331,.T.);
#5329 = VERTEX_POINT('',#5330);
#5330 = CARTESIAN_POINT('',(-16.19699125103,-18.23205080756,
    -14.88816558256));
#5331 = CIRCLE('',#5332,22.);
#5332 = AXIS2_PLACEMENT_3D('',#5333,#5334,#5335);
#5333 = CARTESIAN_POINT('',(4.230517910044E-15,-18.23205080756,
    -2.820345273362E-15));
#5334 = DIRECTION('',(-3.330669073875E-16,-1.,2.22044604925E-16));
#5335 = DIRECTION('',(1.,-3.330669073875E-16,0.));
#5336 = ORIENTED_EDGE('',*,*,#5337,.T.);
#5337 = EDGE_CURVE('',#5329,#5338,#5340,.T.);
#5338 = VERTEX_POINT('',#5339);
#5339 = CARTESIAN_POINT('',(-10.91071856716,-18.23205080756,
    -19.10382737432));
#5340 = CIRCLE('',#5341,22.);
#5341 = AXIS2_PLACEMENT_3D('',#5342,#5343,#5344);
#5342 = CARTESIAN_POINT('',(4.230517910044E-15,-18.23205080756,
    -2.820345273362E-15));
#5343 = DIRECTION('',(-3.330669073875E-16,-1.,2.22044604925E-16));
#5344 = DIRECTION('',(1.,-3.330669073875E-16,0.));
#5345 = ORIENTED_EDGE('',*,*,#5346,.T.);
#5346 = EDGE_CURVE('',#5338,#2458,#5347,.T.);
#5347 = CIRCLE('',#5348,22.);
#5348 = AXIS2_PLACEMENT_3D('',#5349,#5350,#5351);
#5349 = CARTESIAN_POINT('',(4.230517910044E-15,-18.23205080756,
    -2.820345273362E-15));
#5350 = DIRECTION('',(-3.330669073875E-16,-1.,2.22044604925E-16));
#5351 = DIRECTION('',(1.,-3.330669073875E-16,0.));
#5352 = ORIENTED_EDGE('',*,*,#2457,.T.);
#5353 = ORIENTED_EDGE('',*,*,#5354,.T.);
#5354 = EDGE_CURVE('',#2447,#5355,#5357,.T.);
#5355 = VERTEX_POINT('',#5356);
#5356 = CARTESIAN_POINT('',(-8.133251919308,-18.23205080756,
    -20.44138481652));
#5357 = CIRCLE('',#5358,22.);
#5358 = AXIS2_PLACEMENT_3D('',#5359,#5360,#5361);
#5359 = CARTESIAN_POINT('',(4.230517910044E-15,-18.23205080756,
    -2.820345273362E-15));
#5360 = DIRECTION('',(-3.330669073875E-16,-1.,2.22044604925E-16));
#5361 = DIRECTION('',(1.,-3.330669073875E-16,0.));
#5362 = ORIENTED_EDGE('',*,*,#5363,.T.);
#5363 = EDGE_CURVE('',#5355,#5364,#5366,.T.);
#5364 = VERTEX_POINT('',#5365);
#5365 = CARTESIAN_POINT('',(-1.541377702829,-18.23205080756,
    -21.94593709043));
#5366 = CIRCLE('',#5367,22.);
#5367 = AXIS2_PLACEMENT_3D('',#5368,#5369,#5370);
#5368 = CARTESIAN_POINT('',(4.230517910044E-15,-18.23205080756,
    -2.820345273362E-15));
#5369 = DIRECTION('',(-3.330669073875E-16,-1.,2.22044604925E-16));
#5370 = DIRECTION('',(1.,-3.330669073875E-16,0.));
#5371 = ORIENTED_EDGE('',*,*,#5372,.T.);
#5372 = EDGE_CURVE('',#5364,#2793,#5373,.T.);
#5373 = CIRCLE('',#5374,22.);
#5374 = AXIS2_PLACEMENT_3D('',#5375,#5376,#5377);
#5375 = CARTESIAN_POINT('',(4.230517910044E-15,-18.23205080756,
    -2.820345273362E-15));
#5376 = DIRECTION('',(-3.330669073875E-16,-1.,2.22044604925E-16));
#5377 = DIRECTION('',(1.,-3.330669073875E-16,0.));
#5378 = ORIENTED_EDGE('',*,*,#2792,.T.);
#5379 = ORIENTED_EDGE('',*,*,#5380,.T.);
#5380 = EDGE_CURVE('',#2782,#5381,#5383,.T.);
#5381 = VERTEX_POINT('',#5382);
#5382 = CARTESIAN_POINT('',(1.541377702829,-18.23205080756,
    -21.94593709043));
#5383 = CIRCLE('',#5384,22.);
#5384 = AXIS2_PLACEMENT_3D('',#5385,#5386,#5387);
#5385 = CARTESIAN_POINT('',(4.230517910044E-15,-18.23205080756,
    -2.820345273362E-15));
#5386 = DIRECTION('',(-3.330669073875E-16,-1.,2.22044604925E-16));
#5387 = DIRECTION('',(1.,-3.330669073875E-16,0.));
#5388 = ORIENTED_EDGE('',*,*,#5389,.T.);
#5389 = EDGE_CURVE('',#5381,#5390,#5392,.T.);
#5390 = VERTEX_POINT('',#5391);
#5391 = CARTESIAN_POINT('',(8.133251919308,-18.23205080756,
    -20.44138481652));
#5392 = CIRCLE('',#5393,22.);
#5393 = AXIS2_PLACEMENT_3D('',#5394,#5395,#5396);
#5394 = CARTESIAN_POINT('',(4.230517910044E-15,-18.23205080756,
    -2.820345273362E-15));
#5395 = DIRECTION('',(-3.330669073875E-16,-1.,2.22044604925E-16));
#5396 = DIRECTION('',(1.,-3.330669073875E-16,0.));
#5397 = ORIENTED_EDGE('',*,*,#5398,.T.);
#5398 = EDGE_CURVE('',#5390,#3126,#5399,.T.);
#5399 = CIRCLE('',#5400,22.);
#5400 = AXIS2_PLACEMENT_3D('',#5401,#5402,#5403);
#5401 = CARTESIAN_POINT('',(4.230517910044E-15,-18.23205080756,
    -2.820345273362E-15));
#5402 = DIRECTION('',(-3.330669073875E-16,-1.,2.22044604925E-16));
#5403 = DIRECTION('',(1.,-3.330669073875E-16,0.));
#5404 = ORIENTED_EDGE('',*,*,#3125,.T.);
#5405 = ORIENTED_EDGE('',*,*,#5406,.T.);
#5406 = EDGE_CURVE('',#3115,#5407,#5409,.T.);
#5407 = VERTEX_POINT('',#5408);
#5408 = CARTESIAN_POINT('',(10.910718567164,-18.23205080756,
    -19.10382737432));
#5409 = CIRCLE('',#5410,22.);
#5410 = AXIS2_PLACEMENT_3D('',#5411,#5412,#5413);
#5411 = CARTESIAN_POINT('',(4.230517910044E-15,-18.23205080756,
    -2.820345273362E-15));
#5412 = DIRECTION('',(-3.330669073875E-16,-1.,2.22044604925E-16));
#5413 = DIRECTION('',(1.,-3.330669073875E-16,0.));
#5414 = ORIENTED_EDGE('',*,*,#5415,.T.);
#5415 = EDGE_CURVE('',#5407,#5416,#5418,.T.);
#5416 = VERTEX_POINT('',#5417);
#5417 = CARTESIAN_POINT('',(16.196991251037,-18.23205080756,
    -14.88816558256));
#5418 = CIRCLE('',#5419,22.);
#5419 = AXIS2_PLACEMENT_3D('',#5420,#5421,#5422);
#5420 = CARTESIAN_POINT('',(4.230517910044E-15,-18.23205080756,
    -2.820345273362E-15));
#5421 = DIRECTION('',(-3.330669073875E-16,-1.,2.22044604925E-16));
#5422 = DIRECTION('',(1.,-3.330669073875E-16,0.));
#5423 = ORIENTED_EDGE('',*,*,#5424,.T.);
#5424 = EDGE_CURVE('',#5416,#3459,#5425,.T.);
#5425 = CIRCLE('',#5426,22.);
#5426 = AXIS2_PLACEMENT_3D('',#5427,#5428,#5429);
#5427 = CARTESIAN_POINT('',(4.230517910044E-15,-18.23205080756,
    -2.820345273362E-15));
#5428 = DIRECTION('',(-3.330669073875E-16,-1.,2.22044604925E-16));
#5429 = DIRECTION('',(1.,-3.330669073875E-16,0.));
#5430 = ORIENTED_EDGE('',*,*,#3458,.T.);
#5431 = ORIENTED_EDGE('',*,*,#5432,.T.);
#5432 = EDGE_CURVE('',#3448,#5433,#5435,.T.);
#5433 = VERTEX_POINT('',#5434);
#5434 = CARTESIAN_POINT('',(18.119057808089,-18.23205080756,
    -12.47797035367));
#5435 = CIRCLE('',#5436,22.);
#5436 = AXIS2_PLACEMENT_3D('',#5437,#5438,#5439);
#5437 = CARTESIAN_POINT('',(4.230517910044E-15,-18.23205080756,
    -2.820345273362E-15));
#5438 = DIRECTION('',(-3.330669073875E-16,-1.,2.22044604925E-16));
#5439 = DIRECTION('',(1.,-3.330669073875E-16,0.));
#5440 = ORIENTED_EDGE('',*,*,#5441,.T.);
#5441 = EDGE_CURVE('',#5433,#5442,#5444,.T.);
#5442 = VERTEX_POINT('',#5443);
#5443 = CARTESIAN_POINT('',(21.052717822436,-18.23205080756,
    -6.386162563612));
#5444 = CIRCLE('',#5445,22.);
#5445 = AXIS2_PLACEMENT_3D('',#5446,#5447,#5448);
#5446 = CARTESIAN_POINT('',(4.230517910044E-15,-18.23205080756,
    -2.820345273362E-15));
#5447 = DIRECTION('',(-3.330669073875E-16,-1.,2.22044604925E-16));
#5448 = DIRECTION('',(1.,-3.330669073875E-16,0.));
#5449 = ORIENTED_EDGE('',*,*,#5450,.T.);
#5450 = EDGE_CURVE('',#5442,#3792,#5451,.T.);
#5451 = CIRCLE('',#5452,22.);
#5452 = AXIS2_PLACEMENT_3D('',#5453,#5454,#5455);
#5453 = CARTESIAN_POINT('',(4.230517910044E-15,-18.23205080756,
    -2.820345273362E-15));
#5454 = DIRECTION('',(-3.330669073875E-16,-1.,2.22044604925E-16));
#5455 = DIRECTION('',(1.,-3.330669073875E-16,0.));
#5456 = ORIENTED_EDGE('',*,*,#3791,.T.);
#5457 = ORIENTED_EDGE('',*,*,#5458,.T.);
#5458 = EDGE_CURVE('',#3781,#5459,#5461,.T.);
#5459 = VERTEX_POINT('',#5460);
#5460 = CARTESIAN_POINT('',(21.738695434462,-18.23205080756,
    -3.380698272207));
#5461 = CIRCLE('',#5462,22.);
#5462 = AXIS2_PLACEMENT_3D('',#5463,#5464,#5465);
#5463 = CARTESIAN_POINT('',(4.230517910044E-15,-18.23205080756,
    -2.820345273362E-15));
#5464 = DIRECTION('',(-3.330669073875E-16,-1.,2.22044604925E-16));
#5465 = DIRECTION('',(1.,-3.330669073875E-16,0.));
#5466 = ORIENTED_EDGE('',*,*,#5467,.T.);
#5467 = EDGE_CURVE('',#5459,#5468,#5470,.T.);
#5468 = VERTEX_POINT('',#5469);
#5469 = CARTESIAN_POINT('',(21.99166656679,-18.23205080756,
    -0.605476353905));
#5470 = CIRCLE('',#5471,22.);
#5471 = AXIS2_PLACEMENT_3D('',#5472,#5473,#5474);
#5472 = CARTESIAN_POINT('',(4.230517910044E-15,-18.23205080756,
    -2.820345273362E-15));
#5473 = DIRECTION('',(-3.330669073875E-16,-1.,2.22044604925E-16));
#5474 = DIRECTION('',(1.,-3.330669073875E-16,0.));
#5475 = ORIENTED_EDGE('',*,*,#5476,.F.);
#5476 = EDGE_CURVE('',#5477,#5468,#5479,.T.);
#5477 = VERTEX_POINT('',#5478);
#5478 = CARTESIAN_POINT('',(21.99166656679,-18.23205080756,
    0.605476353905));
#5479 = B_SPLINE_CURVE_WITH_KNOTS('',8,(#5480,#5481,#5482,#5483,#5484,
    #5485,#5486,#5487,#5488,#5489,#5490,#5491,#5492,#5493,#5494,#5495,
    #5496,#5497,#5498,#5499,#5500,#5501,#5502,#5503,#5504,#5505,#5506,
    #5507,#5508,#5509,#5510,#5511,#5512,#5513,#5514,#5515,#5516,#5517,
    #5518,#5519,#5520,#5521,#5522,#5523,#5524,#5525,#5526,#5527,#5528,
    #5529,#5530,#5531,#5532,#5533,#5534,#5535,#5536,#5537,#5538,#5539,
    #5540,#5541,#5542,#5543,#5544,#5545,#5546,#5547,#5548,#5549,#5550,
    #5551,#5552,#5553,#5554,#5555,#5556,#5557,#5558,#5559,#5560,#5561,
    #5562,#5563,#5564,#5565,#5566,#5567,#5568,#5569,#5570,#5571,#5572,
    #5573,#5574,#5575,#5576,#5577,#5578,#5579,#5580,#5581,#5582,#5583,
    #5584,#5585,#5586,#5587,#5588,#5589,#5590,#5591,#5592,#5593,#5594,
    #5595,#5596,#5597,#5598,#5599,#5600,#5601,#5602,#5603,#5604,#5605,
    #5606,#5607,#5608,#5609,#5610,#5611,#5612,#5613,#5614,#5615,#5616,
    #5617,#5618,#5619,#5620,#5621),.UNSPECIFIED.,.F.,.F.,(9,7,7,7,7,7,7,
    7,7,7,7,7,7,7,7,7,7,7,7,7,9),(0.,2.534404340241E-02,
    9.729452606311E-02,0.236376634544,0.32835933339,0.407943533217,
    0.461786426607,0.478774165147,0.486175593809,0.490628654187,
    0.50016803722,0.51297337659,0.519698921255,0.533958439331,
    0.55837017667,0.631129328271,0.763685061169,0.856963263397,
    0.938069980269,0.993301083488,1.),.UNSPECIFIED.);
#5480 = CARTESIAN_POINT('',(21.698576654033,-18.40496635575,
    0.289025768666));
#5481 = CARTESIAN_POINT('',(21.712134454038,-18.39694635312,
    0.314137137061));
#5482 = CARTESIAN_POINT('',(21.726634283363,-18.38837138695,
    0.338238570202));
#5483 = CARTESIAN_POINT('',(21.741941775361,-18.37932149942,
    0.361368225566));
#5484 = CARTESIAN_POINT('',(21.757941301299,-18.36986555168,
    0.383567710398));
#5485 = CARTESIAN_POINT('',(21.774535603722,-18.36006145583,
    0.40488170609));
#5486 = CARTESIAN_POINT('',(21.791645429805,-18.34995640689,
    0.425357592557));
#5487 = CARTESIAN_POINT('',(21.809209164719,-18.33958711482,
    0.445045072624));
#5488 = CARTESIAN_POINT('',(21.878207773323,-18.29886706707,
    0.517795961604));
#5489 = CARTESIAN_POINT('',(21.932397710448,-18.266918098,0.565514502189
    ));
#5490 = CARTESIAN_POINT('',(21.988736843572,-18.23373884123,
    0.608405430195));
#5491 = CARTESIAN_POINT('',(22.046647427784,-18.19967360326,
    0.64706537757));
#5492 = CARTESIAN_POINT('',(22.10568401574,-18.16498693663,
    0.682048139788));
#5493 = CARTESIAN_POINT('',(22.165595633358,-18.12982762491,
    0.713741985245));
#5494 = CARTESIAN_POINT('',(22.226248779938,-18.09427502885,
    0.742503400729));
#5495 = CARTESIAN_POINT('',(22.40633592127,-17.98883941288,
    0.819092462677));
#5496 = CARTESIAN_POINT('',(22.527292562948,-17.91817987159,
    0.859452948382));
#5497 = CARTESIAN_POINT('',(22.649739735603,-17.84681051116,
    0.891587030467));
#5498 = CARTESIAN_POINT('',(22.773224491537,-17.77499651991,
    0.916290720684));
#5499 = CARTESIAN_POINT('',(22.897382819918,-17.70294865866,
    0.934216120773));
#5500 = CARTESIAN_POINT('',(23.021983155543,-17.63079849905,
    0.945692522749));
#5501 = CARTESIAN_POINT('',(23.146864714881,-17.55863586542,
    0.95092891097));
#5502 = CARTESIAN_POINT('',(23.354668278626,-17.43880032917,
    0.949226403164));
#5503 = CARTESIAN_POINT('',(23.437428274985,-17.39113853783,
    0.945810512999));
#5504 = CARTESIAN_POINT('',(23.520178122098,-17.34354548833,
    0.939658600195));
#5505 = CARTESIAN_POINT('',(23.602862589723,-17.29605174439,
    0.930734601493));
#5506 = CARTESIAN_POINT('',(23.685418116751,-17.24869247161,
    0.918970264662));
#5507 = CARTESIAN_POINT('',(23.767770543972,-17.20150869422,
    0.904260469686));
#5508 = CARTESIAN_POINT('',(23.849831005183,-17.1545495855,
    0.886447866732));
#5509 = CARTESIAN_POINT('',(24.00214200119,-17.06749323593,
    0.846996777926));
#5510 = CARTESIAN_POINT('',(24.07245236301,-17.02734776261,0.82620849888
    ));
#5511 = CARTESIAN_POINT('',(24.142383751205,-16.98745933764,
    0.802771880579));
#5512 = CARTESIAN_POINT('',(24.211855759354,-16.94787251219,
    0.77649212617));
#5513 = CARTESIAN_POINT('',(24.280730135574,-16.90866455153,
    0.74710716009));
#5514 = CARTESIAN_POINT('',(24.34881237711,-16.86994434581,0.71429473378
    ));
#5515 = CARTESIAN_POINT('',(24.4158352857,-16.83186150871,0.677626460361
    ));
#5516 = CARTESIAN_POINT('',(24.525741376871,-16.76946619205,
    0.608467906575));
#5517 = CARTESIAN_POINT('',(24.569301827364,-16.74475135483,
    0.578536610338));
#5518 = CARTESIAN_POINT('',(24.612053712902,-16.72050954893,
    0.546312473894));
#5519 = CARTESIAN_POINT('',(24.653838784968,-16.69682953476,
    0.511494237088));
#5520 = CARTESIAN_POINT('',(24.694368732406,-16.67387355024,
    0.473767868429));
#5521 = CARTESIAN_POINT('',(24.733176245032,-16.65190464436,
    0.432749356453));
#5522 = CARTESIAN_POINT('',(24.769646434321,-16.63126862526,
    0.388034885516));
#5523 = CARTESIAN_POINT('',(24.813278150905,-16.60658997394,
    0.323409633909));
#5524 = CARTESIAN_POINT('',(24.823404507035,-16.60086317624,
    0.307484590034));
#5525 = CARTESIAN_POINT('',(24.833160383267,-16.5953466342,0.29111789495
    ));
#5526 = CARTESIAN_POINT('',(24.842506196964,-16.59006263351,
    0.274296741163));
#5527 = CARTESIAN_POINT('',(24.851396176041,-16.58503694907,
    0.257012629508));
#5528 = CARTESIAN_POINT('',(24.859779374406,-16.58029827194,
    0.239262412974));
#5529 = CARTESIAN_POINT('',(24.867600687411,-16.57587763612,
    0.221049340525));
#5530 = CARTESIAN_POINT('',(24.877939366681,-16.57003466862,
    0.194251797781));
#5531 = CARTESIAN_POINT('',(24.880959025252,-16.56832816127,
    0.186034255772));
#5532 = CARTESIAN_POINT('',(24.88385582118,-16.56669115197,
    0.177732669153));
#5533 = CARTESIAN_POINT('',(24.886624746828,-16.56512646129,
    0.169348744657));
#5534 = CARTESIAN_POINT('',(24.889260808758,-16.5636369019,
    0.160884701492));
#5535 = CARTESIAN_POINT('',(24.891759027729,-16.56222527853,
    0.152343271339));
#5536 = CARTESIAN_POINT('',(24.894114438695,-16.56089438797,
    0.143727698352));
#5537 = CARTESIAN_POINT('',(24.897650321962,-16.55889654116,
    0.129815842579));
#5538 = CARTESIAN_POINT('',(24.89892509792,-16.5581762792,0.124564492116
    ));
#5539 = CARTESIAN_POINT('',(24.900145354485,-16.55748683269,
    0.119288533593));
#5540 = CARTESIAN_POINT('',(24.901310065509,-16.55682877969,
    0.113988889419));
#5541 = CARTESIAN_POINT('',(24.902418242896,-16.55620267681,
    0.108666558585));
#5542 = CARTESIAN_POINT('',(24.903468936598,-16.55560905924,
    0.103322616666));
#5543 = CARTESIAN_POINT('',(24.90446123462,-16.55504844076,
    9.795821582106E-02));
#5544 = CARTESIAN_POINT('',(24.90739300421,-16.5533920977,
    8.104172555689E-02));
#5545 = CARTESIAN_POINT('',(24.909119902756,-16.55241649161,
    6.941996213443E-02));
#5546 = CARTESIAN_POINT('',(24.910566319783,-16.55159936228,
    5.772219533435E-02));
#5547 = CARTESIAN_POINT('',(24.911724981087,-16.55094480772,
    4.596222797103E-02));
#5548 = CARTESIAN_POINT('',(24.912590179024,-16.55045604339,
    3.415476466948E-02));
#5549 = CARTESIAN_POINT('',(24.9131579744,-16.55013528846,
    2.23154116715E-02));
#5550 = CARTESIAN_POINT('',(24.913426398356,-16.54998365212,
    1.046067664163E-02));
#5551 = CARTESIAN_POINT('',(24.913354384456,-16.55002433373,
    -1.730269891743E-02));
#5552 = CARTESIAN_POINT('',(24.912774008376,-16.55035219618,
    -3.321269546912E-02));
#5553 = CARTESIAN_POINT('',(24.911654708797,-16.55098450379,
    -4.907868489609E-02));
#5554 = CARTESIAN_POINT('',(24.91000386021,-16.55191710203,
    -6.486125303554E-02));
#5555 = CARTESIAN_POINT('',(24.90783493779,-16.55314239974,
    -8.052479884119E-02));
#5556 = CARTESIAN_POINT('',(24.905166426364,-16.55464998356,
    -9.603742537694E-02));
#5557 = CARTESIAN_POINT('',(24.902020729378,-16.55642723242,
    -0.111370830811));
#5558 = CARTESIAN_POINT('',(24.8965335406,-16.55952753453,
    -0.134446356969));
#5559 = CARTESIAN_POINT('',(24.894519127731,-16.56066571822,
    -0.142336880934));
#5560 = CARTESIAN_POINT('',(24.892383456453,-16.56187244546,
    -0.150168654434));
#5561 = CARTESIAN_POINT('',(24.890130186527,-16.56314565469,
    -0.157938929311));
#5562 = CARTESIAN_POINT('',(24.887763020287,-16.5644832604,
    -0.165645326112));
#5563 = CARTESIAN_POINT('',(24.885285702639,-16.56588315314,
    -0.173285834094));
#5564 = CARTESIAN_POINT('',(24.882702021057,-16.56734319952,
    -0.180858811223));
#5565 = CARTESIAN_POINT('',(24.874320484245,-16.57207980054,
    -0.204273352053));
#5566 = CARTESIAN_POINT('',(24.868164419781,-16.57555896883,
    -0.219873069557));
#5567 = CARTESIAN_POINT('',(24.861582928084,-16.57927885655,
    -0.235151605711));
#5568 = CARTESIAN_POINT('',(24.854610247752,-16.58322018001,
    -0.250103230065));
#5569 = CARTESIAN_POINT('',(24.847278876769,-16.58736463653,
    -0.264726415023));
#5570 = CARTESIAN_POINT('',(24.839618909183,-16.59169527844,
    -0.279023238169));
#5571 = CARTESIAN_POINT('',(24.831657371783,-16.59619688725,
    -0.29299878459));
#5572 = CARTESIAN_POINT('',(24.809311326534,-16.60883316164,
    -0.330048955984));
#5573 = CARTESIAN_POINT('',(24.79439521685,-16.61726938982,
    -0.35250896758));
#5574 = CARTESIAN_POINT('',(24.778784498159,-16.62610014964,
    -0.374084673996));
#5575 = CARTESIAN_POINT('',(24.762577545874,-16.63527006214,
    -0.394819789074));
#5576 = CARTESIAN_POINT('',(24.745856612879,-16.6447328254,
    -0.414757976815));
#5577 = CARTESIAN_POINT('',(24.728688598024,-16.65445078815,
    -0.433943177714));
#5578 = CARTESIAN_POINT('',(24.711125814632,-16.66439452326,
    -0.452419935079));
#5579 = CARTESIAN_POINT('',(24.639799036816,-16.70478813859,
    -0.523327688386));
#5580 = CARTESIAN_POINT('',(24.583355398471,-16.73677431698,
    -0.570403215035));
#5581 = CARTESIAN_POINT('',(24.524880079493,-16.76993665743,
    -0.612732257363));
#5582 = CARTESIAN_POINT('',(24.464937058835,-16.80395845314,
    -0.650908866986));
#5583 = CARTESIAN_POINT('',(24.4039605941,-16.83859553862,
    -0.685480983273));
#5584 = CARTESIAN_POINT('',(24.342193269609,-16.87371170726,
    -0.716825909752));
#5585 = CARTESIAN_POINT('',(24.279765117744,-16.90923446488,
    -0.74528895296));
#5586 = CARTESIAN_POINT('',(24.101729955396,-17.01063047408,
    -0.818242873975));
#5587 = CARTESIAN_POINT('',(23.985024638566,-17.07720304656,
    -0.856503120346));
#5588 = CARTESIAN_POINT('',(23.867204445739,-17.14452446048,
    -0.887441489775));
#5589 = CARTESIAN_POINT('',(23.748658942369,-17.21237838234,
    -0.911735100725));
#5590 = CARTESIAN_POINT('',(23.629697282726,-17.28059299684,
    -0.929913160203));
#5591 = CARTESIAN_POINT('',(23.510524212972,-17.34905494923,
    -0.942252958797));
#5592 = CARTESIAN_POINT('',(23.391285062867,-17.41768438666,
    -0.948921493104));
#5593 = CARTESIAN_POINT('',(23.188167802691,-17.53481724382,
    -0.950593973528));
#5594 = CARTESIAN_POINT('',(23.104325050925,-17.58323317049,
    -0.948468344061));
#5595 = CARTESIAN_POINT('',(23.020584187436,-17.63165728439,
    -0.943527865649));
#5596 = CARTESIAN_POINT('',(22.937002167406,-17.68005766885,
    -0.935733761673));
#5597 = CARTESIAN_POINT('',(22.853644067238,-17.72839748839,
    -0.925013464682));
#5598 = CARTESIAN_POINT('',(22.770585303937,-17.77663362042,
    -0.9112561635));
#5599 = CARTESIAN_POINT('',(22.687915599391,-17.8247142325,
    -0.89429733164));
#5600 = CARTESIAN_POINT('',(22.534295920597,-17.91419118529,
    -0.856149718484));
#5601 = CARTESIAN_POINT('',(22.463267417977,-17.95561594959,
    -0.835812595628));
#5602 = CARTESIAN_POINT('',(22.392695831642,-17.99682805516,
    -0.812712699084));
#5603 = CARTESIAN_POINT('',(22.32266270508,-18.03777969056,
    -0.786645125698));
#5604 = CARTESIAN_POINT('',(22.253309069678,-18.07838784792,
    -0.75733459782));
#5605 = CARTESIAN_POINT('',(22.184833308481,-18.11853527778,
    -0.724443411761));
#5606 = CARTESIAN_POINT('',(22.117507194239,-18.15806061947,
    -0.687524297251));
#5607 = CARTESIAN_POINT('',(22.006963041508,-18.22304076911,
    -0.617423233403));
#5608 = CARTESIAN_POINT('',(21.963033050123,-18.24888707631,
    -0.58688641738));
#5609 = CARTESIAN_POINT('',(21.919968697602,-18.27424660052,
    -0.553924798287));
#5610 = CARTESIAN_POINT('',(21.877933755336,-18.29902172806,
    -0.51821830992));
#5611 = CARTESIAN_POINT('',(21.83722962785,-18.32303329352,
    -0.479434599458));
#5612 = CARTESIAN_POINT('',(21.798345587253,-18.34599025643,
    -0.437170214211));
#5613 = CARTESIAN_POINT('',(21.761923458001,-18.36750998966,
    -0.391006964345));
#5614 = CARTESIAN_POINT('',(21.724970855058,-18.38935679041,
    -0.334047967021));
#5615 = CARTESIAN_POINT('',(21.721025999603,-18.39168923178,
    -0.32782055471));
#5616 = CARTESIAN_POINT('',(21.71713545585,-18.3939897524,
    -0.321526133651));
#5617 = CARTESIAN_POINT('',(21.713301373896,-18.39625707184,
    -0.315163972553));
#5618 = CARTESIAN_POINT('',(21.709526017781,-18.39848984185,
    -0.308733410601));
#5619 = CARTESIAN_POINT('',(21.705811765489,-18.40068664639,
    -0.302233857461));
#5620 = CARTESIAN_POINT('',(21.702161108949,-18.40284600157,
    -0.295664793276));
#5621 = CARTESIAN_POINT('',(21.698576654033,-18.40496635575,
    -0.289025768666));
#5622 = ORIENTED_EDGE('',*,*,#5623,.T.);
#5623 = EDGE_CURVE('',#5477,#5624,#5626,.T.);
#5624 = VERTEX_POINT('',#5625);
#5625 = CARTESIAN_POINT('',(21.738695434462,-18.23205080756,
    3.380698272207));
#5626 = CIRCLE('',#5627,22.);
#5627 = AXIS2_PLACEMENT_3D('',#5628,#5629,#5630);
#5628 = CARTESIAN_POINT('',(4.230517910044E-15,-18.23205080756,
    -2.820345273362E-15));
#5629 = DIRECTION('',(-3.330669073875E-16,-1.,2.22044604925E-16));
#5630 = DIRECTION('',(1.,-3.330669073875E-16,0.));
#5631 = ORIENTED_EDGE('',*,*,#5632,.T.);
#5632 = EDGE_CURVE('',#5624,#4125,#5633,.T.);
#5633 = CIRCLE('',#5634,22.);
#5634 = AXIS2_PLACEMENT_3D('',#5635,#5636,#5637);
#5635 = CARTESIAN_POINT('',(4.230517910044E-15,-18.23205080756,
    -2.820345273362E-15));
#5636 = DIRECTION('',(-3.330669073875E-16,-1.,2.22044604925E-16));
#5637 = DIRECTION('',(1.,-3.330669073875E-16,0.));
#5638 = ORIENTED_EDGE('',*,*,#4124,.T.);
#5639 = ORIENTED_EDGE('',*,*,#5640,.T.);
#5640 = EDGE_CURVE('',#4114,#5641,#5643,.T.);
#5641 = VERTEX_POINT('',#5642);
#5642 = CARTESIAN_POINT('',(21.052717822436,-18.23205080756,
    6.386162563612));
#5643 = CIRCLE('',#5644,22.);
#5644 = AXIS2_PLACEMENT_3D('',#5645,#5646,#5647);
#5645 = CARTESIAN_POINT('',(4.230517910044E-15,-18.23205080756,
    -2.820345273362E-15));
#5646 = DIRECTION('',(-3.330669073875E-16,-1.,2.22044604925E-16));
#5647 = DIRECTION('',(1.,-3.330669073875E-16,0.));
#5648 = ORIENTED_EDGE('',*,*,#5649,.T.);
#5649 = EDGE_CURVE('',#5641,#5650,#5652,.T.);
#5650 = VERTEX_POINT('',#5651);
#5651 = CARTESIAN_POINT('',(18.119057808089,-18.23205080756,
    12.477970353672));
#5652 = CIRCLE('',#5653,22.);
#5653 = AXIS2_PLACEMENT_3D('',#5654,#5655,#5656);
#5654 = CARTESIAN_POINT('',(4.230517910044E-15,-18.23205080756,
    -2.820345273362E-15));
#5655 = DIRECTION('',(-3.330669073875E-16,-1.,2.22044604925E-16));
#5656 = DIRECTION('',(1.,-3.330669073875E-16,0.));
#5657 = ORIENTED_EDGE('',*,*,#5658,.T.);
#5658 = EDGE_CURVE('',#5650,#4458,#5659,.T.);
#5659 = CIRCLE('',#5660,22.);
#5660 = AXIS2_PLACEMENT_3D('',#5661,#5662,#5663);
#5661 = CARTESIAN_POINT('',(4.230517910044E-15,-18.23205080756,
    -2.820345273362E-15));
#5662 = DIRECTION('',(-3.330669073875E-16,-1.,2.22044604925E-16));
#5663 = DIRECTION('',(1.,-3.330669073875E-16,0.));
#5664 = ORIENTED_EDGE('',*,*,#4457,.T.);
#5665 = ORIENTED_EDGE('',*,*,#5666,.T.);
#5666 = EDGE_CURVE('',#4447,#5667,#5669,.T.);
#5667 = VERTEX_POINT('',#5668);
#5668 = CARTESIAN_POINT('',(16.196991251037,-18.23205080756,
    14.888165582564));
#5669 = CIRCLE('',#5670,22.);
#5670 = AXIS2_PLACEMENT_3D('',#5671,#5672,#5673);
#5671 = CARTESIAN_POINT('',(4.230517910044E-15,-18.23205080756,
    -2.820345273362E-15));
#5672 = DIRECTION('',(-3.330669073875E-16,-1.,2.22044604925E-16));
#5673 = DIRECTION('',(1.,-3.330669073875E-16,0.));
#5674 = ORIENTED_EDGE('',*,*,#5675,.T.);
#5675 = EDGE_CURVE('',#5667,#5676,#5678,.T.);
#5676 = VERTEX_POINT('',#5677);
#5677 = CARTESIAN_POINT('',(10.910718567164,-18.23205080756,
    19.103827374329));
#5678 = CIRCLE('',#5679,22.);
#5679 = AXIS2_PLACEMENT_3D('',#5680,#5681,#5682);
#5680 = CARTESIAN_POINT('',(4.230517910044E-15,-18.23205080756,
    -2.820345273362E-15));
#5681 = DIRECTION('',(-3.330669073875E-16,-1.,2.22044604925E-16));
#5682 = DIRECTION('',(1.,-3.330669073875E-16,0.));
#5683 = ORIENTED_EDGE('',*,*,#5684,.T.);
#5684 = EDGE_CURVE('',#5676,#4791,#5685,.T.);
#5685 = CIRCLE('',#5686,22.);
#5686 = AXIS2_PLACEMENT_3D('',#5687,#5688,#5689);
#5687 = CARTESIAN_POINT('',(4.230517910044E-15,-18.23205080756,
    -2.820345273362E-15));
#5688 = DIRECTION('',(-3.330669073875E-16,-1.,2.22044604925E-16));
#5689 = DIRECTION('',(1.,-3.330669073875E-16,0.));
#5690 = ORIENTED_EDGE('',*,*,#4790,.T.);
#5691 = ORIENTED_EDGE('',*,*,#5692,.T.);
#5692 = EDGE_CURVE('',#4780,#5693,#5695,.T.);
#5693 = VERTEX_POINT('',#5694);
#5694 = CARTESIAN_POINT('',(8.133251919308,-18.23205080756,
    20.441384816521));
#5695 = CIRCLE('',#5696,22.);
#5696 = AXIS2_PLACEMENT_3D('',#5697,#5698,#5699);
#5697 = CARTESIAN_POINT('',(4.230517910044E-15,-18.23205080756,
    -2.820345273362E-15));
#5698 = DIRECTION('',(-3.330669073875E-16,-1.,2.22044604925E-16));
#5699 = DIRECTION('',(1.,-3.330669073875E-16,0.));
#5700 = ORIENTED_EDGE('',*,*,#5701,.T.);
#5701 = EDGE_CURVE('',#5693,#5098,#5702,.T.);
#5702 = CIRCLE('',#5703,22.);
#5703 = AXIS2_PLACEMENT_3D('',#5704,#5705,#5706);
#5704 = CARTESIAN_POINT('',(4.230517910044E-15,-18.23205080756,
    -2.820345273362E-15));
#5705 = DIRECTION('',(-3.330669073875E-16,-1.,2.22044604925E-16));
#5706 = DIRECTION('',(1.,-3.330669073875E-16,0.));
#5707 = ORIENTED_EDGE('',*,*,#5097,.F.);
#5708 = ORIENTED_EDGE('',*,*,#635,.F.);
#5709 = ORIENTED_EDGE('',*,*,#588,.T.);
#5710 = CONICAL_SURFACE('',#5711,25.,1.047197551197);
#5711 = AXIS2_PLACEMENT_3D('',#5712,#5713,#5714);
#5712 = CARTESIAN_POINT('',(0.,-16.5,0.));
#5713 = DIRECTION('',(0.,1.,0.));
#5714 = DIRECTION('',(-1.,0.,0.));
#5715 = ADVANCED_FACE('',(#5716),#5728,.T.);
#5716 = FACE_BOUND('',#5717,.T.);
#5717 = EDGE_LOOP('',(#5718,#5719,#5720,#5727));
#5718 = ORIENTED_EDGE('',*,*,#568,.F.);
#5719 = ORIENTED_EDGE('',*,*,#5160,.T.);
#5720 = ORIENTED_EDGE('',*,*,#5721,.T.);
#5721 = EDGE_CURVE('',#5161,#674,#5722,.T.);
#5722 = ( BOUNDED_CURVE() B_SPLINE_CURVE(2,(#5723,#5724,#5725,#5726),
.UNSPECIFIED.,.F.,.F.) B_SPLINE_CURVE_WITH_KNOTS((3,1,3),(
-2.999333580064,5.767949192431,6.120947683008),.UNSPECIFIED.) CURVE() 
GEOMETRIC_REPRESENTATION_ITEM() RATIONAL_B_SPLINE_CURVE((1.056651799772,
1.056651799772,1.056651799772,1.056651799772)) REPRESENTATION_ITEM('') 
  );
#5723 = CARTESIAN_POINT('',(-1.541377702829,-15.2327172275,
    21.945937090433));
#5724 = CARTESIAN_POINT('',(-1.541377702829,-19.61635861375,
    21.945937090433));
#5725 = CARTESIAN_POINT('',(-1.541377702829,-24.17649924528,
    21.945937090433));
#5726 = CARTESIAN_POINT('',(-1.541377702829,-24.35299849057,
    21.945937090433));
#5727 = ORIENTED_EDGE('',*,*,#673,.T.);
#5728 = ( BOUNDED_SURFACE() B_SPLINE_SURFACE(6,2,(
    (#5729,#5730,#5731,#5732)
    ,(#5733,#5734,#5735,#5736)
    ,(#5737,#5738,#5739,#5740)
    ,(#5741,#5742,#5743,#5744)
    ,(#5745,#5746,#5747,#5748)
    ,(#5749,#5750,#5751,#5752)
    ,(#5753,#5754,#5755,#5756
)),.UNSPECIFIED.,.F.,.F.,.F.) B_SPLINE_SURFACE_WITH_KNOTS((7,7),(3,1,3),
  (0.,8.767282772495),(-2.999333580064,5.767949192431,6.120947683008),
.UNSPECIFIED.) GEOMETRIC_REPRESENTATION_ITEM() RATIONAL_B_SPLINE_SURFACE
((
    (1.056651799772,1.056651799772,1.056651799772,1.056651799772)
    ,(1.017452375137,1.017452375137,1.017452375137,1.017452375137)
    ,(0.99632276822,0.99632276822,0.99632276822,0.99632276822)
    ,(0.98937924261,0.98937924261,0.98937924261,0.98937924261)
    ,(0.99632276822,0.99632276822,0.99632276822,0.99632276822)
    ,(1.017452375137,1.017452375137,1.017452375137,1.017452375137)
    ,(1.056651799772,1.056651799772,1.056651799772,1.056651799772
))) REPRESENTATION_ITEM('') SURFACE() );
#5729 = CARTESIAN_POINT('',(-1.347675157286,-15.2327172275,
    21.658613445378));
#5730 = CARTESIAN_POINT('',(-1.347675157286,-19.61635861375,
    21.658613445378));
#5731 = CARTESIAN_POINT('',(-1.347675157286,-24.17649924528,
    21.658613445378));
#5732 = CARTESIAN_POINT('',(-1.347675157286,-24.35299849057,
    21.658613445378));
#5733 = CARTESIAN_POINT('',(-1.315825146427,-15.2327172275,
    21.723785920517));
#5734 = CARTESIAN_POINT('',(-1.315825146427,-19.61635861375,
    21.723785920517));
#5735 = CARTESIAN_POINT('',(-1.315825146427,-24.17649924528,
    21.723785920517));
#5736 = CARTESIAN_POINT('',(-1.315825146427,-24.35299849057,
    21.723785920517));
#5737 = CARTESIAN_POINT('',(-1.313408665922,-15.2327172275,
    21.799435356688));
#5738 = CARTESIAN_POINT('',(-1.313408665922,-19.61635861375,
    21.799435356688));
#5739 = CARTESIAN_POINT('',(-1.313408665922,-24.17649924528,
    21.799435356688));
#5740 = CARTESIAN_POINT('',(-1.313408665922,-24.35299849057,
    21.799435356688));
#5741 = CARTESIAN_POINT('',(-1.342420932677,-15.2327172275,
    21.871110865313));
#5742 = CARTESIAN_POINT('',(-1.342420932677,-19.61635861375,
    21.871110865313));
#5743 = CARTESIAN_POINT('',(-1.342420932677,-24.17649924528,
    21.871110865313));
#5744 = CARTESIAN_POINT('',(-1.342420932677,-24.35299849057,
    21.871110865313));
#5745 = CARTESIAN_POINT('',(-1.397983472429,-15.2327172275,
    21.924887201513));
#5746 = CARTESIAN_POINT('',(-1.397983472429,-19.61635861375,
    21.924887201513));
#5747 = CARTESIAN_POINT('',(-1.397983472429,-24.17649924528,
    21.924887201513));
#5748 = CARTESIAN_POINT('',(-1.397983472429,-24.35299849057,
    21.924887201513));
#5749 = CARTESIAN_POINT('',(-1.469017179276,-15.2327172275,
    21.951019347668));
#5750 = CARTESIAN_POINT('',(-1.469017179276,-19.61635861375,
    21.951019347668));
#5751 = CARTESIAN_POINT('',(-1.469017179276,-24.17649924528,
    21.951019347668));
#5752 = CARTESIAN_POINT('',(-1.469017179276,-24.35299849057,
    21.951019347668));
#5753 = CARTESIAN_POINT('',(-1.541377702829,-15.2327172275,
    21.945937090433));
#5754 = CARTESIAN_POINT('',(-1.541377702829,-19.61635861375,
    21.945937090433));
#5755 = CARTESIAN_POINT('',(-1.541377702829,-24.17649924528,
    21.945937090433));
#5756 = CARTESIAN_POINT('',(-1.541377702829,-24.35299849057,
    21.945937090433));
#5757 = ADVANCED_FACE('',(#5758,#5886,#5897,#5908,#5919,#5930),#5941,.F.
  );
#5758 = FACE_BOUND('',#5759,.F.);
#5759 = EDGE_LOOP('',(#5760,#5767,#5768,#5769,#5776,#5777,#5778,#5785,
    #5786,#5787,#5794,#5795,#5796,#5803,#5804,#5805,#5812,#5813,#5814,
    #5821,#5822,#5823,#5830,#5831,#5832,#5839,#5840,#5841,#5848,#5849,
    #5850,#5857,#5858,#5859,#5866,#5867,#5868,#5875,#5876,#5877,#5884,
    #5885));
#5760 = ORIENTED_EDGE('',*,*,#5761,.T.);
#5761 = EDGE_CURVE('',#4983,#428,#5762,.T.);
#5762 = CIRCLE('',#5763,21.6);
#5763 = AXIS2_PLACEMENT_3D('',#5764,#5765,#5766);
#5764 = CARTESIAN_POINT('',(6.661338147751E-15,-4.,-6.661338147751E-15)
  );
#5765 = DIRECTION('',(-3.330669073875E-16,-1.,3.330669073875E-16));
#5766 = DIRECTION('',(-2.302684791815E-16,3.330669073875E-16,1.));
#5767 = ORIENTED_EDGE('',*,*,#427,.F.);
#5768 = ORIENTED_EDGE('',*,*,#547,.F.);
#5769 = ORIENTED_EDGE('',*,*,#5770,.T.);
#5770 = EDGE_CURVE('',#536,#864,#5771,.T.);
#5771 = CIRCLE('',#5772,21.6);
#5772 = AXIS2_PLACEMENT_3D('',#5773,#5774,#5775);
#5773 = CARTESIAN_POINT('',(6.661338147751E-15,-4.,-6.661338147751E-15)
  );
#5774 = DIRECTION('',(-3.330669073875E-16,-1.,3.330669073875E-16));
#5775 = DIRECTION('',(-2.302684791815E-16,3.330669073875E-16,1.));
#5776 = ORIENTED_EDGE('',*,*,#863,.F.);
#5777 = ORIENTED_EDGE('',*,*,#991,.F.);
#5778 = ORIENTED_EDGE('',*,*,#5779,.T.);
#5779 = EDGE_CURVE('',#980,#1197,#5780,.T.);
#5780 = CIRCLE('',#5781,21.6);
#5781 = AXIS2_PLACEMENT_3D('',#5782,#5783,#5784);
#5782 = CARTESIAN_POINT('',(6.661338147751E-15,-4.,-6.661338147751E-15)
  );
#5783 = DIRECTION('',(-3.330669073875E-16,-1.,3.330669073875E-16));
#5784 = DIRECTION('',(-2.302684791815E-16,3.330669073875E-16,1.));
#5785 = ORIENTED_EDGE('',*,*,#1196,.F.);
#5786 = ORIENTED_EDGE('',*,*,#1324,.F.);
#5787 = ORIENTED_EDGE('',*,*,#5788,.T.);
#5788 = EDGE_CURVE('',#1313,#1530,#5789,.T.);
#5789 = CIRCLE('',#5790,21.6);
#5790 = AXIS2_PLACEMENT_3D('',#5791,#5792,#5793);
#5791 = CARTESIAN_POINT('',(6.661338147751E-15,-4.,-6.661338147751E-15)
  );
#5792 = DIRECTION('',(-3.330669073875E-16,-1.,3.330669073875E-16));
#5793 = DIRECTION('',(-2.302684791815E-16,3.330669073875E-16,1.));
#5794 = ORIENTED_EDGE('',*,*,#1529,.F.);
#5795 = ORIENTED_EDGE('',*,*,#1657,.F.);
#5796 = ORIENTED_EDGE('',*,*,#5797,.T.);
#5797 = EDGE_CURVE('',#1646,#1864,#5798,.T.);
#5798 = CIRCLE('',#5799,21.6);
#5799 = AXIS2_PLACEMENT_3D('',#5800,#5801,#5802);
#5800 = CARTESIAN_POINT('',(6.661338147751E-15,-4.,-6.661338147751E-15)
  );
#5801 = DIRECTION('',(-3.330669073875E-16,-1.,3.330669073875E-16));
#5802 = DIRECTION('',(-2.302684791815E-16,3.330669073875E-16,1.));
#5803 = ORIENTED_EDGE('',*,*,#1863,.F.);
#5804 = ORIENTED_EDGE('',*,*,#1991,.F.);
#5805 = ORIENTED_EDGE('',*,*,#5806,.T.);
#5806 = EDGE_CURVE('',#1980,#2199,#5807,.T.);
#5807 = CIRCLE('',#5808,21.6);
#5808 = AXIS2_PLACEMENT_3D('',#5809,#5810,#5811);
#5809 = CARTESIAN_POINT('',(6.661338147751E-15,-4.,-6.661338147751E-15)
  );
#5810 = DIRECTION('',(-3.330669073875E-16,-1.,3.330669073875E-16));
#5811 = DIRECTION('',(-2.302684791815E-16,3.330669073875E-16,1.));
#5812 = ORIENTED_EDGE('',*,*,#2198,.F.);
#5813 = ORIENTED_EDGE('',*,*,#2326,.F.);
#5814 = ORIENTED_EDGE('',*,*,#5815,.T.);
#5815 = EDGE_CURVE('',#2315,#2534,#5816,.T.);
#5816 = CIRCLE('',#5817,21.6);
#5817 = AXIS2_PLACEMENT_3D('',#5818,#5819,#5820);
#5818 = CARTESIAN_POINT('',(6.661338147751E-15,-4.,-6.661338147751E-15)
  );
#5819 = DIRECTION('',(-3.330669073875E-16,-1.,3.330669073875E-16));
#5820 = DIRECTION('',(-2.302684791815E-16,3.330669073875E-16,1.));
#5821 = ORIENTED_EDGE('',*,*,#2533,.F.);
#5822 = ORIENTED_EDGE('',*,*,#2661,.F.);
#5823 = ORIENTED_EDGE('',*,*,#5824,.T.);
#5824 = EDGE_CURVE('',#2650,#2869,#5825,.T.);
#5825 = CIRCLE('',#5826,21.6);
#5826 = AXIS2_PLACEMENT_3D('',#5827,#5828,#5829);
#5827 = CARTESIAN_POINT('',(6.661338147751E-15,-4.,-6.661338147751E-15)
  );
#5828 = DIRECTION('',(-3.330669073875E-16,-1.,3.330669073875E-16));
#5829 = DIRECTION('',(-2.302684791815E-16,3.330669073875E-16,1.));
#5830 = ORIENTED_EDGE('',*,*,#2868,.F.);
#5831 = ORIENTED_EDGE('',*,*,#2996,.F.);
#5832 = ORIENTED_EDGE('',*,*,#5833,.T.);
#5833 = EDGE_CURVE('',#2985,#3202,#5834,.T.);
#5834 = CIRCLE('',#5835,21.6);
#5835 = AXIS2_PLACEMENT_3D('',#5836,#5837,#5838);
#5836 = CARTESIAN_POINT('',(6.661338147751E-15,-4.,-6.661338147751E-15)
  );
#5837 = DIRECTION('',(-3.330669073875E-16,-1.,3.330669073875E-16));
#5838 = DIRECTION('',(-2.302684791815E-16,3.330669073875E-16,1.));
#5839 = ORIENTED_EDGE('',*,*,#3201,.F.);
#5840 = ORIENTED_EDGE('',*,*,#3329,.F.);
#5841 = ORIENTED_EDGE('',*,*,#5842,.T.);
#5842 = EDGE_CURVE('',#3318,#3535,#5843,.T.);
#5843 = CIRCLE('',#5844,21.6);
#5844 = AXIS2_PLACEMENT_3D('',#5845,#5846,#5847);
#5845 = CARTESIAN_POINT('',(6.661338147751E-15,-4.,-6.661338147751E-15)
  );
#5846 = DIRECTION('',(-3.330669073875E-16,-1.,3.330669073875E-16));
#5847 = DIRECTION('',(-2.302684791815E-16,3.330669073875E-16,1.));
#5848 = ORIENTED_EDGE('',*,*,#3534,.F.);
#5849 = ORIENTED_EDGE('',*,*,#3662,.F.);
#5850 = ORIENTED_EDGE('',*,*,#5851,.T.);
#5851 = EDGE_CURVE('',#3651,#3868,#5852,.T.);
#5852 = CIRCLE('',#5853,21.6);
#5853 = AXIS2_PLACEMENT_3D('',#5854,#5855,#5856);
#5854 = CARTESIAN_POINT('',(6.661338147751E-15,-4.,-6.661338147751E-15)
  );
#5855 = DIRECTION('',(-3.330669073875E-16,-1.,3.330669073875E-16));
#5856 = DIRECTION('',(-2.302684791815E-16,3.330669073875E-16,1.));
#5857 = ORIENTED_EDGE('',*,*,#3867,.F.);
#5858 = ORIENTED_EDGE('',*,*,#3995,.F.);
#5859 = ORIENTED_EDGE('',*,*,#5860,.T.);
#5860 = EDGE_CURVE('',#3984,#4201,#5861,.T.);
#5861 = CIRCLE('',#5862,21.6);
#5862 = AXIS2_PLACEMENT_3D('',#5863,#5864,#5865);
#5863 = CARTESIAN_POINT('',(6.661338147751E-15,-4.,-6.661338147751E-15)
  );
#5864 = DIRECTION('',(-3.330669073875E-16,-1.,3.330669073875E-16));
#5865 = DIRECTION('',(-2.302684791815E-16,3.330669073875E-16,1.));
#5866 = ORIENTED_EDGE('',*,*,#4200,.F.);
#5867 = ORIENTED_EDGE('',*,*,#4328,.F.);
#5868 = ORIENTED_EDGE('',*,*,#5869,.T.);
#5869 = EDGE_CURVE('',#4317,#4534,#5870,.T.);
#5870 = CIRCLE('',#5871,21.6);
#5871 = AXIS2_PLACEMENT_3D('',#5872,#5873,#5874);
#5872 = CARTESIAN_POINT('',(6.661338147751E-15,-4.,-6.661338147751E-15)
  );
#5873 = DIRECTION('',(-3.330669073875E-16,-1.,3.330669073875E-16));
#5874 = DIRECTION('',(-2.302684791815E-16,3.330669073875E-16,1.));
#5875 = ORIENTED_EDGE('',*,*,#4533,.F.);
#5876 = ORIENTED_EDGE('',*,*,#4661,.F.);
#5877 = ORIENTED_EDGE('',*,*,#5878,.T.);
#5878 = EDGE_CURVE('',#4650,#4867,#5879,.T.);
#5879 = CIRCLE('',#5880,21.6);
#5880 = AXIS2_PLACEMENT_3D('',#5881,#5882,#5883);
#5881 = CARTESIAN_POINT('',(6.661338147751E-15,-4.,-6.661338147751E-15)
  );
#5882 = DIRECTION('',(-3.330669073875E-16,-1.,3.330669073875E-16));
#5883 = DIRECTION('',(-2.302684791815E-16,3.330669073875E-16,1.));
#5884 = ORIENTED_EDGE('',*,*,#4866,.F.);
#5885 = ORIENTED_EDGE('',*,*,#4994,.F.);
#5886 = FACE_BOUND('',#5887,.F.);
#5887 = EDGE_LOOP('',(#5888));
#5888 = ORIENTED_EDGE('',*,*,#5889,.F.);
#5889 = EDGE_CURVE('',#5890,#5890,#5892,.T.);
#5890 = VERTEX_POINT('',#5891);
#5891 = CARTESIAN_POINT('',(-5.656854249492,-4.,8.206854249492));
#5892 = CIRCLE('',#5893,2.55);
#5893 = AXIS2_PLACEMENT_3D('',#5894,#5895,#5896);
#5894 = CARTESIAN_POINT('',(-5.656854249492,-4.,5.656854249492));
#5895 = DIRECTION('',(-3.330669073875E-16,-1.,2.22044604925E-16));
#5896 = DIRECTION('',(-1.239318725163E-15,2.22044604925E-16,1.));
#5897 = FACE_BOUND('',#5898,.F.);
#5898 = EDGE_LOOP('',(#5899));
#5899 = ORIENTED_EDGE('',*,*,#5900,.F.);
#5900 = EDGE_CURVE('',#5901,#5901,#5903,.T.);
#5901 = VERTEX_POINT('',#5902);
#5902 = CARTESIAN_POINT('',(-8.206854249492,-4.,-5.656854249492));
#5903 = CIRCLE('',#5904,2.55);
#5904 = AXIS2_PLACEMENT_3D('',#5905,#5906,#5907);
#5905 = CARTESIAN_POINT('',(-5.656854249492,-4.,-5.656854249492));
#5906 = DIRECTION('',(-3.330669073875E-16,-1.,2.22044604925E-16));
#5907 = DIRECTION('',(-1.,3.330669073875E-16,4.13106241721E-16));
#5908 = FACE_BOUND('',#5909,.F.);
#5909 = EDGE_LOOP('',(#5910));
#5910 = ORIENTED_EDGE('',*,*,#5911,.F.);
#5911 = EDGE_CURVE('',#5912,#5912,#5914,.T.);
#5912 = VERTEX_POINT('',#5913);
#5913 = CARTESIAN_POINT('',(8.206854249492,-4.,5.656854249492));
#5914 = CIRCLE('',#5915,2.55);
#5915 = AXIS2_PLACEMENT_3D('',#5916,#5917,#5918);
#5916 = CARTESIAN_POINT('',(5.656854249492,-4.,5.656854249492));
#5917 = DIRECTION('',(-3.330669073875E-16,-1.,2.22044604925E-16));
#5918 = DIRECTION('',(1.,-3.330669073875E-16,3.304849933768E-15));
#5919 = FACE_BOUND('',#5920,.F.);
#5920 = EDGE_LOOP('',(#5921));
#5921 = ORIENTED_EDGE('',*,*,#5922,.T.);
#5922 = EDGE_CURVE('',#5923,#5923,#5925,.T.);
#5923 = VERTEX_POINT('',#5924);
#5924 = CARTESIAN_POINT('',(3.428494385668E-15,-4.,3.05));
#5925 = CIRCLE('',#5926,3.05);
#5926 = AXIS2_PLACEMENT_3D('',#5927,#5928,#5929);
#5927 = CARTESIAN_POINT('',(6.661338147751E-15,-4.,-4.440892098501E-15)
  );
#5928 = DIRECTION('',(3.330669073875E-16,1.,-2.22044604925E-16));
#5929 = DIRECTION('',(-1.059948774453E-15,2.22044604925E-16,1.));
#5930 = FACE_BOUND('',#5931,.F.);
#5931 = EDGE_LOOP('',(#5932));
#5932 = ORIENTED_EDGE('',*,*,#5933,.F.);
#5933 = EDGE_CURVE('',#5934,#5934,#5936,.T.);
#5934 = VERTEX_POINT('',#5935);
#5935 = CARTESIAN_POINT('',(5.656854249492,-4.,-8.206854249492));
#5936 = CIRCLE('',#5937,2.55);
#5937 = AXIS2_PLACEMENT_3D('',#5938,#5939,#5940);
#5938 = CARTESIAN_POINT('',(5.656854249492,-4.,-5.656854249492));
#5939 = DIRECTION('',(-3.330669073875E-16,-1.,2.22044604925E-16));
#5940 = DIRECTION('',(2.065531208605E-15,-2.22044604925E-16,-1.));
#5941 = PLANE('',#5942);
#5942 = AXIS2_PLACEMENT_3D('',#5943,#5944,#5945);
#5943 = CARTESIAN_POINT('',(6.661338147751E-15,-4.,-4.440892098501E-15)
  );
#5944 = DIRECTION('',(-3.330669073875E-16,-1.,2.22044604925E-16));
#5945 = DIRECTION('',(1.059948774453E-15,-2.22044604925E-16,-1.));
#5946 = ADVANCED_FACE('',(#5947),#6003,.T.);
#5947 = FACE_BOUND('',#5948,.T.);
#5948 = EDGE_LOOP('',(#5949,#5950,#5951,#5952,#5974,#5983));
#5949 = ORIENTED_EDGE('',*,*,#535,.T.);
#5950 = ORIENTED_EDGE('',*,*,#5770,.T.);
#5951 = ORIENTED_EDGE('',*,*,#872,.T.);
#5952 = ORIENTED_EDGE('',*,*,#5953,.F.);
#5953 = EDGE_CURVE('',#5954,#873,#5956,.T.);
#5954 = VERTEX_POINT('',#5955);
#5955 = CARTESIAN_POINT('',(-8.133251919308,-4.4,20.441384816521));
#5956 = B_SPLINE_CURVE_WITH_KNOTS('',6,(#5957,#5958,#5959,#5960,#5961,
    #5962,#5963,#5964,#5965,#5966,#5967,#5968,#5969,#5970,#5971,#5972,
    #5973),.UNSPECIFIED.,.F.,.F.,(7,5,5,7),(0.,0.316954758383,
    0.754283353331,1.),.UNSPECIFIED.);
#5957 = CARTESIAN_POINT('',(-8.133253115506,-4.4,20.441384340573));
#5958 = CARTESIAN_POINT('',(-8.153879478011,-4.3999998584,
    20.433177335631));
#5959 = CARTESIAN_POINT('',(-8.173414047922,-4.397070090832,
    20.422222846773));
#5960 = CARTESIAN_POINT('',(-8.191392199605,-4.391208672467,
    20.408703331188));
#5961 = CARTESIAN_POINT('',(-8.207397511261,-4.382528661381,
    20.392910882963));
#5962 = CARTESIAN_POINT('',(-8.22108851241,-4.371244282033,
    20.375219888443));
#5963 = CARTESIAN_POINT('',(-8.247591956055,-4.338909528275,
    20.329622765532));
#5964 = CARTESIAN_POINT('',(-8.258095545952,-4.315777243682,
    20.300388306165));
#5965 = CARTESIAN_POINT('',(-8.263103124102,-4.28904625932,
    20.26947841728));
#5966 = CARTESIAN_POINT('',(-8.262334309616,-4.259802772461,
    20.238202439118));
#5967 = CARTESIAN_POINT('',(-8.255925737928,-4.22930404288,
    20.207874831561));
#5968 = CARTESIAN_POINT('',(-8.237854439827,-4.181679658812,
    20.163812213663));
#5969 = CARTESIAN_POINT('',(-8.229724208286,-4.164549816951,
    20.148629507634));
#5970 = CARTESIAN_POINT('',(-8.220049446715,-4.147646440077,
    20.134322482334));
#5971 = CARTESIAN_POINT('',(-8.208950257921,-4.131194989751,
    20.121084360035));
#5972 = CARTESIAN_POINT('',(-8.196577266546,-4.115413123859,
    20.109086504438));
#5973 = CARTESIAN_POINT('',(-8.183106825022,-4.100501485124,
    20.098470772578));
#5974 = ORIENTED_EDGE('',*,*,#5975,.F.);
#5975 = EDGE_CURVE('',#5976,#5954,#5978,.T.);
#5976 = VERTEX_POINT('',#5977);
#5977 = CARTESIAN_POINT('',(-1.541377702829,-4.4,21.945937090432));
#5978 = CIRCLE('',#5979,22.);
#5979 = AXIS2_PLACEMENT_3D('',#5980,#5981,#5982);
#5980 = CARTESIAN_POINT('',(6.528111384796E-15,-4.4,-6.528111384796E-15)
  );
#5981 = DIRECTION('',(-3.330669073875E-16,-1.,3.330669073875E-16));
#5982 = DIRECTION('',(-2.3415612883E-16,3.330669073875E-16,1.));
#5983 = ORIENTED_EDGE('',*,*,#5984,.T.);
#5984 = EDGE_CURVE('',#5976,#527,#5985,.T.);
#5985 = B_SPLINE_CURVE_WITH_KNOTS('',6,(#5986,#5987,#5988,#5989,#5990,
    #5991,#5992,#5993,#5994,#5995,#5996,#5997,#5998,#5999,#6000,#6001,
    #6002),.UNSPECIFIED.,.F.,.F.,(7,5,5,7),(0.,0.31695441214,
    0.754283228791,1.),.UNSPECIFIED.);
#5986 = CARTESIAN_POINT('',(-1.541376206067,-4.4,21.945937195555));
#5987 = CARTESIAN_POINT('',(-1.519231643356,-4.399999834969,
    21.947492356816));
#5988 = CARTESIAN_POINT('',(-1.496878667031,-4.397070053332,
    21.946098418754));
#5989 = CARTESIAN_POINT('',(-1.474815053174,-4.391208630815,
    21.941718176848));
#5990 = CARTESIAN_POINT('',(-1.453542717225,-4.382528625279,
    21.934434120078));
#5991 = CARTESIAN_POINT('',(-1.433531751235,-4.371244260296,
    21.924435399648));
#5992 = CARTESIAN_POINT('',(-1.389869152782,-4.338909528267,
    21.894853244546));
#5993 = CARTESIAN_POINT('',(-1.367721388744,-4.315777243673,
    21.873071243644));
#5994 = CARTESIAN_POINT('',(-1.349798418563,-4.28904625931,
    21.847395102779));
#5995 = CARTESIAN_POINT('',(-1.336920958133,-4.25980277245,
    21.818882844037));
#5996 = CARTESIAN_POINT('',(-1.329536225948,-4.229304042869,
    21.788778038743));
#5997 = CARTESIAN_POINT('',(-1.326699849533,-4.181679658803,
    21.74123814939));
#5998 = CARTESIAN_POINT('',(-1.327437405779,-4.164549816944,
    21.724031428669));
#5999 = CARTESIAN_POINT('',(-1.329946479126,-4.147646440071,
    21.706943522557));
#6000 = CARTESIAN_POINT('',(-1.334202696687,-4.131194989748,
    21.690200628963));
#6001 = CARTESIAN_POINT('',(-1.34014470227,-4.115413123857,
    21.674022494829));
#6002 = CARTESIAN_POINT('',(-1.347675157286,-4.100501485124,
    21.658613445378));
#6003 = CONICAL_SURFACE('',#6004,21.6,0.785398163397);
#6004 = AXIS2_PLACEMENT_3D('',#6005,#6006,#6007);
#6005 = CARTESIAN_POINT('',(6.661338147751E-15,-4.,-6.661338147751E-15)
  );
#6006 = DIRECTION('',(-3.330669073875E-16,-1.,3.330669073875E-16));
#6007 = DIRECTION('',(-2.302684791815E-16,3.330669073875E-16,1.));
#6008 = ADVANCED_FACE('',(#6009),#6042,.T.);
#6009 = FACE_BOUND('',#6010,.T.);
#6010 = EDGE_LOOP('',(#6011,#6012,#6013,#6022));
#6011 = ORIENTED_EDGE('',*,*,#526,.F.);
#6012 = ORIENTED_EDGE('',*,*,#5984,.F.);
#6013 = ORIENTED_EDGE('',*,*,#6014,.T.);
#6014 = EDGE_CURVE('',#5976,#6015,#6017,.T.);
#6015 = VERTEX_POINT('',#6016);
#6016 = CARTESIAN_POINT('',(-1.541377702829,-9.767949192431,
    21.945937090433));
#6017 = ( BOUNDED_CURVE() B_SPLINE_CURVE(2,(#6018,#6019,#6020,#6021),
.UNSPECIFIED.,.F.,.F.) B_SPLINE_CURVE_WITH_KNOTS((3,1,3),(
    -0.352998490577,6.168843056153E-14,8.767282772495),.UNSPECIFIED.) 
CURVE() GEOMETRIC_REPRESENTATION_ITEM() RATIONAL_B_SPLINE_CURVE((
    1.056651799772,1.056651799772,1.056651799772,1.056651799772)) 
REPRESENTATION_ITEM('') );
#6018 = CARTESIAN_POINT('',(-1.541377702829,-3.647001509423,
    21.945937090432));
#6019 = CARTESIAN_POINT('',(-1.541377702829,-3.823500754712,
    21.945937090432));
#6020 = CARTESIAN_POINT('',(-1.541377702829,-8.383641386248,
    21.945937090432));
#6021 = CARTESIAN_POINT('',(-1.541377702829,-12.76728277249,
    21.945937090433));
#6022 = ORIENTED_EDGE('',*,*,#6023,.F.);
#6023 = EDGE_CURVE('',#516,#6015,#6024,.T.);
#6024 = B_SPLINE_CURVE_WITH_KNOTS('',6,(#6025,#6026,#6027,#6028,#6029,
    #6030,#6031,#6032,#6033,#6034,#6035,#6036,#6037,#6038,#6039,#6040,
    #6041),.UNSPECIFIED.,.F.,.F.,(7,5,5,7),(0.,0.245541347766,
    0.675708691505,1.),.UNSPECIFIED.);
#6025 = CARTESIAN_POINT('',(-1.347675157286,-9.595033644246,
    21.658613445378));
#6026 = CARTESIAN_POINT('',(-1.340147426421,-9.60363976848,
    21.674016920587));
#6027 = CARTESIAN_POINT('',(-1.334205471628,-9.612749691792,
    21.6901920334));
#6028 = CARTESIAN_POINT('',(-1.329948011449,-9.622247797528,
    21.7069347545));
#6029 = CARTESIAN_POINT('',(-1.32743768913,-9.632008135363,
    21.724024763811));
#6030 = CARTESIAN_POINT('',(-1.326699661786,-9.641899932255,
    21.741234772872));
#6031 = CARTESIAN_POINT('',(-1.32950806655,-9.669125089204,
    21.788306467678));
#6032 = CARTESIAN_POINT('',(-1.336693477541,-9.68646102687,
    21.817950554935));
#6033 = CARTESIAN_POINT('',(-1.349204110164,-9.703101981523,
    21.846063897907));
#6034 = CARTESIAN_POINT('',(-1.366610022375,-9.718352372925,
    21.87145512853));
#6035 = CARTESIAN_POINT('',(-1.388130520526,-9.731614867753,
    21.893116680312));
#6036 = CARTESIAN_POINT('',(-1.43134121427,-9.750625831778,
    21.923326811777));
#6037 = CARTESIAN_POINT('',(-1.451685858802,-9.757420482792,
    21.933791005083));
#6038 = CARTESIAN_POINT('',(-1.473374647292,-9.762650573418,
    21.941428724266));
#6039 = CARTESIAN_POINT('',(-1.49590768279,-9.766183392621,
    21.946036614221));
#6040 = CARTESIAN_POINT('',(-1.518751403777,-9.767949192431,
    21.947526253507));
#6041 = CARTESIAN_POINT('',(-1.541377702829,-9.767949192431,
    21.945937090433));
#6042 = ( BOUNDED_SURFACE() B_SPLINE_SURFACE(6,2,(
    (#6043,#6044,#6045,#6046)
    ,(#6047,#6048,#6049,#6050)
    ,(#6051,#6052,#6053,#6054)
    ,(#6055,#6056,#6057,#6058)
    ,(#6059,#6060,#6061,#6062)
    ,(#6063,#6064,#6065,#6066)
    ,(#6067,#6068,#6069,#6070
)),.UNSPECIFIED.,.F.,.F.,.F.) B_SPLINE_SURFACE_WITH_KNOTS((7,7),(3,1,3),
  (0.,8.767282772495),(-0.352998490577,6.168843056153E-14,8.767282772495
),.UNSPECIFIED.) GEOMETRIC_REPRESENTATION_ITEM() 
RATIONAL_B_SPLINE_SURFACE((
    (1.056651799772,1.056651799772,1.056651799772,1.056651799772)
    ,(1.017452375137,1.017452375137,1.017452375137,1.017452375137)
    ,(0.99632276822,0.99632276822,0.99632276822,0.99632276822)
    ,(0.98937924261,0.98937924261,0.98937924261,0.98937924261)
    ,(0.99632276822,0.99632276822,0.99632276822,0.99632276822)
    ,(1.017452375137,1.017452375137,1.017452375137,1.017452375137)
    ,(1.056651799772,1.056651799772,1.056651799772,1.056651799772
))) REPRESENTATION_ITEM('') SURFACE() );
#6043 = CARTESIAN_POINT('',(-1.347675157286,-3.647001509423,
    21.658613445378));
#6044 = CARTESIAN_POINT('',(-1.347675157286,-3.823500754712,
    21.658613445378));
#6045 = CARTESIAN_POINT('',(-1.347675157286,-8.383641386248,
    21.658613445378));
#6046 = CARTESIAN_POINT('',(-1.347675157286,-12.76728277249,
    21.658613445378));
#6047 = CARTESIAN_POINT('',(-1.315825146427,-3.647001509423,
    21.723785920517));
#6048 = CARTESIAN_POINT('',(-1.315825146427,-3.823500754712,
    21.723785920517));
#6049 = CARTESIAN_POINT('',(-1.315825146427,-8.383641386248,
    21.723785920517));
#6050 = CARTESIAN_POINT('',(-1.315825146427,-12.76728277249,
    21.723785920517));
#6051 = CARTESIAN_POINT('',(-1.313408665922,-3.647001509423,
    21.799435356688));
#6052 = CARTESIAN_POINT('',(-1.313408665922,-3.823500754712,
    21.799435356688));
#6053 = CARTESIAN_POINT('',(-1.313408665922,-8.383641386248,
    21.799435356688));
#6054 = CARTESIAN_POINT('',(-1.313408665922,-12.76728277249,
    21.799435356688));
#6055 = CARTESIAN_POINT('',(-1.342420932677,-3.647001509423,
    21.871110865313));
#6056 = CARTESIAN_POINT('',(-1.342420932677,-3.823500754712,
    21.871110865313));
#6057 = CARTESIAN_POINT('',(-1.342420932677,-8.383641386248,
    21.871110865313));
#6058 = CARTESIAN_POINT('',(-1.342420932677,-12.76728277249,
    21.871110865313));
#6059 = CARTESIAN_POINT('',(-1.397983472429,-3.647001509423,
    21.924887201513));
#6060 = CARTESIAN_POINT('',(-1.397983472429,-3.823500754712,
    21.924887201513));
#6061 = CARTESIAN_POINT('',(-1.397983472429,-8.383641386248,
    21.924887201513));
#6062 = CARTESIAN_POINT('',(-1.397983472429,-12.76728277249,
    21.924887201513));
#6063 = CARTESIAN_POINT('',(-1.469017179276,-3.647001509423,
    21.951019347668));
#6064 = CARTESIAN_POINT('',(-1.469017179276,-3.823500754712,
    21.951019347668));
#6065 = CARTESIAN_POINT('',(-1.469017179276,-8.383641386248,
    21.951019347668));
#6066 = CARTESIAN_POINT('',(-1.469017179276,-12.76728277249,
    21.951019347668));
#6067 = CARTESIAN_POINT('',(-1.541377702829,-3.647001509423,
    21.945937090432));
#6068 = CARTESIAN_POINT('',(-1.541377702829,-3.823500754712,
    21.945937090432));
#6069 = CARTESIAN_POINT('',(-1.541377702829,-8.383641386248,
    21.945937090432));
#6070 = CARTESIAN_POINT('',(-1.541377702829,-12.76728277249,
    21.945937090433));
#6071 = ADVANCED_FACE('',(#6072),#6470,.T.);
#6072 = FACE_BOUND('',#6073,.F.);
#6073 = EDGE_LOOP('',(#6074,#6085,#6093,#6100,#6101,#6110,#6117,#6118,
    #6127,#6136,#6143,#6144,#6153,#6162,#6169,#6170,#6179,#6186,#6187,
    #6188,#6189,#6190,#6212,#6221,#6228,#6229,#6238,#6247,#6254,#6255,
    #6264,#6273,#6280,#6281,#6290,#6299,#6306,#6307,#6316,#6325,#6332,
    #6333,#6342,#6351,#6358,#6359,#6368,#6377,#6384,#6385,#6394,#6403,
    #6410,#6411,#6420,#6429,#6436,#6437,#6446,#6455,#6462,#6463));
#6074 = ORIENTED_EDGE('',*,*,#6075,.F.);
#6075 = EDGE_CURVE('',#6076,#6078,#6080,.T.);
#6076 = VERTEX_POINT('',#6077);
#6077 = CARTESIAN_POINT('',(-22.,-9.767949192431,0.));
#6078 = VERTEX_POINT('',#6079);
#6079 = CARTESIAN_POINT('',(-21.73869543446,-9.767949192431,
    -3.380698272207));
#6080 = CIRCLE('',#6081,22.);
#6081 = AXIS2_PLACEMENT_3D('',#6082,#6083,#6084);
#6082 = CARTESIAN_POINT('',(-4.230517910044E-15,-9.767949192431,
    2.820345273362E-15));
#6083 = DIRECTION('',(-3.330669073875E-16,-1.,2.22044604925E-16));
#6084 = DIRECTION('',(1.,-3.330669073875E-16,0.));
#6085 = ORIENTED_EDGE('',*,*,#6086,.T.);
#6086 = EDGE_CURVE('',#6076,#6087,#6089,.T.);
#6087 = VERTEX_POINT('',#6088);
#6088 = CARTESIAN_POINT('',(-25.,-11.5,0.));
#6089 = LINE('',#6090,#6091);
#6090 = CARTESIAN_POINT('',(-17.,-6.881197846483,0.));
#6091 = VECTOR('',#6092,1.);
#6092 = DIRECTION('',(-0.866025403784,-0.5,0.));
#6093 = ORIENTED_EDGE('',*,*,#6094,.F.);
#6094 = EDGE_CURVE('',#6087,#6087,#6095,.T.);
#6095 = CIRCLE('',#6096,25.);
#6096 = AXIS2_PLACEMENT_3D('',#6097,#6098,#6099);
#6097 = CARTESIAN_POINT('',(0.,-11.5,0.));
#6098 = DIRECTION('',(0.,1.,-0.));
#6099 = DIRECTION('',(-1.,0.,0.));
#6100 = ORIENTED_EDGE('',*,*,#6086,.F.);
#6101 = ORIENTED_EDGE('',*,*,#6102,.F.);
#6102 = EDGE_CURVE('',#6103,#6076,#6105,.T.);
#6103 = VERTEX_POINT('',#6104);
#6104 = CARTESIAN_POINT('',(-21.73869543446,-9.767949192431,
    3.380698272207));
#6105 = CIRCLE('',#6106,22.);
#6106 = AXIS2_PLACEMENT_3D('',#6107,#6108,#6109);
#6107 = CARTESIAN_POINT('',(-4.230517910044E-15,-9.767949192431,
    2.820345273362E-15));
#6108 = DIRECTION('',(-3.330669073875E-16,-1.,2.22044604925E-16));
#6109 = DIRECTION('',(1.,-3.330669073875E-16,0.));
#6110 = ORIENTED_EDGE('',*,*,#6111,.F.);
#6111 = EDGE_CURVE('',#1571,#6103,#6112,.T.);
#6112 = CIRCLE('',#6113,22.);
#6113 = AXIS2_PLACEMENT_3D('',#6114,#6115,#6116);
#6114 = CARTESIAN_POINT('',(-4.230517910044E-15,-9.767949192431,
    2.820345273362E-15));
#6115 = DIRECTION('',(-3.330669073875E-16,-1.,2.22044604925E-16));
#6116 = DIRECTION('',(1.,-3.330669073875E-16,0.));
#6117 = ORIENTED_EDGE('',*,*,#1570,.F.);
#6118 = ORIENTED_EDGE('',*,*,#6119,.F.);
#6119 = EDGE_CURVE('',#6120,#1560,#6122,.T.);
#6120 = VERTEX_POINT('',#6121);
#6121 = CARTESIAN_POINT('',(-21.05271782243,-9.767949192431,
    6.386162563612));
#6122 = CIRCLE('',#6123,22.);
#6123 = AXIS2_PLACEMENT_3D('',#6124,#6125,#6126);
#6124 = CARTESIAN_POINT('',(-4.230517910044E-15,-9.767949192431,
    2.820345273362E-15));
#6125 = DIRECTION('',(-3.330669073875E-16,-1.,2.22044604925E-16));
#6126 = DIRECTION('',(1.,-3.330669073875E-16,0.));
#6127 = ORIENTED_EDGE('',*,*,#6128,.F.);
#6128 = EDGE_CURVE('',#6129,#6120,#6131,.T.);
#6129 = VERTEX_POINT('',#6130);
#6130 = CARTESIAN_POINT('',(-18.11905780808,-9.767949192431,
    12.477970353672));
#6131 = CIRCLE('',#6132,22.);
#6132 = AXIS2_PLACEMENT_3D('',#6133,#6134,#6135);
#6133 = CARTESIAN_POINT('',(-4.230517910044E-15,-9.767949192431,
    2.820345273362E-15));
#6134 = DIRECTION('',(-3.330669073875E-16,-1.,2.22044604925E-16));
#6135 = DIRECTION('',(1.,-3.330669073875E-16,0.));
#6136 = ORIENTED_EDGE('',*,*,#6137,.F.);
#6137 = EDGE_CURVE('',#1238,#6129,#6138,.T.);
#6138 = CIRCLE('',#6139,22.);
#6139 = AXIS2_PLACEMENT_3D('',#6140,#6141,#6142);
#6140 = CARTESIAN_POINT('',(-4.230517910044E-15,-9.767949192431,
    2.820345273362E-15));
#6141 = DIRECTION('',(-3.330669073875E-16,-1.,2.22044604925E-16));
#6142 = DIRECTION('',(1.,-3.330669073875E-16,0.));
#6143 = ORIENTED_EDGE('',*,*,#1237,.F.);
#6144 = ORIENTED_EDGE('',*,*,#6145,.F.);
#6145 = EDGE_CURVE('',#6146,#1227,#6148,.T.);
#6146 = VERTEX_POINT('',#6147);
#6147 = CARTESIAN_POINT('',(-16.19699125103,-9.767949192431,
    14.888165582564));
#6148 = CIRCLE('',#6149,22.);
#6149 = AXIS2_PLACEMENT_3D('',#6150,#6151,#6152);
#6150 = CARTESIAN_POINT('',(-4.230517910044E-15,-9.767949192431,
    2.820345273362E-15));
#6151 = DIRECTION('',(-3.330669073875E-16,-1.,2.22044604925E-16));
#6152 = DIRECTION('',(1.,-3.330669073875E-16,0.));
#6153 = ORIENTED_EDGE('',*,*,#6154,.F.);
#6154 = EDGE_CURVE('',#6155,#6146,#6157,.T.);
#6155 = VERTEX_POINT('',#6156);
#6156 = CARTESIAN_POINT('',(-10.91071856716,-9.767949192431,
    19.103827374329));
#6157 = CIRCLE('',#6158,22.);
#6158 = AXIS2_PLACEMENT_3D('',#6159,#6160,#6161);
#6159 = CARTESIAN_POINT('',(-4.230517910044E-15,-9.767949192431,
    2.820345273362E-15));
#6160 = DIRECTION('',(-3.330669073875E-16,-1.,2.22044604925E-16));
#6161 = DIRECTION('',(1.,-3.330669073875E-16,0.));
#6162 = ORIENTED_EDGE('',*,*,#6163,.F.);
#6163 = EDGE_CURVE('',#905,#6155,#6164,.T.);
#6164 = CIRCLE('',#6165,22.);
#6165 = AXIS2_PLACEMENT_3D('',#6166,#6167,#6168);
#6166 = CARTESIAN_POINT('',(-4.230517910044E-15,-9.767949192431,
    2.820345273362E-15));
#6167 = DIRECTION('',(-3.330669073875E-16,-1.,2.22044604925E-16));
#6168 = DIRECTION('',(1.,-3.330669073875E-16,0.));
#6169 = ORIENTED_EDGE('',*,*,#904,.F.);
#6170 = ORIENTED_EDGE('',*,*,#6171,.F.);
#6171 = EDGE_CURVE('',#6172,#894,#6174,.T.);
#6172 = VERTEX_POINT('',#6173);
#6173 = CARTESIAN_POINT('',(-8.133251919308,-9.767949192431,
    20.441384816521));
#6174 = CIRCLE('',#6175,22.);
#6175 = AXIS2_PLACEMENT_3D('',#6176,#6177,#6178);
#6176 = CARTESIAN_POINT('',(-4.230517910044E-15,-9.767949192431,
    2.820345273362E-15));
#6177 = DIRECTION('',(-3.330669073875E-16,-1.,2.22044604925E-16));
#6178 = DIRECTION('',(1.,-3.330669073875E-16,0.));
#6179 = ORIENTED_EDGE('',*,*,#6180,.F.);
#6180 = EDGE_CURVE('',#6015,#6172,#6181,.T.);
#6181 = CIRCLE('',#6182,22.);
#6182 = AXIS2_PLACEMENT_3D('',#6183,#6184,#6185);
#6183 = CARTESIAN_POINT('',(-4.230517910044E-15,-9.767949192431,
    2.820345273362E-15));
#6184 = DIRECTION('',(-3.330669073875E-16,-1.,2.22044604925E-16));
#6185 = DIRECTION('',(1.,-3.330669073875E-16,0.));
#6186 = ORIENTED_EDGE('',*,*,#6023,.F.);
#6187 = ORIENTED_EDGE('',*,*,#515,.F.);
#6188 = ORIENTED_EDGE('',*,*,#468,.F.);
#6189 = ORIENTED_EDGE('',*,*,#457,.T.);
#6190 = ORIENTED_EDGE('',*,*,#6191,.T.);
#6191 = EDGE_CURVE('',#449,#6192,#6194,.T.);
#6192 = VERTEX_POINT('',#6193);
#6193 = CARTESIAN_POINT('',(1.541377702829,-9.767949192431,
    21.945937090433));
#6194 = B_SPLINE_CURVE_WITH_KNOTS('',6,(#6195,#6196,#6197,#6198,#6199,
    #6200,#6201,#6202,#6203,#6204,#6205,#6206,#6207,#6208,#6209,#6210,
    #6211),.UNSPECIFIED.,.F.,.F.,(7,5,5,7),(0.,0.24554134772,
    0.675708691458,1.),.UNSPECIFIED.);
#6195 = CARTESIAN_POINT('',(1.347675157286,-9.595033644246,
    21.658613445378));
#6196 = CARTESIAN_POINT('',(1.340147426423,-9.603639768478,
    21.674016920584));
#6197 = CARTESIAN_POINT('',(1.334205471631,-9.612749691788,
    21.690192033394));
#6198 = CARTESIAN_POINT('',(1.329948011451,-9.622247797523,
    21.70693475449));
#6199 = CARTESIAN_POINT('',(1.327437689132,-9.632008135356,
    21.724024763798));
#6200 = CARTESIAN_POINT('',(1.326699661787,-9.641899932245,
    21.741234772855));
#6201 = CARTESIAN_POINT('',(1.329508066546,-9.669125089192,
    21.788306467659));
#6202 = CARTESIAN_POINT('',(1.336693477534,-9.686461026859,
    21.817950554916));
#6203 = CARTESIAN_POINT('',(1.349204110154,-9.703101981512,
    21.84606389789));
#6204 = CARTESIAN_POINT('',(1.366610022363,-9.718352372916,
    21.871455128514));
#6205 = CARTESIAN_POINT('',(1.388130520512,-9.731614867745,
    21.893116680299));
#6206 = CARTESIAN_POINT('',(1.431341214256,-9.750625831773,
    21.92332681177));
#6207 = CARTESIAN_POINT('',(1.45168585879,-9.757420482789,
    21.933791005078));
#6208 = CARTESIAN_POINT('',(1.473374647283,-9.762650573417,
    21.941428724264));
#6209 = CARTESIAN_POINT('',(1.495907682784,-9.76618339262,21.94603661422
    ));
#6210 = CARTESIAN_POINT('',(1.518751403774,-9.767949192431,
    21.947526253507));
#6211 = CARTESIAN_POINT('',(1.541377702829,-9.767949192431,
    21.945937090433));
#6212 = ORIENTED_EDGE('',*,*,#6213,.F.);
#6213 = EDGE_CURVE('',#6214,#6192,#6216,.T.);
#6214 = VERTEX_POINT('',#6215);
#6215 = CARTESIAN_POINT('',(8.133251919308,-9.767949192431,
    20.441384816521));
#6216 = CIRCLE('',#6217,22.);
#6217 = AXIS2_PLACEMENT_3D('',#6218,#6219,#6220);
#6218 = CARTESIAN_POINT('',(-4.230517910044E-15,-9.767949192431,
    2.820345273362E-15));
#6219 = DIRECTION('',(-3.330669073875E-16,-1.,2.22044604925E-16));
#6220 = DIRECTION('',(1.,-3.330669073875E-16,0.));
#6221 = ORIENTED_EDGE('',*,*,#6222,.F.);
#6222 = EDGE_CURVE('',#4908,#6214,#6223,.T.);
#6223 = CIRCLE('',#6224,22.);
#6224 = AXIS2_PLACEMENT_3D('',#6225,#6226,#6227);
#6225 = CARTESIAN_POINT('',(-4.230517910044E-15,-9.767949192431,
    2.820345273362E-15));
#6226 = DIRECTION('',(-3.330669073875E-16,-1.,2.22044604925E-16));
#6227 = DIRECTION('',(1.,-3.330669073875E-16,0.));
#6228 = ORIENTED_EDGE('',*,*,#4907,.F.);
#6229 = ORIENTED_EDGE('',*,*,#6230,.F.);
#6230 = EDGE_CURVE('',#6231,#4897,#6233,.T.);
#6231 = VERTEX_POINT('',#6232);
#6232 = CARTESIAN_POINT('',(10.910718567164,-9.767949192431,
    19.103827374329));
#6233 = CIRCLE('',#6234,22.);
#6234 = AXIS2_PLACEMENT_3D('',#6235,#6236,#6237);
#6235 = CARTESIAN_POINT('',(-4.230517910044E-15,-9.767949192431,
    2.820345273362E-15));
#6236 = DIRECTION('',(-3.330669073875E-16,-1.,2.22044604925E-16));
#6237 = DIRECTION('',(1.,-3.330669073875E-16,0.));
#6238 = ORIENTED_EDGE('',*,*,#6239,.F.);
#6239 = EDGE_CURVE('',#6240,#6231,#6242,.T.);
#6240 = VERTEX_POINT('',#6241);
#6241 = CARTESIAN_POINT('',(16.196991251037,-9.767949192431,
    14.888165582564));
#6242 = CIRCLE('',#6243,22.);
#6243 = AXIS2_PLACEMENT_3D('',#6244,#6245,#6246);
#6244 = CARTESIAN_POINT('',(-4.230517910044E-15,-9.767949192431,
    2.820345273362E-15));
#6245 = DIRECTION('',(-3.330669073875E-16,-1.,2.22044604925E-16));
#6246 = DIRECTION('',(1.,-3.330669073875E-16,0.));
#6247 = ORIENTED_EDGE('',*,*,#6248,.F.);
#6248 = EDGE_CURVE('',#4575,#6240,#6249,.T.);
#6249 = CIRCLE('',#6250,22.);
#6250 = AXIS2_PLACEMENT_3D('',#6251,#6252,#6253);
#6251 = CARTESIAN_POINT('',(-4.230517910044E-15,-9.767949192431,
    2.820345273362E-15));
#6252 = DIRECTION('',(-3.330669073875E-16,-1.,2.22044604925E-16));
#6253 = DIRECTION('',(1.,-3.330669073875E-16,0.));
#6254 = ORIENTED_EDGE('',*,*,#4574,.F.);
#6255 = ORIENTED_EDGE('',*,*,#6256,.F.);
#6256 = EDGE_CURVE('',#6257,#4564,#6259,.T.);
#6257 = VERTEX_POINT('',#6258);
#6258 = CARTESIAN_POINT('',(18.119057808089,-9.767949192431,
    12.477970353672));
#6259 = CIRCLE('',#6260,22.);
#6260 = AXIS2_PLACEMENT_3D('',#6261,#6262,#6263);
#6261 = CARTESIAN_POINT('',(-4.230517910044E-15,-9.767949192431,
    2.820345273362E-15));
#6262 = DIRECTION('',(-3.330669073875E-16,-1.,2.22044604925E-16));
#6263 = DIRECTION('',(1.,-3.330669073875E-16,0.));
#6264 = ORIENTED_EDGE('',*,*,#6265,.F.);
#6265 = EDGE_CURVE('',#6266,#6257,#6268,.T.);
#6266 = VERTEX_POINT('',#6267);
#6267 = CARTESIAN_POINT('',(21.052717822436,-9.767949192431,
    6.386162563612));
#6268 = CIRCLE('',#6269,22.);
#6269 = AXIS2_PLACEMENT_3D('',#6270,#6271,#6272);
#6270 = CARTESIAN_POINT('',(-4.230517910044E-15,-9.767949192431,
    2.820345273362E-15));
#6271 = DIRECTION('',(-3.330669073875E-16,-1.,2.22044604925E-16));
#6272 = DIRECTION('',(1.,-3.330669073875E-16,0.));
#6273 = ORIENTED_EDGE('',*,*,#6274,.F.);
#6274 = EDGE_CURVE('',#4242,#6266,#6275,.T.);
#6275 = CIRCLE('',#6276,22.);
#6276 = AXIS2_PLACEMENT_3D('',#6277,#6278,#6279);
#6277 = CARTESIAN_POINT('',(-4.230517910044E-15,-9.767949192431,
    2.820345273362E-15));
#6278 = DIRECTION('',(-3.330669073875E-16,-1.,2.22044604925E-16));
#6279 = DIRECTION('',(1.,-3.330669073875E-16,0.));
#6280 = ORIENTED_EDGE('',*,*,#4241,.F.);
#6281 = ORIENTED_EDGE('',*,*,#6282,.F.);
#6282 = EDGE_CURVE('',#6283,#4231,#6285,.T.);
#6283 = VERTEX_POINT('',#6284);
#6284 = CARTESIAN_POINT('',(21.738695434462,-9.767949192431,
    3.380698272207));
#6285 = CIRCLE('',#6286,22.);
#6286 = AXIS2_PLACEMENT_3D('',#6287,#6288,#6289);
#6287 = CARTESIAN_POINT('',(-4.230517910044E-15,-9.767949192431,
    2.820345273362E-15));
#6288 = DIRECTION('',(-3.330669073875E-16,-1.,2.22044604925E-16));
#6289 = DIRECTION('',(1.,-3.330669073875E-16,0.));
#6290 = ORIENTED_EDGE('',*,*,#6291,.F.);
#6291 = EDGE_CURVE('',#6292,#6283,#6294,.T.);
#6292 = VERTEX_POINT('',#6293);
#6293 = CARTESIAN_POINT('',(21.738695434462,-9.767949192431,
    -3.380698272207));
#6294 = CIRCLE('',#6295,22.);
#6295 = AXIS2_PLACEMENT_3D('',#6296,#6297,#6298);
#6296 = CARTESIAN_POINT('',(-4.230517910044E-15,-9.767949192431,
    2.820345273362E-15));
#6297 = DIRECTION('',(-3.330669073875E-16,-1.,2.22044604925E-16));
#6298 = DIRECTION('',(1.,-3.330669073875E-16,0.));
#6299 = ORIENTED_EDGE('',*,*,#6300,.F.);
#6300 = EDGE_CURVE('',#3909,#6292,#6301,.T.);
#6301 = CIRCLE('',#6302,22.);
#6302 = AXIS2_PLACEMENT_3D('',#6303,#6304,#6305);
#6303 = CARTESIAN_POINT('',(-4.230517910044E-15,-9.767949192431,
    2.820345273362E-15));
#6304 = DIRECTION('',(-3.330669073875E-16,-1.,2.22044604925E-16));
#6305 = DIRECTION('',(1.,-3.330669073875E-16,0.));
#6306 = ORIENTED_EDGE('',*,*,#3908,.F.);
#6307 = ORIENTED_EDGE('',*,*,#6308,.F.);
#6308 = EDGE_CURVE('',#6309,#3898,#6311,.T.);
#6309 = VERTEX_POINT('',#6310);
#6310 = CARTESIAN_POINT('',(21.052717822436,-9.767949192431,
    -6.386162563612));
#6311 = CIRCLE('',#6312,22.);
#6312 = AXIS2_PLACEMENT_3D('',#6313,#6314,#6315);
#6313 = CARTESIAN_POINT('',(-4.230517910044E-15,-9.767949192431,
    2.820345273362E-15));
#6314 = DIRECTION('',(-3.330669073875E-16,-1.,2.22044604925E-16));
#6315 = DIRECTION('',(1.,-3.330669073875E-16,0.));
#6316 = ORIENTED_EDGE('',*,*,#6317,.F.);
#6317 = EDGE_CURVE('',#6318,#6309,#6320,.T.);
#6318 = VERTEX_POINT('',#6319);
#6319 = CARTESIAN_POINT('',(18.119057808089,-9.767949192431,
    -12.47797035367));
#6320 = CIRCLE('',#6321,22.);
#6321 = AXIS2_PLACEMENT_3D('',#6322,#6323,#6324);
#6322 = CARTESIAN_POINT('',(-4.230517910044E-15,-9.767949192431,
    2.820345273362E-15));
#6323 = DIRECTION('',(-3.330669073875E-16,-1.,2.22044604925E-16));
#6324 = DIRECTION('',(1.,-3.330669073875E-16,0.));
#6325 = ORIENTED_EDGE('',*,*,#6326,.F.);
#6326 = EDGE_CURVE('',#3576,#6318,#6327,.T.);
#6327 = CIRCLE('',#6328,22.);
#6328 = AXIS2_PLACEMENT_3D('',#6329,#6330,#6331);
#6329 = CARTESIAN_POINT('',(-4.230517910044E-15,-9.767949192431,
    2.820345273362E-15));
#6330 = DIRECTION('',(-3.330669073875E-16,-1.,2.22044604925E-16));
#6331 = DIRECTION('',(1.,-3.330669073875E-16,0.));
#6332 = ORIENTED_EDGE('',*,*,#3575,.F.);
#6333 = ORIENTED_EDGE('',*,*,#6334,.F.);
#6334 = EDGE_CURVE('',#6335,#3565,#6337,.T.);
#6335 = VERTEX_POINT('',#6336);
#6336 = CARTESIAN_POINT('',(16.196991251037,-9.767949192431,
    -14.88816558256));
#6337 = CIRCLE('',#6338,22.);
#6338 = AXIS2_PLACEMENT_3D('',#6339,#6340,#6341);
#6339 = CARTESIAN_POINT('',(-4.230517910044E-15,-9.767949192431,
    2.820345273362E-15));
#6340 = DIRECTION('',(-3.330669073875E-16,-1.,2.22044604925E-16));
#6341 = DIRECTION('',(1.,-3.330669073875E-16,0.));
#6342 = ORIENTED_EDGE('',*,*,#6343,.F.);
#6343 = EDGE_CURVE('',#6344,#6335,#6346,.T.);
#6344 = VERTEX_POINT('',#6345);
#6345 = CARTESIAN_POINT('',(10.910718567164,-9.767949192431,
    -19.10382737432));
#6346 = CIRCLE('',#6347,22.);
#6347 = AXIS2_PLACEMENT_3D('',#6348,#6349,#6350);
#6348 = CARTESIAN_POINT('',(-4.230517910044E-15,-9.767949192431,
    2.820345273362E-15));
#6349 = DIRECTION('',(-3.330669073875E-16,-1.,2.22044604925E-16));
#6350 = DIRECTION('',(1.,-3.330669073875E-16,0.));
#6351 = ORIENTED_EDGE('',*,*,#6352,.F.);
#6352 = EDGE_CURVE('',#3243,#6344,#6353,.T.);
#6353 = CIRCLE('',#6354,22.);
#6354 = AXIS2_PLACEMENT_3D('',#6355,#6356,#6357);
#6355 = CARTESIAN_POINT('',(-4.230517910044E-15,-9.767949192431,
    2.820345273362E-15));
#6356 = DIRECTION('',(-3.330669073875E-16,-1.,2.22044604925E-16));
#6357 = DIRECTION('',(1.,-3.330669073875E-16,0.));
#6358 = ORIENTED_EDGE('',*,*,#3242,.F.);
#6359 = ORIENTED_EDGE('',*,*,#6360,.F.);
#6360 = EDGE_CURVE('',#6361,#3232,#6363,.T.);
#6361 = VERTEX_POINT('',#6362);
#6362 = CARTESIAN_POINT('',(8.133251919308,-9.767949192431,
    -20.44138481652));
#6363 = CIRCLE('',#6364,22.);
#6364 = AXIS2_PLACEMENT_3D('',#6365,#6366,#6367);
#6365 = CARTESIAN_POINT('',(-4.230517910044E-15,-9.767949192431,
    2.820345273362E-15));
#6366 = DIRECTION('',(-3.330669073875E-16,-1.,2.22044604925E-16));
#6367 = DIRECTION('',(1.,-3.330669073875E-16,0.));
#6368 = ORIENTED_EDGE('',*,*,#6369,.F.);
#6369 = EDGE_CURVE('',#6370,#6361,#6372,.T.);
#6370 = VERTEX_POINT('',#6371);
#6371 = CARTESIAN_POINT('',(1.541377702829,-9.767949192431,
    -21.94593709043));
#6372 = CIRCLE('',#6373,22.);
#6373 = AXIS2_PLACEMENT_3D('',#6374,#6375,#6376);
#6374 = CARTESIAN_POINT('',(-4.230517910044E-15,-9.767949192431,
    2.820345273362E-15));
#6375 = DIRECTION('',(-3.330669073875E-16,-1.,2.22044604925E-16));
#6376 = DIRECTION('',(1.,-3.330669073875E-16,0.));
#6377 = ORIENTED_EDGE('',*,*,#6378,.F.);
#6378 = EDGE_CURVE('',#2910,#6370,#6379,.T.);
#6379 = CIRCLE('',#6380,22.);
#6380 = AXIS2_PLACEMENT_3D('',#6381,#6382,#6383);
#6381 = CARTESIAN_POINT('',(-4.230517910044E-15,-9.767949192431,
    2.820345273362E-15));
#6382 = DIRECTION('',(-3.330669073875E-16,-1.,2.22044604925E-16));
#6383 = DIRECTION('',(1.,-3.330669073875E-16,0.));
#6384 = ORIENTED_EDGE('',*,*,#2909,.F.);
#6385 = ORIENTED_EDGE('',*,*,#6386,.F.);
#6386 = EDGE_CURVE('',#6387,#2899,#6389,.T.);
#6387 = VERTEX_POINT('',#6388);
#6388 = CARTESIAN_POINT('',(-1.541377702829,-9.767949192431,
    -21.94593709043));
#6389 = CIRCLE('',#6390,22.);
#6390 = AXIS2_PLACEMENT_3D('',#6391,#6392,#6393);
#6391 = CARTESIAN_POINT('',(-4.230517910044E-15,-9.767949192431,
    2.820345273362E-15));
#6392 = DIRECTION('',(-3.330669073875E-16,-1.,2.22044604925E-16));
#6393 = DIRECTION('',(1.,-3.330669073875E-16,0.));
#6394 = ORIENTED_EDGE('',*,*,#6395,.F.);
#6395 = EDGE_CURVE('',#6396,#6387,#6398,.T.);
#6396 = VERTEX_POINT('',#6397);
#6397 = CARTESIAN_POINT('',(-8.133251919308,-9.767949192431,
    -20.44138481652));
#6398 = CIRCLE('',#6399,22.);
#6399 = AXIS2_PLACEMENT_3D('',#6400,#6401,#6402);
#6400 = CARTESIAN_POINT('',(-4.230517910044E-15,-9.767949192431,
    2.820345273362E-15));
#6401 = DIRECTION('',(-3.330669073875E-16,-1.,2.22044604925E-16));
#6402 = DIRECTION('',(1.,-3.330669073875E-16,0.));
#6403 = ORIENTED_EDGE('',*,*,#6404,.F.);
#6404 = EDGE_CURVE('',#2575,#6396,#6405,.T.);
#6405 = CIRCLE('',#6406,22.);
#6406 = AXIS2_PLACEMENT_3D('',#6407,#6408,#6409);
#6407 = CARTESIAN_POINT('',(-4.230517910044E-15,-9.767949192431,
    2.820345273362E-15));
#6408 = DIRECTION('',(-3.330669073875E-16,-1.,2.22044604925E-16));
#6409 = DIRECTION('',(1.,-3.330669073875E-16,0.));
#6410 = ORIENTED_EDGE('',*,*,#2574,.F.);
#6411 = ORIENTED_EDGE('',*,*,#6412,.F.);
#6412 = EDGE_CURVE('',#6413,#2564,#6415,.T.);
#6413 = VERTEX_POINT('',#6414);
#6414 = CARTESIAN_POINT('',(-10.91071856716,-9.767949192431,
    -19.10382737432));
#6415 = CIRCLE('',#6416,22.);
#6416 = AXIS2_PLACEMENT_3D('',#6417,#6418,#6419);
#6417 = CARTESIAN_POINT('',(-4.230517910044E-15,-9.767949192431,
    2.820345273362E-15));
#6418 = DIRECTION('',(-3.330669073875E-16,-1.,2.22044604925E-16));
#6419 = DIRECTION('',(1.,-3.330669073875E-16,0.));
#6420 = ORIENTED_EDGE('',*,*,#6421,.F.);
#6421 = EDGE_CURVE('',#6422,#6413,#6424,.T.);
#6422 = VERTEX_POINT('',#6423);
#6423 = CARTESIAN_POINT('',(-16.19699125103,-9.767949192431,
    -14.88816558256));
#6424 = CIRCLE('',#6425,22.);
#6425 = AXIS2_PLACEMENT_3D('',#6426,#6427,#6428);
#6426 = CARTESIAN_POINT('',(-4.230517910044E-15,-9.767949192431,
    2.820345273362E-15));
#6427 = DIRECTION('',(-3.330669073875E-16,-1.,2.22044604925E-16));
#6428 = DIRECTION('',(1.,-3.330669073875E-16,0.));
#6429 = ORIENTED_EDGE('',*,*,#6430,.F.);
#6430 = EDGE_CURVE('',#2240,#6422,#6431,.T.);
#6431 = CIRCLE('',#6432,22.);
#6432 = AXIS2_PLACEMENT_3D('',#6433,#6434,#6435);
#6433 = CARTESIAN_POINT('',(-4.230517910044E-15,-9.767949192431,
    2.820345273362E-15));
#6434 = DIRECTION('',(-3.330669073875E-16,-1.,2.22044604925E-16));
#6435 = DIRECTION('',(1.,-3.330669073875E-16,0.));
#6436 = ORIENTED_EDGE('',*,*,#2239,.F.);
#6437 = ORIENTED_EDGE('',*,*,#6438,.F.);
#6438 = EDGE_CURVE('',#6439,#2229,#6441,.T.);
#6439 = VERTEX_POINT('',#6440);
#6440 = CARTESIAN_POINT('',(-18.11905780808,-9.767949192431,
    -12.47797035367));
#6441 = CIRCLE('',#6442,22.);
#6442 = AXIS2_PLACEMENT_3D('',#6443,#6444,#6445);
#6443 = CARTESIAN_POINT('',(-4.230517910044E-15,-9.767949192431,
    2.820345273362E-15));
#6444 = DIRECTION('',(-3.330669073875E-16,-1.,2.22044604925E-16));
#6445 = DIRECTION('',(1.,-3.330669073875E-16,0.));
#6446 = ORIENTED_EDGE('',*,*,#6447,.F.);
#6447 = EDGE_CURVE('',#6448,#6439,#6450,.T.);
#6448 = VERTEX_POINT('',#6449);
#6449 = CARTESIAN_POINT('',(-21.05271782243,-9.767949192431,
    -6.386162563612));
#6450 = CIRCLE('',#6451,22.);
#6451 = AXIS2_PLACEMENT_3D('',#6452,#6453,#6454);
#6452 = CARTESIAN_POINT('',(-4.230517910044E-15,-9.767949192431,
    2.820345273362E-15));
#6453 = DIRECTION('',(-3.330669073875E-16,-1.,2.22044604925E-16));
#6454 = DIRECTION('',(1.,-3.330669073875E-16,0.));
#6455 = ORIENTED_EDGE('',*,*,#6456,.F.);
#6456 = EDGE_CURVE('',#1905,#6448,#6457,.T.);
#6457 = CIRCLE('',#6458,22.);
#6458 = AXIS2_PLACEMENT_3D('',#6459,#6460,#6461);
#6459 = CARTESIAN_POINT('',(-4.230517910044E-15,-9.767949192431,
    2.820345273362E-15));
#6460 = DIRECTION('',(-3.330669073875E-16,-1.,2.22044604925E-16));
#6461 = DIRECTION('',(1.,-3.330669073875E-16,0.));
#6462 = ORIENTED_EDGE('',*,*,#1904,.F.);
#6463 = ORIENTED_EDGE('',*,*,#6464,.F.);
#6464 = EDGE_CURVE('',#6078,#1894,#6465,.T.);
#6465 = CIRCLE('',#6466,22.);
#6466 = AXIS2_PLACEMENT_3D('',#6467,#6468,#6469);
#6467 = CARTESIAN_POINT('',(-4.230517910044E-15,-9.767949192431,
    2.820345273362E-15));
#6468 = DIRECTION('',(-3.330669073875E-16,-1.,2.22044604925E-16));
#6469 = DIRECTION('',(1.,-3.330669073875E-16,0.));
#6470 = CONICAL_SURFACE('',#6471,17.,1.047197551197);
#6471 = AXIS2_PLACEMENT_3D('',#6472,#6473,#6474);
#6472 = CARTESIAN_POINT('',(0.,-6.881197846483,0.));
#6473 = DIRECTION('',(-0.,-1.,-0.));
#6474 = DIRECTION('',(-1.,0.,0.));
#6475 = ADVANCED_FACE('',(#6476),#6509,.F.);
#6476 = FACE_BOUND('',#6477,.F.);
#6477 = EDGE_LOOP('',(#6478,#6479,#6501,#6508));
#6478 = ORIENTED_EDGE('',*,*,#448,.F.);
#6479 = ORIENTED_EDGE('',*,*,#6480,.F.);
#6480 = EDGE_CURVE('',#6481,#437,#6483,.T.);
#6481 = VERTEX_POINT('',#6482);
#6482 = CARTESIAN_POINT('',(1.541377702829,-4.4,21.945937090432));
#6483 = B_SPLINE_CURVE_WITH_KNOTS('',6,(#6484,#6485,#6486,#6487,#6488,
    #6489,#6490,#6491,#6492,#6493,#6494,#6495,#6496,#6497,#6498,#6499,
    #6500),.UNSPECIFIED.,.F.,.F.,(7,5,5,7),(0.,0.316954513121,
    0.754283265113,1.),.UNSPECIFIED.);
#6484 = CARTESIAN_POINT('',(1.541376268047,-4.4,21.945937191202));
#6485 = CARTESIAN_POINT('',(1.519231695492,-4.399999841802,
    21.947492360068));
#6486 = CARTESIAN_POINT('',(1.496878708201,-4.397070064269,
    21.946098426927));
#6487 = CARTESIAN_POINT('',(1.474815082946,-4.391208642963,
    21.941718187041));
#6488 = CARTESIAN_POINT('',(1.453542735896,-4.382528635808,
    21.934434129408));
#6489 = CARTESIAN_POINT('',(1.433531759796,-4.371244266636,
    21.924435405447));
#6490 = CARTESIAN_POINT('',(1.389869152784,-4.338909528269,
    21.894853244548));
#6491 = CARTESIAN_POINT('',(1.367721388745,-4.315777243676,
    21.873071243647));
#6492 = CARTESIAN_POINT('',(1.349798418564,-4.289046259313,
    21.847395102781));
#6493 = CARTESIAN_POINT('',(1.336920958134,-4.259802772453,
    21.81888284404));
#6494 = CARTESIAN_POINT('',(1.329536225948,-4.229304042872,
    21.788778038746));
#6495 = CARTESIAN_POINT('',(1.326699849532,-4.181679658805,
    21.741238149392));
#6496 = CARTESIAN_POINT('',(1.327437405779,-4.164549816945,
    21.724031428671));
#6497 = CARTESIAN_POINT('',(1.329946479126,-4.147646440073,
    21.706943522559));
#6498 = CARTESIAN_POINT('',(1.334202696686,-4.131194989749,
    21.690200628964));
#6499 = CARTESIAN_POINT('',(1.34014470227,-4.115413123858,21.67402249483
    ));
#6500 = CARTESIAN_POINT('',(1.347675157286,-4.100501485124,
    21.658613445378));
#6501 = ORIENTED_EDGE('',*,*,#6502,.T.);
#6502 = EDGE_CURVE('',#6481,#6192,#6503,.T.);
#6503 = ( BOUNDED_CURVE() B_SPLINE_CURVE(2,(#6504,#6505,#6506,#6507),
.UNSPECIFIED.,.F.,.F.) B_SPLINE_CURVE_WITH_KNOTS((3,1,3),(
    -0.352998490577,6.157075717328E-14,8.767282772495),.UNSPECIFIED.) 
CURVE() GEOMETRIC_REPRESENTATION_ITEM() RATIONAL_B_SPLINE_CURVE((
    1.056651799772,1.056651799772,1.056651799772,1.056651799772)) 
REPRESENTATION_ITEM('') );
#6504 = CARTESIAN_POINT('',(1.541377702829,-3.647001509423,
    21.945937090433));
#6505 = CARTESIAN_POINT('',(1.541377702829,-3.823500754712,
    21.945937090433));
#6506 = CARTESIAN_POINT('',(1.541377702829,-8.383641386248,
    21.945937090433));
#6507 = CARTESIAN_POINT('',(1.541377702829,-12.76728277249,
    21.945937090433));
#6508 = ORIENTED_EDGE('',*,*,#6191,.F.);
#6509 = ( BOUNDED_SURFACE() B_SPLINE_SURFACE(6,2,(
    (#6510,#6511,#6512,#6513)
    ,(#6514,#6515,#6516,#6517)
    ,(#6518,#6519,#6520,#6521)
    ,(#6522,#6523,#6524,#6525)
    ,(#6526,#6527,#6528,#6529)
    ,(#6530,#6531,#6532,#6533)
    ,(#6534,#6535,#6536,#6537
)),.UNSPECIFIED.,.F.,.F.,.F.) B_SPLINE_SURFACE_WITH_KNOTS((7,7),(3,1,3),
  (0.,8.767282772495),(-0.352998490577,6.157075717328E-14,8.767282772495
),.UNSPECIFIED.) GEOMETRIC_REPRESENTATION_ITEM() 
RATIONAL_B_SPLINE_SURFACE((
    (1.056651799772,1.056651799772,1.056651799772,1.056651799772)
    ,(1.017452375137,1.017452375137,1.017452375137,1.017452375137)
    ,(0.99632276822,0.99632276822,0.99632276822,0.99632276822)
    ,(0.98937924261,0.98937924261,0.98937924261,0.98937924261)
    ,(0.99632276822,0.99632276822,0.99632276822,0.99632276822)
    ,(1.017452375137,1.017452375137,1.017452375137,1.017452375137)
    ,(1.056651799772,1.056651799772,1.056651799772,1.056651799772
))) REPRESENTATION_ITEM('') SURFACE() );
#6510 = CARTESIAN_POINT('',(1.347675157286,-3.647001509423,
    21.658613445378));
#6511 = CARTESIAN_POINT('',(1.347675157286,-3.823500754712,
    21.658613445378));
#6512 = CARTESIAN_POINT('',(1.347675157286,-8.383641386248,
    21.658613445378));
#6513 = CARTESIAN_POINT('',(1.347675157286,-12.76728277249,
    21.658613445378));
#6514 = CARTESIAN_POINT('',(1.315825146427,-3.647001509423,
    21.723785920517));
#6515 = CARTESIAN_POINT('',(1.315825146427,-3.823500754712,
    21.723785920517));
#6516 = CARTESIAN_POINT('',(1.315825146427,-8.383641386248,
    21.723785920517));
#6517 = CARTESIAN_POINT('',(1.315825146427,-12.76728277249,
    21.723785920517));
#6518 = CARTESIAN_POINT('',(1.313408665922,-3.647001509423,
    21.799435356688));
#6519 = CARTESIAN_POINT('',(1.313408665922,-3.823500754712,
    21.799435356688));
#6520 = CARTESIAN_POINT('',(1.313408665922,-8.383641386248,
    21.799435356688));
#6521 = CARTESIAN_POINT('',(1.313408665922,-12.76728277249,
    21.799435356688));
#6522 = CARTESIAN_POINT('',(1.342420932677,-3.647001509423,
    21.871110865313));
#6523 = CARTESIAN_POINT('',(1.342420932677,-3.823500754712,
    21.871110865313));
#6524 = CARTESIAN_POINT('',(1.342420932677,-8.383641386248,
    21.871110865313));
#6525 = CARTESIAN_POINT('',(1.342420932677,-12.76728277249,
    21.871110865313));
#6526 = CARTESIAN_POINT('',(1.397983472429,-3.647001509423,
    21.924887201513));
#6527 = CARTESIAN_POINT('',(1.397983472429,-3.823500754712,
    21.924887201513));
#6528 = CARTESIAN_POINT('',(1.397983472429,-8.383641386248,
    21.924887201513));
#6529 = CARTESIAN_POINT('',(1.397983472429,-12.76728277249,
    21.924887201513));
#6530 = CARTESIAN_POINT('',(1.469017179276,-3.647001509423,
    21.951019347668));
#6531 = CARTESIAN_POINT('',(1.469017179276,-3.823500754712,
    21.951019347668));
#6532 = CARTESIAN_POINT('',(1.469017179276,-8.383641386248,
    21.951019347668));
#6533 = CARTESIAN_POINT('',(1.469017179276,-12.76728277249,
    21.951019347668));
#6534 = CARTESIAN_POINT('',(1.541377702829,-3.647001509423,
    21.945937090433));
#6535 = CARTESIAN_POINT('',(1.541377702829,-3.823500754712,
    21.945937090433));
#6536 = CARTESIAN_POINT('',(1.541377702829,-8.383641386248,
    21.945937090433));
#6537 = CARTESIAN_POINT('',(1.541377702829,-12.76728277249,
    21.945937090433));
#6538 = ADVANCED_FACE('',(#6539),#6574,.T.);
#6539 = FACE_BOUND('',#6540,.T.);
#6540 = EDGE_LOOP('',(#6541,#6542,#6543,#6544,#6553,#6573));
#6541 = ORIENTED_EDGE('',*,*,#5761,.T.);
#6542 = ORIENTED_EDGE('',*,*,#436,.T.);
#6543 = ORIENTED_EDGE('',*,*,#6480,.F.);
#6544 = ORIENTED_EDGE('',*,*,#6545,.F.);
#6545 = EDGE_CURVE('',#6546,#6481,#6548,.T.);
#6546 = VERTEX_POINT('',#6547);
#6547 = CARTESIAN_POINT('',(8.133251919308,-4.4,20.441384816521));
#6548 = CIRCLE('',#6549,22.);
#6549 = AXIS2_PLACEMENT_3D('',#6550,#6551,#6552);
#6550 = CARTESIAN_POINT('',(6.528111384796E-15,-4.4,-6.528111384796E-15)
  );
#6551 = DIRECTION('',(-3.330669073875E-16,-1.,3.330669073875E-16));
#6552 = DIRECTION('',(-2.3415612883E-16,3.330669073875E-16,1.));
#6553 = ORIENTED_EDGE('',*,*,#6554,.T.);
#6554 = EDGE_CURVE('',#6546,#4974,#6555,.T.);
#6555 = B_SPLINE_CURVE_WITH_KNOTS('',6,(#6556,#6557,#6558,#6559,#6560,
    #6561,#6562,#6563,#6564,#6565,#6566,#6567,#6568,#6569,#6570,#6571,
    #6572),.UNSPECIFIED.,.F.,.F.,(7,5,5,7),(0.,0.316956850855,
    0.754284106081,1.),.UNSPECIFIED.);
#6556 = CARTESIAN_POINT('',(8.133251919731,-4.4,20.441384816352));
#6557 = CARTESIAN_POINT('',(8.153878534388,-4.399999999996,
    20.433177864874));
#6558 = CARTESIAN_POINT('',(8.173413352292,-4.39707031743,
    20.422223369664));
#6559 = CARTESIAN_POINT('',(8.191391735281,-4.391208924149,
    20.408703789193));
#6560 = CARTESIAN_POINT('',(8.207397247006,-4.382528879526,
    20.392911224797));
#6561 = CARTESIAN_POINT('',(8.221088404773,-4.371244413354,
    20.375220073625));
#6562 = CARTESIAN_POINT('',(8.247591956058,-4.33890952827,
    20.329622765525));
#6563 = CARTESIAN_POINT('',(8.258095545954,-4.315777243677,
    20.300388306158));
#6564 = CARTESIAN_POINT('',(8.263103124103,-4.289046259314,
    20.269478417272));
#6565 = CARTESIAN_POINT('',(8.262334309615,-4.259802772454,
    20.238202439111));
#6566 = CARTESIAN_POINT('',(8.255925737926,-4.229304042873,
    20.207874831554));
#6567 = CARTESIAN_POINT('',(8.237854439824,-4.181679658806,
    20.163812213657));
#6568 = CARTESIAN_POINT('',(8.229724208284,-4.164549816946,
    20.14862950763));
#6569 = CARTESIAN_POINT('',(8.220049446713,-4.147646440073,
    20.134322482332));
#6570 = CARTESIAN_POINT('',(8.20895025792,-4.131194989749,
    20.121084360033));
#6571 = CARTESIAN_POINT('',(8.196577266546,-4.115413123858,
    20.109086504438));
#6572 = CARTESIAN_POINT('',(8.183106825022,-4.100501485124,
    20.098470772578));
#6573 = ORIENTED_EDGE('',*,*,#4982,.T.);
#6574 = CONICAL_SURFACE('',#6575,21.6,0.785398163397);
#6575 = AXIS2_PLACEMENT_3D('',#6576,#6577,#6578);
#6576 = CARTESIAN_POINT('',(6.661338147751E-15,-4.,-6.661338147751E-15)
  );
#6577 = DIRECTION('',(-3.330669073875E-16,-1.,3.330669073875E-16));
#6578 = DIRECTION('',(-2.302684791815E-16,3.330669073875E-16,1.));
#6579 = ADVANCED_FACE('',(#6580),#6611,.F.);
#6580 = FACE_BOUND('',#6581,.F.);
#6581 = EDGE_LOOP('',(#6582,#6583,#6603,#6610));
#6582 = ORIENTED_EDGE('',*,*,#853,.F.);
#6583 = ORIENTED_EDGE('',*,*,#6584,.T.);
#6584 = EDGE_CURVE('',#843,#5183,#6585,.T.);
#6585 = B_SPLINE_CURVE_WITH_KNOTS('',6,(#6586,#6587,#6588,#6589,#6590,
    #6591,#6592,#6593,#6594,#6595,#6596,#6597,#6598,#6599,#6600,#6601,
    #6602),.UNSPECIFIED.,.F.,.F.,(7,5,5,7),(0.,0.245541347766,
    0.675708691504,1.),.UNSPECIFIED.);
#6586 = CARTESIAN_POINT('',(-8.183106825022,-18.40496635575,
    20.098470772578));
#6587 = CARTESIAN_POINT('',(-8.196572393596,-18.39636023152,
    20.109082664183));
#6588 = CARTESIAN_POINT('',(-8.208944028307,-18.3872503082,20.1210778197
    ));
#6589 = CARTESIAN_POINT('',(-8.220044261819,-18.37775220247,
    20.134315247433));
#6590 = CARTESIAN_POINT('',(-8.229721061219,-18.36799186463,
    20.14862362574));
#6591 = CARTESIAN_POINT('',(-8.23785314396,-18.35810006774,
    20.163809090056));
#6592 = CARTESIAN_POINT('',(-8.255746501649,-18.33087491079,
    20.207437742796));
#6593 = CARTESIAN_POINT('',(-8.262134757464,-18.31353897313,
    20.23726377552));
#6594 = CARTESIAN_POINT('',(-8.263060989321,-18.29689801847,
    20.268021182372));
#6595 = CARTESIAN_POINT('',(-8.258395646385,-18.28164762707,
    20.298450032953));
#6596 = CARTESIAN_POINT('',(-8.248404942612,-18.26838513224,
    20.327303810945));
#6597 = CARTESIAN_POINT('',(-8.222581137587,-18.24937416822,
    20.373270616262));
#6598 = CARTESIAN_POINT('',(-8.208791489553,-18.2425795172,
    20.391525739099));
#6599 = CARTESIAN_POINT('',(-8.192564448499,-18.23734942658,
    20.407817498951));
#6600 = CARTESIAN_POINT('',(-8.174262173539,-18.23381660737,
    20.421745782043));
#6601 = CARTESIAN_POINT('',(-8.154327022366,-18.23205080756,
    20.432999419742));
#6602 = CARTESIAN_POINT('',(-8.133251919308,-18.23205080756,
    20.441384816521));
#6603 = ORIENTED_EDGE('',*,*,#6604,.T.);
#6604 = EDGE_CURVE('',#5183,#696,#6605,.T.);
#6605 = ( BOUNDED_CURVE() B_SPLINE_CURVE(2,(#6606,#6607,#6608,#6609),
.UNSPECIFIED.,.F.,.F.) B_SPLINE_CURVE_WITH_KNOTS((3,1,3),(
-2.999333580064,5.767949192431,6.120947683008),.UNSPECIFIED.) CURVE() 
GEOMETRIC_REPRESENTATION_ITEM() RATIONAL_B_SPLINE_CURVE((1.056651799772,
1.056651799772,1.056651799772,1.056651799772)) REPRESENTATION_ITEM('') 
  );
#6606 = CARTESIAN_POINT('',(-8.133251919308,-15.2327172275,
    20.441384816521));
#6607 = CARTESIAN_POINT('',(-8.133251919308,-19.61635861375,
    20.441384816521));
#6608 = CARTESIAN_POINT('',(-8.133251919308,-24.17649924528,
    20.441384816521));
#6609 = CARTESIAN_POINT('',(-8.133251919308,-24.35299849057,
    20.441384816521));
#6610 = ORIENTED_EDGE('',*,*,#704,.T.);
#6611 = ( BOUNDED_SURFACE() B_SPLINE_SURFACE(6,2,(
    (#6612,#6613,#6614,#6615)
    ,(#6616,#6617,#6618,#6619)
    ,(#6620,#6621,#6622,#6623)
    ,(#6624,#6625,#6626,#6627)
    ,(#6628,#6629,#6630,#6631)
    ,(#6632,#6633,#6634,#6635)
    ,(#6636,#6637,#6638,#6639
)),.UNSPECIFIED.,.F.,.F.,.F.) B_SPLINE_SURFACE_WITH_KNOTS((7,7),(3,1,3),
  (0.,8.767282772495),(-2.999333580064,5.767949192431,6.120947683008),
.UNSPECIFIED.) GEOMETRIC_REPRESENTATION_ITEM() RATIONAL_B_SPLINE_SURFACE
((
    (1.056651799772,1.056651799772,1.056651799772,1.056651799772)
    ,(1.017452375137,1.017452375137,1.017452375137,1.017452375137)
    ,(0.99632276822,0.99632276822,0.99632276822,0.99632276822)
    ,(0.98937924261,0.98937924261,0.98937924261,0.98937924261)
    ,(0.99632276822,0.99632276822,0.99632276822,0.99632276822)
    ,(1.017452375137,1.017452375137,1.017452375137,1.017452375137)
    ,(1.056651799772,1.056651799772,1.056651799772,1.056651799772
))) REPRESENTATION_ITEM('') SURFACE() );
#6612 = CARTESIAN_POINT('',(-8.183106825022,-15.2327172275,
    20.098470772578));
#6613 = CARTESIAN_POINT('',(-8.183106825022,-19.61635861375,
    20.098470772578));
#6614 = CARTESIAN_POINT('',(-8.183106825022,-24.17649924528,
    20.098470772578));
#6615 = CARTESIAN_POINT('',(-8.183106825022,-24.35299849057,
    20.098470772578));
#6616 = CARTESIAN_POINT('',(-8.24007997045,-15.2327172275,
    20.143369941919));
#6617 = CARTESIAN_POINT('',(-8.24007997045,-19.61635861375,
    20.143369941919));
#6618 = CARTESIAN_POINT('',(-8.24007997045,-24.17649924528,
    20.143369941919));
#6619 = CARTESIAN_POINT('',(-8.24007997045,-24.35299849057,
    20.143369941919));
#6620 = CARTESIAN_POINT('',(-8.275080204383,-15.2327172275,
    20.210479257187));
#6621 = CARTESIAN_POINT('',(-8.275080204383,-19.61635861375,
    20.210479257187));
#6622 = CARTESIAN_POINT('',(-8.275080204383,-24.17649924528,
    20.210479257187));
#6623 = CARTESIAN_POINT('',(-8.275080204383,-24.35299849057,
    20.210479257187));
#6624 = CARTESIAN_POINT('',(-8.280039892934,-15.2327172275,
    20.287644609829));
#6625 = CARTESIAN_POINT('',(-8.280039892934,-19.61635861375,
    20.287644609829));
#6626 = CARTESIAN_POINT('',(-8.280039892934,-24.17649924528,
    20.287644609829));
#6627 = CARTESIAN_POINT('',(-8.280039892934,-24.35299849057,
    20.287644609829));
#6628 = CARTESIAN_POINT('',(-8.253312452222,-15.2327172275,
    20.360203097077));
#6629 = CARTESIAN_POINT('',(-8.253312452222,-19.61635861375,
    20.360203097077));
#6630 = CARTESIAN_POINT('',(-8.253312452222,-24.17649924528,
    20.360203097077));
#6631 = CARTESIAN_POINT('',(-8.253312452222,-24.35299849057,
    20.360203097077));
#6632 = CARTESIAN_POINT('',(-8.200651607067,-15.2327172275,
    20.414567717545));
#6633 = CARTESIAN_POINT('',(-8.200651607067,-19.61635861375,
    20.414567717545));
#6634 = CARTESIAN_POINT('',(-8.200651607067,-24.17649924528,
    20.414567717545));
#6635 = CARTESIAN_POINT('',(-8.200651607067,-24.35299849057,
    20.414567717545));
#6636 = CARTESIAN_POINT('',(-8.133251919308,-15.2327172275,
    20.441384816521));
#6637 = CARTESIAN_POINT('',(-8.133251919308,-19.61635861375,
    20.441384816521));
#6638 = CARTESIAN_POINT('',(-8.133251919308,-24.17649924528,
    20.441384816521));
#6639 = CARTESIAN_POINT('',(-8.133251919308,-24.35299849057,
    20.441384816521));
#6640 = ADVANCED_FACE('',(#6641),#6647,.T.);
#6641 = FACE_BOUND('',#6642,.F.);
#6642 = EDGE_LOOP('',(#6643,#6644,#6645,#6646));
#6643 = ORIENTED_EDGE('',*,*,#5182,.F.);
#6644 = ORIENTED_EDGE('',*,*,#5721,.T.);
#6645 = ORIENTED_EDGE('',*,*,#695,.T.);
#6646 = ORIENTED_EDGE('',*,*,#6604,.F.);
#6647 = CYLINDRICAL_SURFACE('',#6648,22.);
#6648 = AXIS2_PLACEMENT_3D('',#6649,#6650,#6651);
#6649 = CARTESIAN_POINT('',(6.661338147751E-15,-4.,-4.440892098501E-15)
  );
#6650 = DIRECTION('',(-3.330669073875E-16,-1.,2.22044604925E-16));
#6651 = DIRECTION('',(-3.229739708E-16,2.22044604925E-16,1.));
#6652 = ADVANCED_FACE('',(#6653),#6709,.T.);
#6653 = FACE_BOUND('',#6654,.T.);
#6654 = EDGE_LOOP('',(#6655,#6656,#6657,#6658,#6680,#6689));
#6655 = ORIENTED_EDGE('',*,*,#979,.T.);
#6656 = ORIENTED_EDGE('',*,*,#5779,.T.);
#6657 = ORIENTED_EDGE('',*,*,#1205,.T.);
#6658 = ORIENTED_EDGE('',*,*,#6659,.F.);
#6659 = EDGE_CURVE('',#6660,#1206,#6662,.T.);
#6660 = VERTEX_POINT('',#6661);
#6661 = CARTESIAN_POINT('',(-16.19699125103,-4.4,14.888165582564));
#6662 = B_SPLINE_CURVE_WITH_KNOTS('',6,(#6663,#6664,#6665,#6666,#6667,
    #6668,#6669,#6670,#6671,#6672,#6673,#6674,#6675,#6676,#6677,#6678,
    #6679),.UNSPECIFIED.,.F.,.F.,(7,5,5,7),(0.,0.316954696339,
    0.754283331022,1.),.UNSPECIFIED.);
#6663 = CARTESIAN_POINT('',(-16.1969921481,-4.4,14.888164606627));
#6664 = CARTESIAN_POINT('',(-16.21201496516,-4.399999854201,
    14.871820909204));
#6665 = CARTESIAN_POINT('',(-16.22486202335,-4.397070084111,
    14.853475526926));
#6666 = CARTESIAN_POINT('',(-16.23519387501,-4.391208665001,
    14.833494441302));
#6667 = CARTESIAN_POINT('',(-16.2427620722,-4.382528654909,
    14.812321498299));
#6668 = CARTESIAN_POINT('',(-16.24742140098,-4.371244278135,
    14.790442166433));
#6669 = CARTESIAN_POINT('',(-16.25151632792,-4.33890952827,
    14.737861171328));
#6670 = CARTESIAN_POINT('',(-16.24829537888,-4.315777243677,
    14.70696449671));
#6671 = CARTESIAN_POINT('',(-16.23939575273,-4.289046259314,
    14.676942942383));
#6672 = CARTESIAN_POINT('',(-16.22513293646,-4.259802772454,
    14.649097835851));
#6673 = CARTESIAN_POINT('',(-16.20620035712,-4.229304042873,
    14.624554180651));
#6674 = CARTESIAN_POINT('',(-16.17080062671,-4.181679658806,
    14.592695976079));
#6675 = CARTESIAN_POINT('',(-16.15688801195,-4.164549816946,
    14.582544405878));
#6676 = CARTESIAN_POINT('',(-16.14196376733,-4.147646440073,
    14.573851943217));
#6677 = CARTESIAN_POINT('',(-16.12621993777,-4.131194989749,
    14.566740564692));
#6678 = CARTESIAN_POINT('',(-16.10986658329,-4.115413123858,
    14.56129931008));
#6679 = CARTESIAN_POINT('',(-16.09312414141,-4.100501485124,
    14.5575794717));
#6680 = ORIENTED_EDGE('',*,*,#6681,.F.);
#6681 = EDGE_CURVE('',#6682,#6660,#6684,.T.);
#6682 = VERTEX_POINT('',#6683);
#6683 = CARTESIAN_POINT('',(-10.91071856716,-4.4,19.103827374329));
#6684 = CIRCLE('',#6685,22.);
#6685 = AXIS2_PLACEMENT_3D('',#6686,#6687,#6688);
#6686 = CARTESIAN_POINT('',(6.528111384796E-15,-4.4,-6.528111384796E-15)
  );
#6687 = DIRECTION('',(-3.330669073875E-16,-1.,3.330669073875E-16));
#6688 = DIRECTION('',(-2.3415612883E-16,3.330669073875E-16,1.));
#6689 = ORIENTED_EDGE('',*,*,#6690,.T.);
#6690 = EDGE_CURVE('',#6682,#971,#6691,.T.);
#6691 = B_SPLINE_CURVE_WITH_KNOTS('',6,(#6692,#6693,#6694,#6695,#6696,
    #6697,#6698,#6699,#6700,#6701,#6702,#6703,#6704,#6705,#6706,#6707,
    #6708),.UNSPECIFIED.,.F.,.F.,(7,5,5,7),(0.,0.316954434512,
    0.754283236839,1.),.UNSPECIFIED.);
#6692 = CARTESIAN_POINT('',(-10.91071727619,-4.4,19.103828111635));
#6693 = CARTESIAN_POINT('',(-10.89144047254,-4.399999836482,
    19.114837431651));
#6694 = CARTESIAN_POINT('',(-10.87069632799,-4.397070055755,
    19.123280131838));
#6695 = CARTESIAN_POINT('',(-10.84891718098,-4.391208633506,
    19.128906715023));
#6696 = CARTESIAN_POINT('',(-10.82659103245,-4.382528627611,
    19.131573728198));
#6697 = CARTESIAN_POINT('',(-10.80422349051,-4.3712442617,
    19.131247625385));
#6698 = CARTESIAN_POINT('',(-10.75204963028,-4.338909528267,
    19.123539515735));
#6699 = CARTESIAN_POINT('',(-10.72264432839,-4.315777243673,
    19.113524165716));
#6700 = CARTESIAN_POINT('',(-10.69535583024,-4.28904625931,
    19.098167247466));
#6701 = CARTESIAN_POINT('',(-10.67138263386,-4.25980277245,
    19.078065910668));
#6702 = CARTESIAN_POINT('',(-10.65166723458,-4.229304042869,
    19.054146533537));
#6703 = CARTESIAN_POINT('',(-10.62848496278,-4.181679658803,
    19.012545230851));
#6704 = CARTESIAN_POINT('',(-10.62168376167,-4.164549816944,
    18.9967224975));
#6705 = CARTESIAN_POINT('',(-10.61653019405,-4.147646440071,
    18.980238179951));
#6706 = CARTESIAN_POINT('',(-10.61310044429,-4.131194989748,
    18.963306650474));
#6707 = CARTESIAN_POINT('',(-10.611434577,-4.115413123857,
    18.946152515678));
#6708 = CARTESIAN_POINT('',(-10.61153354654,-4.100501485124,
    18.929002099859));
#6709 = CONICAL_SURFACE('',#6710,21.6,0.785398163397);
#6710 = AXIS2_PLACEMENT_3D('',#6711,#6712,#6713);
#6711 = CARTESIAN_POINT('',(6.661338147751E-15,-4.,-6.661338147751E-15)
  );
#6712 = DIRECTION('',(-3.330669073875E-16,-1.,3.330669073875E-16));
#6713 = DIRECTION('',(-2.302684791815E-16,3.330669073875E-16,1.));
#6714 = ADVANCED_FACE('',(#6715),#6746,.T.);
#6715 = FACE_BOUND('',#6716,.T.);
#6716 = EDGE_LOOP('',(#6717,#6718,#6719,#6726));
#6717 = ORIENTED_EDGE('',*,*,#970,.F.);
#6718 = ORIENTED_EDGE('',*,*,#6690,.F.);
#6719 = ORIENTED_EDGE('',*,*,#6720,.T.);
#6720 = EDGE_CURVE('',#6682,#6155,#6721,.T.);
#6721 = ( BOUNDED_CURVE() B_SPLINE_CURVE(2,(#6722,#6723,#6724,#6725),
.UNSPECIFIED.,.F.,.F.) B_SPLINE_CURVE_WITH_KNOTS((3,1,3),(
    -0.352998490577,6.168843056153E-14,8.767282772495),.UNSPECIFIED.) 
CURVE() GEOMETRIC_REPRESENTATION_ITEM() RATIONAL_B_SPLINE_CURVE((
    1.056651799772,1.056651799772,1.056651799772,1.056651799772)) 
REPRESENTATION_ITEM('') );
#6722 = CARTESIAN_POINT('',(-10.91071856716,-3.647001509423,
    19.103827374329));
#6723 = CARTESIAN_POINT('',(-10.91071856716,-3.823500754712,
    19.103827374329));
#6724 = CARTESIAN_POINT('',(-10.91071856716,-8.383641386248,
    19.103827374329));
#6725 = CARTESIAN_POINT('',(-10.91071856716,-12.76728277249,
    19.103827374329));
#6726 = ORIENTED_EDGE('',*,*,#6727,.F.);
#6727 = EDGE_CURVE('',#960,#6155,#6728,.T.);
#6728 = B_SPLINE_CURVE_WITH_KNOTS('',6,(#6729,#6730,#6731,#6732,#6733,
    #6734,#6735,#6736,#6737,#6738,#6739,#6740,#6741,#6742,#6743,#6744,
    #6745),.UNSPECIFIED.,.F.,.F.,(7,5,5,7),(0.,0.245541347766,
    0.675708691505,1.),.UNSPECIFIED.);
#6729 = CARTESIAN_POINT('',(-10.61153354654,-9.595033644246,
    18.929002099859));
#6730 = CARTESIAN_POINT('',(-10.6114346128,-9.60363976848,
    18.946146311495));
#6731 = CARTESIAN_POINT('',(-10.61309921495,-9.612749691792,
    18.963297702138));
#6732 = CARTESIAN_POINT('',(-10.6165277703,-9.622247797528,
    18.980229615354));
#6733 = CARTESIAN_POINT('',(-10.62168112519,-9.632008135363,
    18.99671636973));
#6734 = CARTESIAN_POINT('',(-10.62848332861,-9.641899932255,
    19.012542270173));
#6735 = CARTESIAN_POINT('',(-10.65143725682,-9.669125089204,
    19.053733880593));
#6736 = CARTESIAN_POINT('',(-10.67077317585,-9.68646102687,
    19.077324647341));
#6737 = CARTESIAN_POINT('',(-10.69424278872,-9.703101981523,
    19.097225734071));
#6738 = CARTESIAN_POINT('',(-10.72094181583,-9.718352372925,
    19.112550300106));
#6739 = CARTESIAN_POINT('',(-10.74972970977,-9.731614867753,
    19.122729289688));
#6740 = CARTESIAN_POINT('',(-10.80176888439,-9.750625831778,
    19.131199260261));
#6741 = CARTESIAN_POINT('',(-10.82463901906,-9.757420482792,
    19.131799962217));
#6742 = CARTESIAN_POINT('',(-10.84749382443,-9.762650573418,
    19.129270896775));
#6743 = CARTESIAN_POINT('',(-10.86979467643,-9.766183392621,
    19.123645744476));
#6744 = CARTESIAN_POINT('',(-10.89102248813,-9.767949192431,
    19.11507634402));
#6745 = CARTESIAN_POINT('',(-10.91071856716,-9.767949192431,
    19.103827374329));
#6746 = ( BOUNDED_SURFACE() B_SPLINE_SURFACE(6,2,(
    (#6747,#6748,#6749,#6750)
    ,(#6751,#6752,#6753,#6754)
    ,(#6755,#6756,#6757,#6758)
    ,(#6759,#6760,#6761,#6762)
    ,(#6763,#6764,#6765,#6766)
    ,(#6767,#6768,#6769,#6770)
    ,(#6771,#6772,#6773,#6774
)),.UNSPECIFIED.,.F.,.F.,.F.) B_SPLINE_SURFACE_WITH_KNOTS((7,7),(3,1,3),
  (0.,8.767282772495),(-0.352998490577,6.168843056153E-14,8.767282772495
),.UNSPECIFIED.) GEOMETRIC_REPRESENTATION_ITEM() 
RATIONAL_B_SPLINE_SURFACE((
    (1.056651799772,1.056651799772,1.056651799772,1.056651799772)
    ,(1.017452375137,1.017452375137,1.017452375137,1.017452375137)
    ,(0.99632276822,0.99632276822,0.99632276822,0.99632276822)
    ,(0.98937924261,0.98937924261,0.98937924261,0.98937924261)
    ,(0.99632276822,0.99632276822,0.99632276822,0.99632276822)
    ,(1.017452375137,1.017452375137,1.017452375137,1.017452375137)
    ,(1.056651799772,1.056651799772,1.056651799772,1.056651799772
))) REPRESENTATION_ITEM('') SURFACE() );
#6747 = CARTESIAN_POINT('',(-10.61153354654,-3.647001509423,
    18.929002099859));
#6748 = CARTESIAN_POINT('',(-10.61153354654,-3.823500754712,
    18.929002099859));
#6749 = CARTESIAN_POINT('',(-10.61153354654,-8.383641386248,
    18.929002099859));
#6750 = CARTESIAN_POINT('',(-10.61153354654,-12.76728277249,
    18.929002099859));
#6751 = CARTESIAN_POINT('',(-10.61111495551,-3.647001509423,
    19.001539672806));
#6752 = CARTESIAN_POINT('',(-10.61111495551,-3.823500754712,
    19.001539672806));
#6753 = CARTESIAN_POINT('',(-10.61111495551,-8.383641386248,
    19.001539672806));
#6754 = CARTESIAN_POINT('',(-10.61111495551,-12.76728277249,
    19.001539672806));
#6755 = CARTESIAN_POINT('',(-10.64176084204,-3.647001509423,
    19.070745931268));
#6756 = CARTESIAN_POINT('',(-10.64176084204,-3.823500754712,
    19.070745931268));
#6757 = CARTESIAN_POINT('',(-10.64176084204,-8.383641386248,
    19.070745931268));
#6758 = CARTESIAN_POINT('',(-10.64176084204,-12.76728277249,
    19.070745931268));
#6759 = CARTESIAN_POINT('',(-10.69899882885,-3.647001509423,
    19.122735382349));
#6760 = CARTESIAN_POINT('',(-10.69899882885,-3.823500754712,
    19.122735382349));
#6761 = CARTESIAN_POINT('',(-10.69899882885,-8.383641386248,
    19.122735382349));
#6762 = CARTESIAN_POINT('',(-10.69899882885,-12.76728277249,
    19.122735382349));
#6763 = CARTESIAN_POINT('',(-10.77239162522,-3.647001509423,
    19.147078504593));
#6764 = CARTESIAN_POINT('',(-10.77239162522,-3.823500754712,
    19.147078504593));
#6765 = CARTESIAN_POINT('',(-10.77239162522,-8.383641386248,
    19.147078504593));
#6766 = CARTESIAN_POINT('',(-10.77239162522,-12.76728277249,
    19.147078504593));
#6767 = CARTESIAN_POINT('',(-10.84772909695,-3.647001509423,
    19.1398023844));
#6768 = CARTESIAN_POINT('',(-10.84772909695,-3.823500754712,
    19.1398023844));
#6769 = CARTESIAN_POINT('',(-10.84772909695,-8.383641386248,
    19.1398023844));
#6770 = CARTESIAN_POINT('',(-10.84772909695,-12.76728277249,
    19.1398023844));
#6771 = CARTESIAN_POINT('',(-10.91071856716,-3.647001509423,
    19.103827374329));
#6772 = CARTESIAN_POINT('',(-10.91071856716,-3.823500754712,
    19.103827374329));
#6773 = CARTESIAN_POINT('',(-10.91071856716,-8.383641386248,
    19.103827374329));
#6774 = CARTESIAN_POINT('',(-10.91071856716,-12.76728277249,
    19.103827374329));
#6775 = ADVANCED_FACE('',(#6776),#6781,.T.);
#6776 = FACE_BOUND('',#6777,.F.);
#6777 = EDGE_LOOP('',(#6778,#6779,#6780));
#6778 = ORIENTED_EDGE('',*,*,#6163,.T.);
#6779 = ORIENTED_EDGE('',*,*,#6727,.F.);
#6780 = ORIENTED_EDGE('',*,*,#959,.F.);
#6781 = CONICAL_SURFACE('',#6782,17.,1.047197551197);
#6782 = AXIS2_PLACEMENT_3D('',#6783,#6784,#6785);
#6783 = CARTESIAN_POINT('',(1.649251821241E-15,-6.881197846483,
    3.764309658244E-16));
#6784 = DIRECTION('',(-9.634154343575E-17,-1.,-2.198932860189E-17));
#6785 = DIRECTION('',(-0.900968867902,9.634154343575E-17,-0.433883739118
    ));
#6786 = ADVANCED_FACE('',(#6787),#6811,.T.);
#6787 = FACE_BOUND('',#6788,.F.);
#6788 = EDGE_LOOP('',(#6789,#6809,#6810));
#6789 = ORIENTED_EDGE('',*,*,#6790,.T.);
#6790 = EDGE_CURVE('',#885,#6172,#6791,.T.);
#6791 = B_SPLINE_CURVE_WITH_KNOTS('',6,(#6792,#6793,#6794,#6795,#6796,
    #6797,#6798,#6799,#6800,#6801,#6802,#6803,#6804,#6805,#6806,#6807,
    #6808),.UNSPECIFIED.,.F.,.F.,(7,5,5,7),(0.,0.24554134772,
    0.675708691458,1.),.UNSPECIFIED.);
#6792 = CARTESIAN_POINT('',(-8.183106825022,-9.595033644246,
    20.098470772578));
#6793 = CARTESIAN_POINT('',(-8.196572393594,-9.603639768478,
    20.109082664181));
#6794 = CARTESIAN_POINT('',(-8.208944028303,-9.612749691788,
    20.121077819696));
#6795 = CARTESIAN_POINT('',(-8.220044261813,-9.622247797523,
    20.134315247425));
#6796 = CARTESIAN_POINT('',(-8.229721061211,-9.632008135356,
    20.14862362573));
#6797 = CARTESIAN_POINT('',(-8.237853143952,-9.641899932245,
    20.163809090042));
#6798 = CARTESIAN_POINT('',(-8.255746501644,-9.669125089192,
    20.207437742777));
#6799 = CARTESIAN_POINT('',(-8.262134757463,-9.686461026859,
    20.237263775501));
#6800 = CARTESIAN_POINT('',(-8.263060989322,-9.703101981512,
    20.268021182352));
#6801 = CARTESIAN_POINT('',(-8.258395646389,-9.718352372916,
    20.298450032934));
#6802 = CARTESIAN_POINT('',(-8.248404942619,-9.731614867745,
    20.327303810927));
#6803 = CARTESIAN_POINT('',(-8.222581137597,-9.750625831773,
    20.373270616249));
#6804 = CARTESIAN_POINT('',(-8.208791489563,-9.757420482789,
    20.39152573909));
#6805 = CARTESIAN_POINT('',(-8.192564448507,-9.762650573417,
    20.407817498945));
#6806 = CARTESIAN_POINT('',(-8.174262173545,-9.76618339262,
    20.42174578204));
#6807 = CARTESIAN_POINT('',(-8.154327022369,-9.767949192431,
    20.43299941974));
#6808 = CARTESIAN_POINT('',(-8.133251919308,-9.767949192431,
    20.441384816521));
#6809 = ORIENTED_EDGE('',*,*,#6171,.T.);
#6810 = ORIENTED_EDGE('',*,*,#893,.T.);
#6811 = CONICAL_SURFACE('',#6812,17.,1.047197551197);
#6812 = AXIS2_PLACEMENT_3D('',#6813,#6814,#6815);
#6813 = CARTESIAN_POINT('',(1.649251821241E-15,-6.881197846483,
    3.764309658244E-16));
#6814 = DIRECTION('',(-9.634154343575E-17,-1.,-2.198932860189E-17));
#6815 = DIRECTION('',(-0.900968867902,9.634154343575E-17,-0.433883739118
    ));
#6816 = ADVANCED_FACE('',(#6817),#6829,.F.);
#6817 = FACE_BOUND('',#6818,.F.);
#6818 = EDGE_LOOP('',(#6819,#6820,#6821,#6828));
#6819 = ORIENTED_EDGE('',*,*,#884,.F.);
#6820 = ORIENTED_EDGE('',*,*,#5953,.F.);
#6821 = ORIENTED_EDGE('',*,*,#6822,.T.);
#6822 = EDGE_CURVE('',#5954,#6172,#6823,.T.);
#6823 = ( BOUNDED_CURVE() B_SPLINE_CURVE(2,(#6824,#6825,#6826,#6827),
.UNSPECIFIED.,.F.,.F.) B_SPLINE_CURVE_WITH_KNOTS((3,1,3),(
    -0.352998490577,6.157075717328E-14,8.767282772495),.UNSPECIFIED.) 
CURVE() GEOMETRIC_REPRESENTATION_ITEM() RATIONAL_B_SPLINE_CURVE((
    1.056651799772,1.056651799772,1.056651799772,1.056651799772)) 
REPRESENTATION_ITEM('') );
#6824 = CARTESIAN_POINT('',(-8.133251919308,-3.647001509423,
    20.441384816521));
#6825 = CARTESIAN_POINT('',(-8.133251919308,-3.823500754712,
    20.441384816521));
#6826 = CARTESIAN_POINT('',(-8.133251919308,-8.383641386248,
    20.441384816521));
#6827 = CARTESIAN_POINT('',(-8.133251919308,-12.76728277249,
    20.441384816521));
#6828 = ORIENTED_EDGE('',*,*,#6790,.F.);
#6829 = ( BOUNDED_SURFACE() B_SPLINE_SURFACE(6,2,(
    (#6830,#6831,#6832,#6833)
    ,(#6834,#6835,#6836,#6837)
    ,(#6838,#6839,#6840,#6841)
    ,(#6842,#6843,#6844,#6845)
    ,(#6846,#6847,#6848,#6849)
    ,(#6850,#6851,#6852,#6853)
    ,(#6854,#6855,#6856,#6857
)),.UNSPECIFIED.,.F.,.F.,.F.) B_SPLINE_SURFACE_WITH_KNOTS((7,7),(3,1,3),
  (0.,8.767282772495),(-0.352998490577,6.157075717328E-14,8.767282772495
),.UNSPECIFIED.) GEOMETRIC_REPRESENTATION_ITEM() 
RATIONAL_B_SPLINE_SURFACE((
    (1.056651799772,1.056651799772,1.056651799772,1.056651799772)
    ,(1.017452375137,1.017452375137,1.017452375137,1.017452375137)
    ,(0.99632276822,0.99632276822,0.99632276822,0.99632276822)
    ,(0.98937924261,0.98937924261,0.98937924261,0.98937924261)
    ,(0.99632276822,0.99632276822,0.99632276822,0.99632276822)
    ,(1.017452375137,1.017452375137,1.017452375137,1.017452375137)
    ,(1.056651799772,1.056651799772,1.056651799772,1.056651799772
))) REPRESENTATION_ITEM('') SURFACE() );
#6830 = CARTESIAN_POINT('',(-8.183106825022,-3.647001509423,
    20.098470772578));
#6831 = CARTESIAN_POINT('',(-8.183106825022,-3.823500754712,
    20.098470772578));
#6832 = CARTESIAN_POINT('',(-8.183106825022,-8.383641386248,
    20.098470772578));
#6833 = CARTESIAN_POINT('',(-8.183106825022,-12.76728277249,
    20.098470772578));
#6834 = CARTESIAN_POINT('',(-8.24007997045,-3.647001509423,
    20.143369941919));
#6835 = CARTESIAN_POINT('',(-8.24007997045,-3.823500754712,
    20.143369941919));
#6836 = CARTESIAN_POINT('',(-8.24007997045,-8.383641386248,
    20.143369941919));
#6837 = CARTESIAN_POINT('',(-8.24007997045,-12.76728277249,
    20.143369941919));
#6838 = CARTESIAN_POINT('',(-8.275080204383,-3.647001509423,
    20.210479257187));
#6839 = CARTESIAN_POINT('',(-8.275080204383,-3.823500754712,
    20.210479257187));
#6840 = CARTESIAN_POINT('',(-8.275080204383,-8.383641386248,
    20.210479257187));
#6841 = CARTESIAN_POINT('',(-8.275080204383,-12.76728277249,
    20.210479257187));
#6842 = CARTESIAN_POINT('',(-8.280039892934,-3.647001509423,
    20.287644609829));
#6843 = CARTESIAN_POINT('',(-8.280039892934,-3.823500754712,
    20.287644609829));
#6844 = CARTESIAN_POINT('',(-8.280039892934,-8.383641386248,
    20.287644609829));
#6845 = CARTESIAN_POINT('',(-8.280039892934,-12.76728277249,
    20.287644609829));
#6846 = CARTESIAN_POINT('',(-8.253312452222,-3.647001509423,
    20.360203097077));
#6847 = CARTESIAN_POINT('',(-8.253312452222,-3.823500754712,
    20.360203097077));
#6848 = CARTESIAN_POINT('',(-8.253312452222,-8.383641386248,
    20.360203097077));
#6849 = CARTESIAN_POINT('',(-8.253312452222,-12.76728277249,
    20.360203097077));
#6850 = CARTESIAN_POINT('',(-8.200651607067,-3.647001509423,
    20.414567717545));
#6851 = CARTESIAN_POINT('',(-8.200651607067,-3.823500754712,
    20.414567717545));
#6852 = CARTESIAN_POINT('',(-8.200651607067,-8.383641386248,
    20.414567717545));
#6853 = CARTESIAN_POINT('',(-8.200651607067,-12.76728277249,
    20.414567717545));
#6854 = CARTESIAN_POINT('',(-8.133251919308,-3.647001509423,
    20.441384816521));
#6855 = CARTESIAN_POINT('',(-8.133251919308,-3.823500754712,
    20.441384816521));
#6856 = CARTESIAN_POINT('',(-8.133251919308,-8.383641386248,
    20.441384816521));
#6857 = CARTESIAN_POINT('',(-8.133251919308,-12.76728277249,
    20.441384816521));
#6858 = ADVANCED_FACE('',(#6859),#6864,.T.);
#6859 = FACE_BOUND('',#6860,.F.);
#6860 = EDGE_LOOP('',(#6861,#6862,#6863));
#6861 = ORIENTED_EDGE('',*,*,#5191,.F.);
#6862 = ORIENTED_EDGE('',*,*,#6584,.F.);
#6863 = ORIENTED_EDGE('',*,*,#842,.F.);
#6864 = CONICAL_SURFACE('',#6865,25.,1.047197551197);
#6865 = AXIS2_PLACEMENT_3D('',#6866,#6867,#6868);
#6866 = CARTESIAN_POINT('',(7.225615757682E-16,-16.5,1.649199645141E-16)
  );
#6867 = DIRECTION('',(9.634154343575E-17,1.,2.198932860189E-17));
#6868 = DIRECTION('',(-0.900968867902,9.634154343575E-17,-0.433883739118
    ));
#6869 = ADVANCED_FACE('',(#6870),#6894,.T.);
#6870 = FACE_BOUND('',#6871,.F.);
#6871 = EDGE_LOOP('',(#6872,#6892,#6893));
#6872 = ORIENTED_EDGE('',*,*,#6873,.T.);
#6873 = EDGE_CURVE('',#768,#5200,#6874,.T.);
#6874 = B_SPLINE_CURVE_WITH_KNOTS('',6,(#6875,#6876,#6877,#6878,#6879,
    #6880,#6881,#6882,#6883,#6884,#6885,#6886,#6887,#6888,#6889,#6890,
    #6891),.UNSPECIFIED.,.F.,.F.,(7,5,5,7),(0.,0.245541347732,
    0.675708691471,1.),.UNSPECIFIED.);
#6875 = CARTESIAN_POINT('',(-10.61153354654,-18.40496635575,
    18.929002099859));
#6876 = CARTESIAN_POINT('',(-10.6114346128,-18.39636023152,
    18.946146311492));
#6877 = CARTESIAN_POINT('',(-10.61309921495,-18.38725030821,
    18.963297702133));
#6878 = CARTESIAN_POINT('',(-10.6165277703,-18.37775220247,
    18.980229615347));
#6879 = CARTESIAN_POINT('',(-10.62168112518,-18.36799186464,
    18.996716369721));
#6880 = CARTESIAN_POINT('',(-10.6284833286,-18.35810006775,
    19.012542270162));
#6881 = CARTESIAN_POINT('',(-10.65143725681,-18.3308749108,
    19.053733880582));
#6882 = CARTESIAN_POINT('',(-10.67077317584,-18.31353897313,
    19.077324647331));
#6883 = CARTESIAN_POINT('',(-10.69424278871,-18.29689801848,
    19.097225734062));
#6884 = CARTESIAN_POINT('',(-10.72094181581,-18.28164762708,
    19.1125503001));
#6885 = CARTESIAN_POINT('',(-10.74972970975,-18.26838513225,
    19.122729289683));
#6886 = CARTESIAN_POINT('',(-10.80176888438,-18.24937416822,
    19.131199260261));
#6887 = CARTESIAN_POINT('',(-10.82463901905,-18.24257951721,
    19.131799962218));
#6888 = CARTESIAN_POINT('',(-10.84749382442,-18.23734942658,
    19.129270896777));
#6889 = CARTESIAN_POINT('',(-10.86979467643,-18.23381660738,
    19.123645744478));
#6890 = CARTESIAN_POINT('',(-10.89102248813,-18.23205080756,
    19.115076344021));
#6891 = CARTESIAN_POINT('',(-10.91071856716,-18.23205080756,
    19.103827374329));
#6892 = ORIENTED_EDGE('',*,*,#5199,.F.);
#6893 = ORIENTED_EDGE('',*,*,#776,.T.);
#6894 = CONICAL_SURFACE('',#6895,25.,1.047197551197);
#6895 = AXIS2_PLACEMENT_3D('',#6896,#6897,#6898);
#6896 = CARTESIAN_POINT('',(7.225615757682E-16,-16.5,1.649199645141E-16)
  );
#6897 = DIRECTION('',(9.634154343575E-17,1.,2.198932860189E-17));
#6898 = DIRECTION('',(-0.900968867902,9.634154343575E-17,-0.433883739118
    ));
#6899 = ADVANCED_FACE('',(#6900),#6912,.T.);
#6900 = FACE_BOUND('',#6901,.T.);
#6901 = EDGE_LOOP('',(#6902,#6903,#6904,#6911));
#6902 = ORIENTED_EDGE('',*,*,#767,.F.);
#6903 = ORIENTED_EDGE('',*,*,#6873,.T.);
#6904 = ORIENTED_EDGE('',*,*,#6905,.T.);
#6905 = EDGE_CURVE('',#5200,#1007,#6906,.T.);
#6906 = ( BOUNDED_CURVE() B_SPLINE_CURVE(2,(#6907,#6908,#6909,#6910),
.UNSPECIFIED.,.F.,.F.) B_SPLINE_CURVE_WITH_KNOTS((3,1,3),(
-2.999333580064,5.767949192431,6.120947683008),.UNSPECIFIED.) CURVE() 
GEOMETRIC_REPRESENTATION_ITEM() RATIONAL_B_SPLINE_CURVE((1.056651799772,
1.056651799772,1.056651799772,1.056651799772)) REPRESENTATION_ITEM('') 
  );
#6907 = CARTESIAN_POINT('',(-10.91071856716,-15.2327172275,
    19.103827374329));
#6908 = CARTESIAN_POINT('',(-10.91071856716,-19.61635861375,
    19.103827374329));
#6909 = CARTESIAN_POINT('',(-10.91071856716,-24.17649924528,
    19.103827374329));
#6910 = CARTESIAN_POINT('',(-10.91071856716,-24.35299849057,
    19.103827374329));
#6911 = ORIENTED_EDGE('',*,*,#1006,.T.);
#6912 = ( BOUNDED_SURFACE() B_SPLINE_SURFACE(6,2,(
    (#6913,#6914,#6915,#6916)
    ,(#6917,#6918,#6919,#6920)
    ,(#6921,#6922,#6923,#6924)
    ,(#6925,#6926,#6927,#6928)
    ,(#6929,#6930,#6931,#6932)
    ,(#6933,#6934,#6935,#6936)
    ,(#6937,#6938,#6939,#6940
)),.UNSPECIFIED.,.F.,.F.,.F.) B_SPLINE_SURFACE_WITH_KNOTS((7,7),(3,1,3),
  (0.,8.767282772495),(-2.999333580064,5.767949192431,6.120947683008),
.UNSPECIFIED.) GEOMETRIC_REPRESENTATION_ITEM() RATIONAL_B_SPLINE_SURFACE
((
    (1.056651799772,1.056651799772,1.056651799772,1.056651799772)
    ,(1.017452375137,1.017452375137,1.017452375137,1.017452375137)
    ,(0.99632276822,0.99632276822,0.99632276822,0.99632276822)
    ,(0.98937924261,0.98937924261,0.98937924261,0.98937924261)
    ,(0.99632276822,0.99632276822,0.99632276822,0.99632276822)
    ,(1.017452375137,1.017452375137,1.017452375137,1.017452375137)
    ,(1.056651799772,1.056651799772,1.056651799772,1.056651799772
))) REPRESENTATION_ITEM('') SURFACE() );
#6913 = CARTESIAN_POINT('',(-10.61153354654,-15.2327172275,
    18.929002099859));
#6914 = CARTESIAN_POINT('',(-10.61153354654,-19.61635861375,
    18.929002099859));
#6915 = CARTESIAN_POINT('',(-10.61153354654,-24.17649924528,
    18.929002099859));
#6916 = CARTESIAN_POINT('',(-10.61153354654,-24.35299849057,
    18.929002099859));
#6917 = CARTESIAN_POINT('',(-10.61111495551,-15.2327172275,
    19.001539672806));
#6918 = CARTESIAN_POINT('',(-10.61111495551,-19.61635861375,
    19.001539672806));
#6919 = CARTESIAN_POINT('',(-10.61111495551,-24.17649924528,
    19.001539672806));
#6920 = CARTESIAN_POINT('',(-10.61111495551,-24.35299849057,
    19.001539672806));
#6921 = CARTESIAN_POINT('',(-10.64176084204,-15.2327172275,
    19.070745931268));
#6922 = CARTESIAN_POINT('',(-10.64176084204,-19.61635861375,
    19.070745931268));
#6923 = CARTESIAN_POINT('',(-10.64176084204,-24.17649924528,
    19.070745931268));
#6924 = CARTESIAN_POINT('',(-10.64176084204,-24.35299849057,
    19.070745931268));
#6925 = CARTESIAN_POINT('',(-10.69899882885,-15.2327172275,
    19.122735382349));
#6926 = CARTESIAN_POINT('',(-10.69899882885,-19.61635861375,
    19.122735382349));
#6927 = CARTESIAN_POINT('',(-10.69899882885,-24.17649924528,
    19.122735382349));
#6928 = CARTESIAN_POINT('',(-10.69899882885,-24.35299849057,
    19.122735382349));
#6929 = CARTESIAN_POINT('',(-10.77239162522,-15.2327172275,
    19.147078504593));
#6930 = CARTESIAN_POINT('',(-10.77239162522,-19.61635861375,
    19.147078504593));
#6931 = CARTESIAN_POINT('',(-10.77239162522,-24.17649924528,
    19.147078504593));
#6932 = CARTESIAN_POINT('',(-10.77239162522,-24.35299849057,
    19.147078504593));
#6933 = CARTESIAN_POINT('',(-10.84772909695,-15.2327172275,19.1398023844
    ));
#6934 = CARTESIAN_POINT('',(-10.84772909695,-19.61635861375,
    19.1398023844));
#6935 = CARTESIAN_POINT('',(-10.84772909695,-24.17649924528,
    19.1398023844));
#6936 = CARTESIAN_POINT('',(-10.84772909695,-24.35299849057,
    19.1398023844));
#6937 = CARTESIAN_POINT('',(-10.91071856716,-15.2327172275,
    19.103827374329));
#6938 = CARTESIAN_POINT('',(-10.91071856716,-19.61635861375,
    19.103827374329));
#6939 = CARTESIAN_POINT('',(-10.91071856716,-24.17649924528,
    19.103827374329));
#6940 = CARTESIAN_POINT('',(-10.91071856716,-24.35299849057,
    19.103827374329));
#6941 = ADVANCED_FACE('',(#6942),#6973,.F.);
#6942 = FACE_BOUND('',#6943,.F.);
#6943 = EDGE_LOOP('',(#6944,#6945,#6965,#6972));
#6944 = ORIENTED_EDGE('',*,*,#1186,.F.);
#6945 = ORIENTED_EDGE('',*,*,#6946,.T.);
#6946 = EDGE_CURVE('',#1176,#5209,#6947,.T.);
#6947 = B_SPLINE_CURVE_WITH_KNOTS('',6,(#6948,#6949,#6950,#6951,#6952,
    #6953,#6954,#6955,#6956,#6957,#6958,#6959,#6960,#6961,#6962,#6963,
    #6964),.UNSPECIFIED.,.F.,.F.,(7,5,5,7),(0.,0.245541347766,
    0.675708691504,1.),.UNSPECIFIED.);
#6948 = CARTESIAN_POINT('',(-16.09312414141,-18.40496635575,
    14.5575794717));
#6949 = CARTESIAN_POINT('',(-16.10986052669,-18.39636023152,
    14.561297964424));
#6950 = CARTESIAN_POINT('',(-16.12621148734,-18.3872503082,
    14.566737374983));
#6951 = CARTESIAN_POINT('',(-16.1419559568,-18.37775220247,
    14.57384767444));
#6952 = CARTESIAN_POINT('',(-16.15688262448,-18.36799186463,
    14.582540471939));
#6953 = CARTESIAN_POINT('',(-16.1707981039,-18.35810006774,
    14.592693724066));
#6954 = CARTESIAN_POINT('',(-16.2058492251,-18.33087491079,
    14.624238144994));
#6955 = CARTESIAN_POINT('',(-16.22454587532,-18.31353897313,
    14.648338711611));
#6956 = CARTESIAN_POINT('',(-16.23872552007,-18.29689801847,
    14.675648300701));
#6957 = CARTESIAN_POINT('',(-16.2477247748,-18.28164762707,
    14.705087964198));
#6958 = CARTESIAN_POINT('',(-16.25124264681,-18.26838513224,
    14.7354191238));
#6959 = CARTESIAN_POINT('',(-16.2479204518,-18.24937416822,
    14.78803831343));
#6960 = CARTESIAN_POINT('',(-16.24341700918,-18.2425795172,
    14.810468714835));
#6961 = CARTESIAN_POINT('',(-16.23586568005,-18.23734942658,
    14.832187732513));
#6962 = CARTESIAN_POINT('',(-16.22541915565,-18.23381660737,
    14.852677741456));
#6963 = CARTESIAN_POINT('',(-16.21234097547,-18.23205080756,
    14.871466456604));
#6964 = CARTESIAN_POINT('',(-16.19699125103,-18.23205080756,
    14.888165582564));
#6965 = ORIENTED_EDGE('',*,*,#6966,.T.);
#6966 = EDGE_CURVE('',#5209,#1029,#6967,.T.);
#6967 = ( BOUNDED_CURVE() B_SPLINE_CURVE(2,(#6968,#6969,#6970,#6971),
.UNSPECIFIED.,.F.,.F.) B_SPLINE_CURVE_WITH_KNOTS((3,1,3),(
-2.999333580064,5.767949192431,6.120947683008),.UNSPECIFIED.) CURVE() 
GEOMETRIC_REPRESENTATION_ITEM() RATIONAL_B_SPLINE_CURVE((1.056651799772,
1.056651799772,1.056651799772,1.056651799772)) REPRESENTATION_ITEM('') 
  );
#6968 = CARTESIAN_POINT('',(-16.19699125103,-15.2327172275,
    14.888165582564));
#6969 = CARTESIAN_POINT('',(-16.19699125103,-19.61635861375,
    14.888165582564));
#6970 = CARTESIAN_POINT('',(-16.19699125103,-24.17649924528,
    14.888165582564));
#6971 = CARTESIAN_POINT('',(-16.19699125103,-24.35299849057,
    14.888165582564));
#6972 = ORIENTED_EDGE('',*,*,#1037,.T.);
#6973 = ( BOUNDED_SURFACE() B_SPLINE_SURFACE(6,2,(
    (#6974,#6975,#6976,#6977)
    ,(#6978,#6979,#6980,#6981)
    ,(#6982,#6983,#6984,#6985)
    ,(#6986,#6987,#6988,#6989)
    ,(#6990,#6991,#6992,#6993)
    ,(#6994,#6995,#6996,#6997)
    ,(#6998,#6999,#7000,#7001
)),.UNSPECIFIED.,.F.,.F.,.F.) B_SPLINE_SURFACE_WITH_KNOTS((7,7),(3,1,3),
  (0.,8.767282772495),(-2.999333580064,5.767949192431,6.120947683008),
.UNSPECIFIED.) GEOMETRIC_REPRESENTATION_ITEM() RATIONAL_B_SPLINE_SURFACE
((
    (1.056651799772,1.056651799772,1.056651799772,1.056651799772)
    ,(1.017452375137,1.017452375137,1.017452375137,1.017452375137)
    ,(0.99632276822,0.99632276822,0.99632276822,0.99632276822)
    ,(0.98937924261,0.98937924261,0.98937924261,0.98937924261)
    ,(0.99632276822,0.99632276822,0.99632276822,0.99632276822)
    ,(1.017452375137,1.017452375137,1.017452375137,1.017452375137)
    ,(1.056651799772,1.056651799772,1.056651799772,1.056651799772
))) REPRESENTATION_ITEM('') SURFACE() );
#6974 = CARTESIAN_POINT('',(-16.09312414141,-15.2327172275,14.5575794717
    ));
#6975 = CARTESIAN_POINT('',(-16.09312414141,-19.61635861375,
    14.5575794717));
#6976 = CARTESIAN_POINT('',(-16.09312414141,-24.17649924528,
    14.5575794717));
#6977 = CARTESIAN_POINT('',(-16.09312414141,-24.35299849057,
    14.5575794717));
#6978 = CARTESIAN_POINT('',(-16.16393619123,-15.2327172275,
    14.573312504104));
#6979 = CARTESIAN_POINT('',(-16.16393619123,-19.61635861375,
    14.573312504104));
#6980 = CARTESIAN_POINT('',(-16.16393619123,-24.17649924528,
    14.573312504104));
#6981 = CARTESIAN_POINT('',(-16.16393619123,-24.35299849057,
    14.573312504104));
#6982 = CARTESIAN_POINT('',(-16.22458795301,-15.2327172275,
    14.618589875538));
#6983 = CARTESIAN_POINT('',(-16.22458795301,-19.61635861375,
    14.618589875538));
#6984 = CARTESIAN_POINT('',(-16.22458795301,-24.17649924528,
    14.618589875538));
#6985 = CARTESIAN_POINT('',(-16.22458795301,-24.35299849057,
    14.618589875538));
#6986 = CARTESIAN_POINT('',(-16.26253726972,-15.2327172275,
    14.685961527735));
#6987 = CARTESIAN_POINT('',(-16.26253726972,-19.61635861375,
    14.685961527735));
#6988 = CARTESIAN_POINT('',(-16.26253726972,-24.17649924528,
    14.685961527735));
#6989 = CARTESIAN_POINT('',(-16.26253726972,-24.35299849057,
    14.685961527735));
#6990 = CARTESIAN_POINT('',(-16.26993862547,-15.2327172275,
    14.762931067761));
#6991 = CARTESIAN_POINT('',(-16.26993862547,-19.61635861375,
    14.762931067761));
#6992 = CARTESIAN_POINT('',(-16.26993862547,-24.17649924528,
    14.762931067761));
#6993 = CARTESIAN_POINT('',(-16.26993862547,-24.35299849057,
    14.762931067761));
#6994 = CARTESIAN_POINT('',(-16.24608076823,-15.2327172275,
    14.834760582719));
#6995 = CARTESIAN_POINT('',(-16.24608076823,-19.61635861375,
    14.834760582719));
#6996 = CARTESIAN_POINT('',(-16.24608076823,-24.17649924528,
    14.834760582719));
#6997 = CARTESIAN_POINT('',(-16.24608076823,-24.35299849057,
    14.834760582719));
#6998 = CARTESIAN_POINT('',(-16.19699125103,-15.2327172275,
    14.888165582564));
#6999 = CARTESIAN_POINT('',(-16.19699125103,-19.61635861375,
    14.888165582564));
#7000 = CARTESIAN_POINT('',(-16.19699125103,-24.17649924528,
    14.888165582564));
#7001 = CARTESIAN_POINT('',(-16.19699125103,-24.35299849057,
    14.888165582564));
#7002 = ADVANCED_FACE('',(#7003),#7009,.T.);
#7003 = FACE_BOUND('',#7004,.F.);
#7004 = EDGE_LOOP('',(#7005,#7006,#7007,#7008));
#7005 = ORIENTED_EDGE('',*,*,#5208,.F.);
#7006 = ORIENTED_EDGE('',*,*,#6905,.T.);
#7007 = ORIENTED_EDGE('',*,*,#1028,.T.);
#7008 = ORIENTED_EDGE('',*,*,#6966,.F.);
#7009 = CYLINDRICAL_SURFACE('',#7010,22.);
#7010 = AXIS2_PLACEMENT_3D('',#7011,#7012,#7013);
#7011 = CARTESIAN_POINT('',(6.661338147751E-15,-4.,-4.440892098501E-15)
  );
#7012 = DIRECTION('',(-3.330669073875E-16,-1.,2.22044604925E-16));
#7013 = DIRECTION('',(-3.229739708E-16,2.22044604925E-16,1.));
#7014 = ADVANCED_FACE('',(#7015),#7071,.T.);
#7015 = FACE_BOUND('',#7016,.T.);
#7016 = EDGE_LOOP('',(#7017,#7018,#7019,#7020,#7042,#7051));
#7017 = ORIENTED_EDGE('',*,*,#1312,.T.);
#7018 = ORIENTED_EDGE('',*,*,#5788,.T.);
#7019 = ORIENTED_EDGE('',*,*,#1538,.T.);
#7020 = ORIENTED_EDGE('',*,*,#7021,.F.);
#7021 = EDGE_CURVE('',#7022,#1539,#7024,.T.);
#7022 = VERTEX_POINT('',#7023);
#7023 = CARTESIAN_POINT('',(-21.05271782243,-4.4,6.386162563612));
#7024 = B_SPLINE_CURVE_WITH_KNOTS('',6,(#7025,#7026,#7027,#7028,#7029,
    #7030,#7031,#7032,#7033,#7034,#7035,#7036,#7037,#7038,#7039,#7040,
    #7041),.UNSPECIFIED.,.F.,.F.,(7,5,5,7),(0.,0.316956850821,
    0.754284106075,1.),.UNSPECIFIED.);
#7025 = CARTESIAN_POINT('',(-21.05271782343,-4.4,6.386162560331));
#7026 = CARTESIAN_POINT('',(-21.05916185427,-4.399999999996,
    6.364919073069));
#7027 = CARTESIAN_POINT('',(-21.06277704275,-4.397070317424,
    6.34281612807));
#7028 = CARTESIAN_POINT('',(-21.06341634826,-4.391208924144,
    6.320330739391));
#7029 = CARTESIAN_POINT('',(-21.06104849886,-4.382528879524,6.2979706193
    ));
#7030 = CARTESIAN_POINT('',(-21.05575329632,-4.371244413349,
    6.276236191521));
#7031 = CARTESIAN_POINT('',(-21.03662857927,-4.338909528267,
    6.227085424141));
#7032 = CARTESIAN_POINT('',(-21.02032103975,-4.315777243673,
    6.200645999603));
#7033 = CARTESIAN_POINT('',(-20.99927688941,-4.28904625931,
    6.177458916859));
#7034 = CARTESIAN_POINT('',(-20.97434499704,-4.25980277245,
    6.158559746803));
#7035 = CARTESIAN_POINT('',(-20.94663823957,-4.229304042869,
    6.144661215881));
#7036 = CARTESIAN_POINT('',(-20.90092142763,-4.181679658803,
    6.131317332766));
#7037 = CARTESIAN_POINT('',(-20.88398199362,-4.164549816944,
    6.128207541372));
#7038 = CARTESIAN_POINT('',(-20.86676419564,-4.147646440071,
    6.126851290185));
#7039 = CARTESIAN_POINT('',(-20.84949398384,-4.131194989748,
    6.127275151165));
#7040 = CARTESIAN_POINT('',(-20.83239924868,-4.115413123857,
    6.129468204745));
#7041 = CARTESIAN_POINT('',(-20.81570085238,-4.100501485124,
    6.133381019457));
#7042 = ORIENTED_EDGE('',*,*,#7043,.F.);
#7043 = EDGE_CURVE('',#7044,#7022,#7046,.T.);
#7044 = VERTEX_POINT('',#7045);
#7045 = CARTESIAN_POINT('',(-18.11905780808,-4.4,12.477970353672));
#7046 = CIRCLE('',#7047,22.);
#7047 = AXIS2_PLACEMENT_3D('',#7048,#7049,#7050);
#7048 = CARTESIAN_POINT('',(6.528111384796E-15,-4.4,-6.528111384796E-15)
  );
#7049 = DIRECTION('',(-3.330669073875E-16,-1.,3.330669073875E-16));
#7050 = DIRECTION('',(-2.3415612883E-16,3.330669073875E-16,1.));
#7051 = ORIENTED_EDGE('',*,*,#7052,.T.);
#7052 = EDGE_CURVE('',#7044,#1304,#7053,.T.);
#7053 = B_SPLINE_CURVE_WITH_KNOTS('',6,(#7054,#7055,#7056,#7057,#7058,
    #7059,#7060,#7061,#7062,#7063,#7064,#7065,#7066,#7067,#7068,#7069,
    #7070),.UNSPECIFIED.,.F.,.F.,(7,5,5,7),(0.,0.316956850559,
    0.754284105996,1.),.UNSPECIFIED.);
#7054 = CARTESIAN_POINT('',(-18.11905778708,-4.4,12.477970384177));
#7055 = CARTESIAN_POINT('',(-18.10646674747,-4.400000000014,
    12.496253627994));
#7056 = CARTESIAN_POINT('',(-18.09144004734,-4.397070317381,
    12.512860991607));
#7057 = CARTESIAN_POINT('',(-18.07425884753,-4.391208924123,
    12.527380253854));
#7058 = CARTESIAN_POINT('',(-18.05530064293,-4.382528879537,
    12.539470343365));
#7059 = CARTESIAN_POINT('',(-18.03500649661,-4.371244413327,
    12.548881554691));
#7060 = CARTESIAN_POINT('',(-17.98465481327,-4.338909528259,
    12.564574251013));
#7061 = CARTESIAN_POINT('',(-17.9538160542,-4.315777243665,
    12.568309214777));
#7062 = CARTESIAN_POINT('',(-17.92256684979,-4.289046259301,
    12.566313145141));
#7063 = CARTESIAN_POINT('',(-17.89224610302,-4.259802772441,
    12.558604046565));
#7064 = CARTESIAN_POINT('',(-17.86410491326,-4.229304042859,
    12.545607623588));
#7065 = CARTESIAN_POINT('',(-17.82516827933,-4.181679658794,
    12.518184555771));
#7066 = CARTESIAN_POINT('',(-17.81217538216,-4.164549816937,
    12.506879696185));
#7067 = CARTESIAN_POINT('',(-17.80037990084,-4.147646440067,
    12.494263888456));
#7068 = CARTESIAN_POINT('',(-17.78994348776,-4.131194989745,
    12.480497220162));
#7069 = CARTESIAN_POINT('',(-17.78099969305,-4.115413123856,
    12.465764671484));
#7070 = CARTESIAN_POINT('',(-17.77364757498,-4.100501485124,
    12.450269739487));
#7071 = CONICAL_SURFACE('',#7072,21.6,0.785398163397);
#7072 = AXIS2_PLACEMENT_3D('',#7073,#7074,#7075);
#7073 = CARTESIAN_POINT('',(6.661338147751E-15,-4.,-6.661338147751E-15)
  );
#7074 = DIRECTION('',(-3.330669073875E-16,-1.,3.330669073875E-16));
#7075 = DIRECTION('',(-2.302684791815E-16,3.330669073875E-16,1.));
#7076 = ADVANCED_FACE('',(#7077),#7108,.T.);
#7077 = FACE_BOUND('',#7078,.T.);
#7078 = EDGE_LOOP('',(#7079,#7080,#7081,#7088));
#7079 = ORIENTED_EDGE('',*,*,#1303,.F.);
#7080 = ORIENTED_EDGE('',*,*,#7052,.F.);
#7081 = ORIENTED_EDGE('',*,*,#7082,.T.);
#7082 = EDGE_CURVE('',#7044,#6129,#7083,.T.);
#7083 = ( BOUNDED_CURVE() B_SPLINE_CURVE(2,(#7084,#7085,#7086,#7087),
.UNSPECIFIED.,.F.,.F.) B_SPLINE_CURVE_WITH_KNOTS((3,1,3),(
    -0.352998490577,6.168843056153E-14,8.767282772495),.UNSPECIFIED.) 
CURVE() GEOMETRIC_REPRESENTATION_ITEM() RATIONAL_B_SPLINE_CURVE((
    1.056651799772,1.056651799772,1.056651799772,1.056651799772)) 
REPRESENTATION_ITEM('') );
#7084 = CARTESIAN_POINT('',(-18.11905780808,-3.647001509423,
    12.477970353672));
#7085 = CARTESIAN_POINT('',(-18.11905780808,-3.823500754712,
    12.477970353672));
#7086 = CARTESIAN_POINT('',(-18.11905780808,-8.383641386248,
    12.477970353672));
#7087 = CARTESIAN_POINT('',(-18.11905780808,-12.76728277249,
    12.477970353672));
#7088 = ORIENTED_EDGE('',*,*,#7089,.F.);
#7089 = EDGE_CURVE('',#1293,#6129,#7090,.T.);
#7090 = B_SPLINE_CURVE_WITH_KNOTS('',6,(#7091,#7092,#7093,#7094,#7095,
    #7096,#7097,#7098,#7099,#7100,#7101,#7102,#7103,#7104,#7105,#7106,
    #7107),.UNSPECIFIED.,.F.,.F.,(7,5,5,7),(0.,0.245541347766,
    0.675708691505,1.),.UNSPECIFIED.);
#7091 = CARTESIAN_POINT('',(-17.77364757498,-9.595033644246,
    12.450269739487));
#7092 = CARTESIAN_POINT('',(-17.78099703342,-9.60363976848,
    12.465759066175));
#7093 = CARTESIAN_POINT('',(-17.78993849763,-9.612749691792,
    12.480489691383));
#7094 = CARTESIAN_POINT('',(-17.80037400108,-9.622247797528,
    12.494257223647));
#7095 = CARTESIAN_POINT('',(-17.81217034803,-9.632008135363,
    12.506875319187));
#7096 = CARTESIAN_POINT('',(-17.82516552241,-9.641899932255,
    12.518182597338));
#7097 = CARTESIAN_POINT('',(-17.86371866707,-9.669125089204,
    12.545335619746));
#7098 = CARTESIAN_POINT('',(-17.89137537823,-9.68646102687,
    12.558200625309));
#7099 = CARTESIAN_POINT('',(-17.9211555267,-9.703101981523,
    12.565947801498));
#7100 = CARTESIAN_POINT('',(-17.95185959894,-9.718352372925,
    12.5681704847));
#7101 = CARTESIAN_POINT('',(-17.98221309321,-9.731614867753,
    12.564850838356));
#7102 = CARTESIAN_POINT('',(-18.03277375196,-9.750625831778,
    12.549903066489));
#7103 = CARTESIAN_POINT('',(-18.05363966611,-9.757420482792,
    12.540521300705));
#7104 = CARTESIAN_POINT('',(-18.07313381386,-9.762650573418,
    12.528326363067));
#7105 = CARTESIAN_POINT('',(-18.09078552513,-9.766183392621,
    12.513582298914));
#7106 = CARTESIAN_POINT('',(-18.10619299909,-9.767949192431,
    12.496651133573));
#7107 = CARTESIAN_POINT('',(-18.11905780808,-9.767949192431,
    12.477970353672));
#7108 = ( BOUNDED_SURFACE() B_SPLINE_SURFACE(6,2,(
    (#7109,#7110,#7111,#7112)
    ,(#7113,#7114,#7115,#7116)
    ,(#7117,#7118,#7119,#7120)
    ,(#7121,#7122,#7123,#7124)
    ,(#7125,#7126,#7127,#7128)
    ,(#7129,#7130,#7131,#7132)
    ,(#7133,#7134,#7135,#7136
)),.UNSPECIFIED.,.F.,.F.,.F.) B_SPLINE_SURFACE_WITH_KNOTS((7,7),(3,1,3),
  (0.,8.767282772495),(-0.352998490577,6.168843056153E-14,8.767282772495
),.UNSPECIFIED.) GEOMETRIC_REPRESENTATION_ITEM() 
RATIONAL_B_SPLINE_SURFACE((
    (1.056651799772,1.056651799772,1.056651799772,1.056651799772)
    ,(1.017452375137,1.017452375137,1.017452375137,1.017452375137)
    ,(0.99632276822,0.99632276822,0.99632276822,0.99632276822)
    ,(0.98937924261,0.98937924261,0.98937924261,0.98937924261)
    ,(0.99632276822,0.99632276822,0.99632276822,0.99632276822)
    ,(1.017452375137,1.017452375137,1.017452375137,1.017452375137)
    ,(1.056651799772,1.056651799772,1.056651799772,1.056651799772
))) REPRESENTATION_ITEM('') SURFACE() );
#7109 = CARTESIAN_POINT('',(-17.77364757498,-3.647001509423,
    12.450269739487));
#7110 = CARTESIAN_POINT('',(-17.77364757498,-3.823500754712,
    12.450269739487));
#7111 = CARTESIAN_POINT('',(-17.77364757498,-8.383641386248,
    12.450269739487));
#7112 = CARTESIAN_POINT('',(-17.77364757498,-12.76728277249,
    12.450269739487));
#7113 = CARTESIAN_POINT('',(-17.80474331088,-3.647001509423,
    12.515805454305));
#7114 = CARTESIAN_POINT('',(-17.80474331088,-3.823500754712,
    12.515805454305));
#7115 = CARTESIAN_POINT('',(-17.80474331088,-8.383641386248,
    12.515805454305));
#7116 = CARTESIAN_POINT('',(-17.80474331088,-12.76728277249,
    12.515805454305));
#7117 = CARTESIAN_POINT('',(-17.86238177076,-3.647001509423,
    12.56486138681));
#7118 = CARTESIAN_POINT('',(-17.86238177076,-3.823500754712,
    12.56486138681));
#7119 = CARTESIAN_POINT('',(-17.86238177076,-8.383641386248,
    12.56486138681));
#7120 = CARTESIAN_POINT('',(-17.86238177076,-12.76728277249,
    12.56486138681));
#7121 = CARTESIAN_POINT('',(-17.93650879237,-3.647001509423,
    12.586867631953));
#7122 = CARTESIAN_POINT('',(-17.93650879237,-3.823500754712,
    12.586867631953));
#7123 = CARTESIAN_POINT('',(-17.93650879237,-8.383641386248,
    12.586867631953));
#7124 = CARTESIAN_POINT('',(-17.93650879237,-12.76728277249,
    12.586867631953));
#7125 = CARTESIAN_POINT('',(-18.01319550193,-3.647001509423,
    12.576956086331));
#7126 = CARTESIAN_POINT('',(-18.01319550193,-3.823500754712,
    12.576956086331));
#7127 = CARTESIAN_POINT('',(-18.01319550193,-8.383641386248,
    12.576956086331));
#7128 = CARTESIAN_POINT('',(-18.01319550193,-12.76728277249,
    12.576956086331));
#7129 = CARTESIAN_POINT('',(-18.0779152283,-3.647001509423,
    12.53771282463));
#7130 = CARTESIAN_POINT('',(-18.0779152283,-3.823500754712,
    12.53771282463));
#7131 = CARTESIAN_POINT('',(-18.0779152283,-8.383641386248,
    12.53771282463));
#7132 = CARTESIAN_POINT('',(-18.0779152283,-12.76728277249,
    12.53771282463));
#7133 = CARTESIAN_POINT('',(-18.11905780808,-3.647001509423,
    12.477970353672));
#7134 = CARTESIAN_POINT('',(-18.11905780808,-3.823500754712,
    12.477970353672));
#7135 = CARTESIAN_POINT('',(-18.11905780808,-8.383641386248,
    12.477970353672));
#7136 = CARTESIAN_POINT('',(-18.11905780808,-12.76728277249,
    12.477970353672));
#7137 = ADVANCED_FACE('',(#7138),#7143,.T.);
#7138 = FACE_BOUND('',#7139,.F.);
#7139 = EDGE_LOOP('',(#7140,#7141,#7142));
#7140 = ORIENTED_EDGE('',*,*,#6137,.T.);
#7141 = ORIENTED_EDGE('',*,*,#7089,.F.);
#7142 = ORIENTED_EDGE('',*,*,#1292,.F.);
#7143 = CONICAL_SURFACE('',#7144,17.,1.047197551197);
#7144 = AXIS2_PLACEMENT_3D('',#7145,#7146,#7147);
#7145 = CARTESIAN_POINT('',(2.971849092539E-15,-6.881197846483,
    1.431167093893E-15));
#7146 = DIRECTION('',(-1.736014626426E-16,-1.,-8.360205819652E-17));
#7147 = DIRECTION('',(-0.623489801859,1.736014626426E-16,-0.781831482468
    ));
#7148 = ADVANCED_FACE('',(#7149),#7173,.T.);
#7149 = FACE_BOUND('',#7150,.F.);
#7150 = EDGE_LOOP('',(#7151,#7171,#7172));
#7151 = ORIENTED_EDGE('',*,*,#7152,.T.);
#7152 = EDGE_CURVE('',#1218,#6146,#7153,.T.);
#7153 = B_SPLINE_CURVE_WITH_KNOTS('',6,(#7154,#7155,#7156,#7157,#7158,
    #7159,#7160,#7161,#7162,#7163,#7164,#7165,#7166,#7167,#7168,#7169,
    #7170),.UNSPECIFIED.,.F.,.F.,(7,5,5,7),(0.,0.24554134772,
    0.675708691458,1.),.UNSPECIFIED.);
#7154 = CARTESIAN_POINT('',(-16.09312414141,-9.595033644246,
    14.5575794717));
#7155 = CARTESIAN_POINT('',(-16.10986052669,-9.603639768478,
    14.561297964423));
#7156 = CARTESIAN_POINT('',(-16.12621148733,-9.612749691788,
    14.566737374981));
#7157 = CARTESIAN_POINT('',(-16.14195595679,-9.622247797523,
    14.573847674436));
#7158 = CARTESIAN_POINT('',(-16.15688262447,-9.632008135356,
    14.582540471933));
#7159 = CARTESIAN_POINT('',(-16.17079810389,-9.641899932245,
    14.592693724056));
#7160 = CARTESIAN_POINT('',(-16.20584922509,-9.669125089192,
    14.624238144979));
#7161 = CARTESIAN_POINT('',(-16.22454587531,-9.686461026859,
    14.648338711594));
#7162 = CARTESIAN_POINT('',(-16.23872552007,-9.703101981512,
    14.675648300682));
#7163 = CARTESIAN_POINT('',(-16.24772477479,-9.718352372916,
    14.705087964179));
#7164 = CARTESIAN_POINT('',(-16.25124264681,-9.731614867745,
    14.73541912378));
#7165 = CARTESIAN_POINT('',(-16.2479204518,-9.750625831773,
    14.788038313414));
#7166 = CARTESIAN_POINT('',(-16.24341700918,-9.757420482789,
    14.810468714823));
#7167 = CARTESIAN_POINT('',(-16.23586568006,-9.762650573417,
    14.832187732504));
#7168 = CARTESIAN_POINT('',(-16.22541915565,-9.76618339262,
    14.852677741451));
#7169 = CARTESIAN_POINT('',(-16.21234097547,-9.767949192431,
    14.871466456601));
#7170 = CARTESIAN_POINT('',(-16.19699125103,-9.767949192431,
    14.888165582564));
#7171 = ORIENTED_EDGE('',*,*,#6145,.T.);
#7172 = ORIENTED_EDGE('',*,*,#1226,.T.);
#7173 = CONICAL_SURFACE('',#7174,17.,1.047197551197);
#7174 = AXIS2_PLACEMENT_3D('',#7175,#7176,#7177);
#7175 = CARTESIAN_POINT('',(2.971849092539E-15,-6.881197846483,
    1.431167093893E-15));
#7176 = DIRECTION('',(-1.736014626426E-16,-1.,-8.360205819652E-17));
#7177 = DIRECTION('',(-0.623489801859,1.736014626426E-16,-0.781831482468
    ));
#7178 = ADVANCED_FACE('',(#7179),#7191,.F.);
#7179 = FACE_BOUND('',#7180,.F.);
#7180 = EDGE_LOOP('',(#7181,#7182,#7183,#7190));
#7181 = ORIENTED_EDGE('',*,*,#1217,.F.);
#7182 = ORIENTED_EDGE('',*,*,#6659,.F.);
#7183 = ORIENTED_EDGE('',*,*,#7184,.T.);
#7184 = EDGE_CURVE('',#6660,#6146,#7185,.T.);
#7185 = ( BOUNDED_CURVE() B_SPLINE_CURVE(2,(#7186,#7187,#7188,#7189),
.UNSPECIFIED.,.F.,.F.) B_SPLINE_CURVE_WITH_KNOTS((3,1,3),(
    -0.352998490577,6.157075717328E-14,8.767282772495),.UNSPECIFIED.) 
CURVE() GEOMETRIC_REPRESENTATION_ITEM() RATIONAL_B_SPLINE_CURVE((
    1.056651799772,1.056651799772,1.056651799772,1.056651799772)) 
REPRESENTATION_ITEM('') );
#7186 = CARTESIAN_POINT('',(-16.19699125103,-3.647001509423,
    14.888165582564));
#7187 = CARTESIAN_POINT('',(-16.19699125103,-3.823500754712,
    14.888165582564));
#7188 = CARTESIAN_POINT('',(-16.19699125103,-8.383641386248,
    14.888165582564));
#7189 = CARTESIAN_POINT('',(-16.19699125103,-12.76728277249,
    14.888165582564));
#7190 = ORIENTED_EDGE('',*,*,#7152,.F.);
#7191 = ( BOUNDED_SURFACE() B_SPLINE_SURFACE(6,2,(
    (#7192,#7193,#7194,#7195)
    ,(#7196,#7197,#7198,#7199)
    ,(#7200,#7201,#7202,#7203)
    ,(#7204,#7205,#7206,#7207)
    ,(#7208,#7209,#7210,#7211)
    ,(#7212,#7213,#7214,#7215)
    ,(#7216,#7217,#7218,#7219
)),.UNSPECIFIED.,.F.,.F.,.F.) B_SPLINE_SURFACE_WITH_KNOTS((7,7),(3,1,3),
  (0.,8.767282772495),(-0.352998490577,6.157075717328E-14,8.767282772495
),.UNSPECIFIED.) GEOMETRIC_REPRESENTATION_ITEM() 
RATIONAL_B_SPLINE_SURFACE((
    (1.056651799772,1.056651799772,1.056651799772,1.056651799772)
    ,(1.017452375137,1.017452375137,1.017452375137,1.017452375137)
    ,(0.99632276822,0.99632276822,0.99632276822,0.99632276822)
    ,(0.98937924261,0.98937924261,0.98937924261,0.98937924261)
    ,(0.99632276822,0.99632276822,0.99632276822,0.99632276822)
    ,(1.017452375137,1.017452375137,1.017452375137,1.017452375137)
    ,(1.056651799772,1.056651799772,1.056651799772,1.056651799772
))) REPRESENTATION_ITEM('') SURFACE() );
#7192 = CARTESIAN_POINT('',(-16.09312414141,-3.647001509423,
    14.5575794717));
#7193 = CARTESIAN_POINT('',(-16.09312414141,-3.823500754712,
    14.5575794717));
#7194 = CARTESIAN_POINT('',(-16.09312414141,-8.383641386248,
    14.5575794717));
#7195 = CARTESIAN_POINT('',(-16.09312414141,-12.76728277249,
    14.5575794717));
#7196 = CARTESIAN_POINT('',(-16.16393619123,-3.647001509423,
    14.573312504104));
#7197 = CARTESIAN_POINT('',(-16.16393619123,-3.823500754712,
    14.573312504104));
#7198 = CARTESIAN_POINT('',(-16.16393619123,-8.383641386248,
    14.573312504104));
#7199 = CARTESIAN_POINT('',(-16.16393619123,-12.76728277249,
    14.573312504104));
#7200 = CARTESIAN_POINT('',(-16.22458795301,-3.647001509423,
    14.618589875538));
#7201 = CARTESIAN_POINT('',(-16.22458795301,-3.823500754712,
    14.618589875538));
#7202 = CARTESIAN_POINT('',(-16.22458795301,-8.383641386248,
    14.618589875538));
#7203 = CARTESIAN_POINT('',(-16.22458795301,-12.76728277249,
    14.618589875538));
#7204 = CARTESIAN_POINT('',(-16.26253726972,-3.647001509423,
    14.685961527735));
#7205 = CARTESIAN_POINT('',(-16.26253726972,-3.823500754712,
    14.685961527735));
#7206 = CARTESIAN_POINT('',(-16.26253726972,-8.383641386248,
    14.685961527735));
#7207 = CARTESIAN_POINT('',(-16.26253726972,-12.76728277249,
    14.685961527735));
#7208 = CARTESIAN_POINT('',(-16.26993862547,-3.647001509423,
    14.762931067761));
#7209 = CARTESIAN_POINT('',(-16.26993862547,-3.823500754712,
    14.762931067761));
#7210 = CARTESIAN_POINT('',(-16.26993862547,-8.383641386248,
    14.762931067761));
#7211 = CARTESIAN_POINT('',(-16.26993862547,-12.76728277249,
    14.762931067761));
#7212 = CARTESIAN_POINT('',(-16.24608076823,-3.647001509423,
    14.834760582719));
#7213 = CARTESIAN_POINT('',(-16.24608076823,-3.823500754712,
    14.834760582719));
#7214 = CARTESIAN_POINT('',(-16.24608076823,-8.383641386248,
    14.834760582719));
#7215 = CARTESIAN_POINT('',(-16.24608076823,-12.76728277249,
    14.834760582719));
#7216 = CARTESIAN_POINT('',(-16.19699125103,-3.647001509423,
    14.888165582564));
#7217 = CARTESIAN_POINT('',(-16.19699125103,-3.823500754712,
    14.888165582564));
#7218 = CARTESIAN_POINT('',(-16.19699125103,-8.383641386248,
    14.888165582564));
#7219 = CARTESIAN_POINT('',(-16.19699125103,-12.76728277249,
    14.888165582564));
#7220 = ADVANCED_FACE('',(#7221),#7226,.T.);
#7221 = FACE_BOUND('',#7222,.F.);
#7222 = EDGE_LOOP('',(#7223,#7224,#7225));
#7223 = ORIENTED_EDGE('',*,*,#5217,.F.);
#7224 = ORIENTED_EDGE('',*,*,#6946,.F.);
#7225 = ORIENTED_EDGE('',*,*,#1175,.F.);
#7226 = CONICAL_SURFACE('',#7227,25.,1.047197551197);
#7227 = AXIS2_PLACEMENT_3D('',#7228,#7229,#7230);
#7228 = CARTESIAN_POINT('',(1.302010969819E-15,-16.5,6.270154364739E-16)
  );
#7229 = DIRECTION('',(1.736014626426E-16,1.,8.360205819652E-17));
#7230 = DIRECTION('',(-0.623489801859,1.736014626426E-16,-0.781831482468
    ));
#7231 = ADVANCED_FACE('',(#7232),#7256,.T.);
#7232 = FACE_BOUND('',#7233,.F.);
#7233 = EDGE_LOOP('',(#7234,#7254,#7255));
#7234 = ORIENTED_EDGE('',*,*,#7235,.T.);
#7235 = EDGE_CURVE('',#1101,#5226,#7236,.T.);
#7236 = B_SPLINE_CURVE_WITH_KNOTS('',6,(#7237,#7238,#7239,#7240,#7241,
    #7242,#7243,#7244,#7245,#7246,#7247,#7248,#7249,#7250,#7251,#7252,
    #7253),.UNSPECIFIED.,.F.,.F.,(7,5,5,7),(0.,0.245541347732,
    0.675708691471,1.),.UNSPECIFIED.);
#7237 = CARTESIAN_POINT('',(-17.77364757498,-18.40496635575,
    12.450269739487));
#7238 = CARTESIAN_POINT('',(-17.78099703341,-18.39636023152,
    12.465759066173));
#7239 = CARTESIAN_POINT('',(-17.78993849763,-18.38725030821,
    12.480489691378));
#7240 = CARTESIAN_POINT('',(-17.80037400108,-18.37775220247,
    12.494257223641));
#7241 = CARTESIAN_POINT('',(-17.81217034803,-18.36799186464,
    12.50687531918));
#7242 = CARTESIAN_POINT('',(-17.8251655224,-18.35810006775,
    12.51818259733));
#7243 = CARTESIAN_POINT('',(-17.86371866706,-18.3308749108,
    12.545335619739));
#7244 = CARTESIAN_POINT('',(-17.89137537822,-18.31353897313,
    12.558200625304));
#7245 = CARTESIAN_POINT('',(-17.92115552669,-18.29689801848,
    12.565947801495));
#7246 = CARTESIAN_POINT('',(-17.95185959892,-18.28164762708,
    12.5681704847));
#7247 = CARTESIAN_POINT('',(-17.98221309319,-18.26838513225,
    12.564850838358));
#7248 = CARTESIAN_POINT('',(-18.03277375195,-18.24937416822,
    12.549903066494));
#7249 = CARTESIAN_POINT('',(-18.0536396661,-18.24257951721,
    12.54052130071));
#7250 = CARTESIAN_POINT('',(-18.07313381385,-18.23734942658,
    12.528326363071));
#7251 = CARTESIAN_POINT('',(-18.09078552513,-18.23381660738,
    12.513582298917));
#7252 = CARTESIAN_POINT('',(-18.10619299909,-18.23205080756,
    12.496651133575));
#7253 = CARTESIAN_POINT('',(-18.11905780808,-18.23205080756,
    12.477970353672));
#7254 = ORIENTED_EDGE('',*,*,#5225,.F.);
#7255 = ORIENTED_EDGE('',*,*,#1109,.T.);
#7256 = CONICAL_SURFACE('',#7257,25.,1.047197551197);
#7257 = AXIS2_PLACEMENT_3D('',#7258,#7259,#7260);
#7258 = CARTESIAN_POINT('',(1.302010969819E-15,-16.5,6.270154364739E-16)
  );
#7259 = DIRECTION('',(1.736014626426E-16,1.,8.360205819652E-17));
#7260 = DIRECTION('',(-0.623489801859,1.736014626426E-16,-0.781831482468
    ));
#7261 = ADVANCED_FACE('',(#7262),#7274,.T.);
#7262 = FACE_BOUND('',#7263,.T.);
#7263 = EDGE_LOOP('',(#7264,#7265,#7266,#7273));
#7264 = ORIENTED_EDGE('',*,*,#1100,.F.);
#7265 = ORIENTED_EDGE('',*,*,#7235,.T.);
#7266 = ORIENTED_EDGE('',*,*,#7267,.T.);
#7267 = EDGE_CURVE('',#5226,#1340,#7268,.T.);
#7268 = ( BOUNDED_CURVE() B_SPLINE_CURVE(2,(#7269,#7270,#7271,#7272),
.UNSPECIFIED.,.F.,.F.) B_SPLINE_CURVE_WITH_KNOTS((3,1,3),(
-2.999333580064,5.767949192431,6.120947683008),.UNSPECIFIED.) CURVE() 
GEOMETRIC_REPRESENTATION_ITEM() RATIONAL_B_SPLINE_CURVE((1.056651799772,
1.056651799772,1.056651799772,1.056651799772)) REPRESENTATION_ITEM('') 
  );
#7269 = CARTESIAN_POINT('',(-18.11905780808,-15.2327172275,
    12.477970353672));
#7270 = CARTESIAN_POINT('',(-18.11905780808,-19.61635861375,
    12.477970353672));
#7271 = CARTESIAN_POINT('',(-18.11905780808,-24.17649924528,
    12.477970353672));
#7272 = CARTESIAN_POINT('',(-18.11905780808,-24.35299849057,
    12.477970353672));
#7273 = ORIENTED_EDGE('',*,*,#1339,.T.);
#7274 = ( BOUNDED_SURFACE() B_SPLINE_SURFACE(6,2,(
    (#7275,#7276,#7277,#7278)
    ,(#7279,#7280,#7281,#7282)
    ,(#7283,#7284,#7285,#7286)
    ,(#7287,#7288,#7289,#7290)
    ,(#7291,#7292,#7293,#7294)
    ,(#7295,#7296,#7297,#7298)
    ,(#7299,#7300,#7301,#7302
)),.UNSPECIFIED.,.F.,.F.,.F.) B_SPLINE_SURFACE_WITH_KNOTS((7,7),(3,1,3),
  (0.,8.767282772495),(-2.999333580064,5.767949192431,6.120947683008),
.UNSPECIFIED.) GEOMETRIC_REPRESENTATION_ITEM() RATIONAL_B_SPLINE_SURFACE
((
    (1.056651799772,1.056651799772,1.056651799772,1.056651799772)
    ,(1.017452375137,1.017452375137,1.017452375137,1.017452375137)
    ,(0.99632276822,0.99632276822,0.99632276822,0.99632276822)
    ,(0.98937924261,0.98937924261,0.98937924261,0.98937924261)
    ,(0.99632276822,0.99632276822,0.99632276822,0.99632276822)
    ,(1.017452375137,1.017452375137,1.017452375137,1.017452375137)
    ,(1.056651799772,1.056651799772,1.056651799772,1.056651799772
))) REPRESENTATION_ITEM('') SURFACE() );
#7275 = CARTESIAN_POINT('',(-17.77364757498,-15.2327172275,
    12.450269739487));
#7276 = CARTESIAN_POINT('',(-17.77364757498,-19.61635861375,
    12.450269739487));
#7277 = CARTESIAN_POINT('',(-17.77364757498,-24.17649924528,
    12.450269739487));
#7278 = CARTESIAN_POINT('',(-17.77364757498,-24.35299849057,
    12.450269739487));
#7279 = CARTESIAN_POINT('',(-17.80474331088,-15.2327172275,
    12.515805454305));
#7280 = CARTESIAN_POINT('',(-17.80474331088,-19.61635861375,
    12.515805454305));
#7281 = CARTESIAN_POINT('',(-17.80474331088,-24.17649924528,
    12.515805454305));
#7282 = CARTESIAN_POINT('',(-17.80474331088,-24.35299849057,
    12.515805454305));
#7283 = CARTESIAN_POINT('',(-17.86238177076,-15.2327172275,
    12.56486138681));
#7284 = CARTESIAN_POINT('',(-17.86238177076,-19.61635861375,
    12.56486138681));
#7285 = CARTESIAN_POINT('',(-17.86238177076,-24.17649924528,
    12.56486138681));
#7286 = CARTESIAN_POINT('',(-17.86238177076,-24.35299849057,
    12.56486138681));
#7287 = CARTESIAN_POINT('',(-17.93650879237,-15.2327172275,
    12.586867631953));
#7288 = CARTESIAN_POINT('',(-17.93650879237,-19.61635861375,
    12.586867631953));
#7289 = CARTESIAN_POINT('',(-17.93650879237,-24.17649924528,
    12.586867631953));
#7290 = CARTESIAN_POINT('',(-17.93650879237,-24.35299849057,
    12.586867631953));
#7291 = CARTESIAN_POINT('',(-18.01319550193,-15.2327172275,
    12.576956086331));
#7292 = CARTESIAN_POINT('',(-18.01319550193,-19.61635861375,
    12.576956086331));
#7293 = CARTESIAN_POINT('',(-18.01319550193,-24.17649924528,
    12.576956086331));
#7294 = CARTESIAN_POINT('',(-18.01319550193,-24.35299849057,
    12.576956086331));
#7295 = CARTESIAN_POINT('',(-18.0779152283,-15.2327172275,12.53771282463
    ));
#7296 = CARTESIAN_POINT('',(-18.0779152283,-19.61635861375,
    12.53771282463));
#7297 = CARTESIAN_POINT('',(-18.0779152283,-24.17649924528,
    12.53771282463));
#7298 = CARTESIAN_POINT('',(-18.0779152283,-24.35299849057,
    12.53771282463));
#7299 = CARTESIAN_POINT('',(-18.11905780808,-15.2327172275,
    12.477970353672));
#7300 = CARTESIAN_POINT('',(-18.11905780808,-19.61635861375,
    12.477970353672));
#7301 = CARTESIAN_POINT('',(-18.11905780808,-24.17649924528,
    12.477970353672));
#7302 = CARTESIAN_POINT('',(-18.11905780808,-24.35299849057,
    12.477970353672));
#7303 = ADVANCED_FACE('',(#7304),#7335,.F.);
#7304 = FACE_BOUND('',#7305,.F.);
#7305 = EDGE_LOOP('',(#7306,#7307,#7327,#7334));
#7306 = ORIENTED_EDGE('',*,*,#1519,.F.);
#7307 = ORIENTED_EDGE('',*,*,#7308,.T.);
#7308 = EDGE_CURVE('',#1509,#5235,#7309,.T.);
#7309 = B_SPLINE_CURVE_WITH_KNOTS('',6,(#7310,#7311,#7312,#7313,#7314,
    #7315,#7316,#7317,#7318,#7319,#7320,#7321,#7322,#7323,#7324,#7325,
    #7326),.UNSPECIFIED.,.F.,.F.,(7,5,5,7),(0.,0.245541347766,
    0.675708691504,1.),.UNSPECIFIED.);
#7310 = CARTESIAN_POINT('',(-20.81570085238,-18.40496635575,
    6.133381019457));
#7311 = CARTESIAN_POINT('',(-20.83239320801,-18.39636023152,
    6.129469620211));
#7312 = CARTESIAN_POINT('',(-20.8494849863,-18.3872503082,6.12727594384)
  );
#7313 = CARTESIAN_POINT('',(-20.86675530645,-18.37775220247,
    6.126850833012));
#7314 = CARTESIAN_POINT('',(-20.88397543281,-18.36799186463,
    6.128206334548));
#7315 = CARTESIAN_POINT('',(-20.90091817755,-18.35810006774,
    6.13131639838));
#7316 = CARTESIAN_POINT('',(-20.94618475784,-18.33087491079,
    6.144528828064));
#7317 = CARTESIAN_POINT('',(-20.97348670157,-18.31353897313,
    6.158130515783));
#7318 = CARTESIAN_POINT('',(-20.99811130668,-18.29689801847,
    6.176583288061));
#7319 = CARTESIAN_POINT('',(-21.0189927463,-18.28164762707,
    6.199202878065));
#7320 = CARTESIAN_POINT('',(-21.0353224364,-18.26838513224,6.22500396113
    ));
#7321 = CARTESIAN_POINT('',(-21.05515985287,-18.24937416822,
    6.273853659234));
#7322 = CARTESIAN_POINT('',(-21.0608345777,-18.2425795172,6.296016723119
    ));
#7323 = CARTESIAN_POINT('',(-21.06345459385,-18.23734942658,
    6.318861280806));
#7324 = CARTESIAN_POINT('',(-21.06293288228,-18.23381660737,
    6.341854718035));
#7325 = CARTESIAN_POINT('',(-21.05930196707,-18.23205080756,
    6.364457175169));
#7326 = CARTESIAN_POINT('',(-21.05271782243,-18.23205080756,
    6.386162563612));
#7327 = ORIENTED_EDGE('',*,*,#7328,.T.);
#7328 = EDGE_CURVE('',#5235,#1362,#7329,.T.);
#7329 = ( BOUNDED_CURVE() B_SPLINE_CURVE(2,(#7330,#7331,#7332,#7333),
.UNSPECIFIED.,.F.,.F.) B_SPLINE_CURVE_WITH_KNOTS((3,1,3),(
-2.999333580064,5.767949192431,6.120947683008),.UNSPECIFIED.) CURVE() 
GEOMETRIC_REPRESENTATION_ITEM() RATIONAL_B_SPLINE_CURVE((1.056651799772,
1.056651799772,1.056651799772,1.056651799772)) REPRESENTATION_ITEM('') 
  );
#7330 = CARTESIAN_POINT('',(-21.05271782243,-15.2327172275,
    6.386162563612));
#7331 = CARTESIAN_POINT('',(-21.05271782243,-19.61635861375,
    6.386162563612));
#7332 = CARTESIAN_POINT('',(-21.05271782243,-24.17649924528,
    6.386162563612));
#7333 = CARTESIAN_POINT('',(-21.05271782243,-24.35299849057,
    6.386162563612));
#7334 = ORIENTED_EDGE('',*,*,#1370,.T.);
#7335 = ( BOUNDED_SURFACE() B_SPLINE_SURFACE(6,2,(
    (#7336,#7337,#7338,#7339)
    ,(#7340,#7341,#7342,#7343)
    ,(#7344,#7345,#7346,#7347)
    ,(#7348,#7349,#7350,#7351)
    ,(#7352,#7353,#7354,#7355)
    ,(#7356,#7357,#7358,#7359)
    ,(#7360,#7361,#7362,#7363
)),.UNSPECIFIED.,.F.,.F.,.F.) B_SPLINE_SURFACE_WITH_KNOTS((7,7),(3,1,3),
  (0.,8.767282772495),(-2.999333580064,5.767949192431,6.120947683008),
.UNSPECIFIED.) GEOMETRIC_REPRESENTATION_ITEM() RATIONAL_B_SPLINE_SURFACE
((
    (1.056651799772,1.056651799772,1.056651799772,1.056651799772)
    ,(1.017452375137,1.017452375137,1.017452375137,1.017452375137)
    ,(0.99632276822,0.99632276822,0.99632276822,0.99632276822)
    ,(0.98937924261,0.98937924261,0.98937924261,0.98937924261)
    ,(0.99632276822,0.99632276822,0.99632276822,0.99632276822)
    ,(1.017452375137,1.017452375137,1.017452375137,1.017452375137)
    ,(1.056651799772,1.056651799772,1.056651799772,1.056651799772
))) REPRESENTATION_ITEM('') SURFACE() );
#7336 = CARTESIAN_POINT('',(-20.81570085238,-15.2327172275,
    6.133381019457));
#7337 = CARTESIAN_POINT('',(-20.81570085238,-19.61635861375,
    6.133381019457));
#7338 = CARTESIAN_POINT('',(-20.81570085238,-24.17649924528,
    6.133381019457));
#7339 = CARTESIAN_POINT('',(-20.81570085238,-24.35299849057,
    6.133381019457));
#7340 = CARTESIAN_POINT('',(-20.88632661166,-15.2327172275,
    6.116831794903));
#7341 = CARTESIAN_POINT('',(-20.88632661166,-19.61635861375,
    6.116831794903));
#7342 = CARTESIAN_POINT('',(-20.88632661166,-24.17649924528,
    6.116831794903));
#7343 = CARTESIAN_POINT('',(-20.88632661166,-24.35299849057,
    6.116831794903));
#7344 = CARTESIAN_POINT('',(-20.96061707603,-15.2327172275,
    6.131309483799));
#7345 = CARTESIAN_POINT('',(-20.96061707603,-19.61635861375,
    6.131309483799));
#7346 = CARTESIAN_POINT('',(-20.96061707603,-24.17649924528,
    6.131309483799));
#7347 = CARTESIAN_POINT('',(-20.96061707603,-24.35299849057,
    6.131309483799));
#7348 = CARTESIAN_POINT('',(-21.02403969331,-15.2327172275,
    6.175543653575));
#7349 = CARTESIAN_POINT('',(-21.02403969331,-19.61635861375,
    6.175543653575));
#7350 = CARTESIAN_POINT('',(-21.02403969331,-24.17649924528,
    6.175543653575));
#7351 = CARTESIAN_POINT('',(-21.02403969331,-24.35299849057,
    6.175543653575));
#7352 = CARTESIAN_POINT('',(-21.06410391625,-15.2327172275,
    6.241679485008));
#7353 = CARTESIAN_POINT('',(-21.06410391625,-19.61635861375,
    6.241679485008));
#7354 = CARTESIAN_POINT('',(-21.06410391625,-24.17649924528,
    6.241679485008));
#7355 = CARTESIAN_POINT('',(-21.06410391625,-24.35299849057,
    6.241679485008));
#7356 = CARTESIAN_POINT('',(-21.07377438815,-15.2327172275,
    6.316747178087));
#7357 = CARTESIAN_POINT('',(-21.07377438815,-19.61635861375,
    6.316747178087));
#7358 = CARTESIAN_POINT('',(-21.07377438815,-24.17649924528,
    6.316747178087));
#7359 = CARTESIAN_POINT('',(-21.07377438815,-24.35299849057,
    6.316747178087));
#7360 = CARTESIAN_POINT('',(-21.05271782243,-15.2327172275,
    6.386162563612));
#7361 = CARTESIAN_POINT('',(-21.05271782243,-19.61635861375,
    6.386162563612));
#7362 = CARTESIAN_POINT('',(-21.05271782243,-24.17649924528,
    6.386162563612));
#7363 = CARTESIAN_POINT('',(-21.05271782243,-24.35299849057,
    6.386162563612));
#7364 = ADVANCED_FACE('',(#7365),#7371,.T.);
#7365 = FACE_BOUND('',#7366,.F.);
#7366 = EDGE_LOOP('',(#7367,#7368,#7369,#7370));
#7367 = ORIENTED_EDGE('',*,*,#5234,.F.);
#7368 = ORIENTED_EDGE('',*,*,#7267,.T.);
#7369 = ORIENTED_EDGE('',*,*,#1361,.T.);
#7370 = ORIENTED_EDGE('',*,*,#7328,.F.);
#7371 = CYLINDRICAL_SURFACE('',#7372,22.);
#7372 = AXIS2_PLACEMENT_3D('',#7373,#7374,#7375);
#7373 = CARTESIAN_POINT('',(6.661338147751E-15,-4.,-4.440892098501E-15)
  );
#7374 = DIRECTION('',(-3.330669073875E-16,-1.,2.22044604925E-16));
#7375 = DIRECTION('',(-3.229739708E-16,2.22044604925E-16,1.));
#7376 = ADVANCED_FACE('',(#7377),#7433,.T.);
#7377 = FACE_BOUND('',#7378,.T.);
#7378 = EDGE_LOOP('',(#7379,#7380,#7381,#7382,#7404,#7413));
#7379 = ORIENTED_EDGE('',*,*,#1645,.T.);
#7380 = ORIENTED_EDGE('',*,*,#5797,.T.);
#7381 = ORIENTED_EDGE('',*,*,#1872,.T.);
#7382 = ORIENTED_EDGE('',*,*,#7383,.F.);
#7383 = EDGE_CURVE('',#7384,#1873,#7386,.T.);
#7384 = VERTEX_POINT('',#7385);
#7385 = CARTESIAN_POINT('',(-21.73869543446,-4.4,-3.380698272207));
#7386 = B_SPLINE_CURVE_WITH_KNOTS('',6,(#7387,#7388,#7389,#7390,#7391,
    #7392,#7393,#7394,#7395,#7396,#7397,#7398,#7399,#7400,#7401,#7402,
    #7403),.UNSPECIFIED.,.F.,.F.,(7,5,5,7),(0.,0.316956850832,
    0.754284106064,1.),.UNSPECIFIED.);
#7387 = CARTESIAN_POINT('',(-21.73869543418,-4.4,-3.380698273993));
#7388 = CARTESIAN_POINT('',(-21.73528410167,-4.399999999997,
    -3.402633954861));
#7389 = CARTESIAN_POINT('',(-21.72895116494,-4.397070317429,
    -3.424116595443));
#7390 = CARTESIAN_POINT('',(-21.71977111498,-4.391208924149,
    -3.444652613596));
#7391 = CARTESIAN_POINT('',(-21.70793606425,-4.382528879528,
    -3.463771011927));
#7392 = CARTESIAN_POINT('',(-21.69373503659,-4.371244413356,
    -3.481055553976));
#7393 = CARTESIAN_POINT('',(-21.65517854319,-4.338909528274,
    -3.517040961479));
#7394 = CARTESIAN_POINT('',(-21.62901432139,-4.315777243681,
    -3.53378648365));
#7395 = CARTESIAN_POINT('',(-21.59999369892,-4.289046259319,
    -3.545546608704));
#7396 = CARTESIAN_POINT('',(-21.56933079751,-4.25980277246,
    -3.551756629873));
#7397 = CARTESIAN_POINT('',(-21.53833752504,-4.229304042879,
    -3.552257262015));
#7398 = CARTESIAN_POINT('',(-21.49135840683,-4.181679658811,
    -3.544443903974));
#7399 = CARTESIAN_POINT('',(-21.47474721623,-4.16454981695,
    -3.539895984238));
#7400 = CARTESIAN_POINT('',(-21.45864606094,-4.147646440076,
    -3.53364740177));
#7401 = CARTESIAN_POINT('',(-21.44327004415,-4.131194989751,
    -3.525772252151));
#7402 = CARTESIAN_POINT('',(-21.42881975025,-4.115413123859,
    -3.516379251535));
#7403 = CARTESIAN_POINT('',(-21.41547272172,-4.100501485124,
    -3.505608764672));
#7404 = ORIENTED_EDGE('',*,*,#7405,.F.);
#7405 = EDGE_CURVE('',#7406,#7384,#7408,.T.);
#7406 = VERTEX_POINT('',#7407);
#7407 = CARTESIAN_POINT('',(-21.73869543446,-4.4,3.380698272207));
#7408 = CIRCLE('',#7409,22.);
#7409 = AXIS2_PLACEMENT_3D('',#7410,#7411,#7412);
#7410 = CARTESIAN_POINT('',(6.528111384796E-15,-4.4,-6.528111384796E-15)
  );
#7411 = DIRECTION('',(-3.330669073875E-16,-1.,3.330669073875E-16));
#7412 = DIRECTION('',(-2.3415612883E-16,3.330669073875E-16,1.));
#7413 = ORIENTED_EDGE('',*,*,#7414,.T.);
#7414 = EDGE_CURVE('',#7406,#1637,#7415,.T.);
#7415 = B_SPLINE_CURVE_WITH_KNOTS('',6,(#7416,#7417,#7418,#7419,#7420,
    #7421,#7422,#7423,#7424,#7425,#7426,#7427,#7428,#7429,#7430,#7431,
    #7432),.UNSPECIFIED.,.F.,.F.,(7,5,5,7),(0.,0.316956850989,
    0.754284106151,1.),.UNSPECIFIED.);
#7416 = CARTESIAN_POINT('',(-21.73869543617,-4.4,3.380698261168));
#7417 = CARTESIAN_POINT('',(-21.73528410366,-4.39999999999,
    3.402633942056));
#7418 = CARTESIAN_POINT('',(-21.72895116223,-4.397070317444,
    3.424116612915));
#7419 = CARTESIAN_POINT('',(-21.71977111389,-4.391208924154,
    3.44465262063));
#7420 = CARTESIAN_POINT('',(-21.70793606617,-4.382528879517,
    3.463770999568));
#7421 = CARTESIAN_POINT('',(-21.69373503659,-4.371244413354,
    3.481055553981));
#7422 = CARTESIAN_POINT('',(-21.65517854317,-4.338909528259,
    3.517040961491));
#7423 = CARTESIAN_POINT('',(-21.62901432137,-4.315777243665,
    3.533786483659));
#7424 = CARTESIAN_POINT('',(-21.5999936989,-4.289046259301,3.54554660871
    ));
#7425 = CARTESIAN_POINT('',(-21.56933079749,-4.259802772441,
    3.551756629876));
#7426 = CARTESIAN_POINT('',(-21.53833752502,-4.229304042859,
    3.552257262014));
#7427 = CARTESIAN_POINT('',(-21.49135840682,-4.181679658794,
    3.54444390397));
#7428 = CARTESIAN_POINT('',(-21.47474721622,-4.164549816937,
    3.539895984233));
#7429 = CARTESIAN_POINT('',(-21.45864606093,-4.147646440067,
    3.533647401766));
#7430 = CARTESIAN_POINT('',(-21.44327004415,-4.131194989745,
    3.525772252147));
#7431 = CARTESIAN_POINT('',(-21.42881975025,-4.115413123856,
    3.516379251533));
#7432 = CARTESIAN_POINT('',(-21.41547272172,-4.100501485124,
    3.505608764672));
#7433 = CONICAL_SURFACE('',#7434,21.6,0.785398163397);
#7434 = AXIS2_PLACEMENT_3D('',#7435,#7436,#7437);
#7435 = CARTESIAN_POINT('',(6.661338147751E-15,-4.,-6.661338147751E-15)
  );
#7436 = DIRECTION('',(-3.330669073875E-16,-1.,3.330669073875E-16));
#7437 = DIRECTION('',(-2.302684791815E-16,3.330669073875E-16,1.));
#7438 = ADVANCED_FACE('',(#7439),#7470,.T.);
#7439 = FACE_BOUND('',#7440,.T.);
#7440 = EDGE_LOOP('',(#7441,#7442,#7443,#7450));
#7441 = ORIENTED_EDGE('',*,*,#1636,.F.);
#7442 = ORIENTED_EDGE('',*,*,#7414,.F.);
#7443 = ORIENTED_EDGE('',*,*,#7444,.T.);
#7444 = EDGE_CURVE('',#7406,#6103,#7445,.T.);
#7445 = ( BOUNDED_CURVE() B_SPLINE_CURVE(2,(#7446,#7447,#7448,#7449),
.UNSPECIFIED.,.F.,.F.) B_SPLINE_CURVE_WITH_KNOTS((3,1,3),(
    -0.352998490577,6.168843056153E-14,8.767282772495),.UNSPECIFIED.) 
CURVE() GEOMETRIC_REPRESENTATION_ITEM() RATIONAL_B_SPLINE_CURVE((
    1.056651799772,1.056651799772,1.056651799772,1.056651799772)) 
REPRESENTATION_ITEM('') );
#7446 = CARTESIAN_POINT('',(-21.73869543446,-3.647001509423,
    3.380698272207));
#7447 = CARTESIAN_POINT('',(-21.73869543446,-3.823500754712,
    3.380698272207));
#7448 = CARTESIAN_POINT('',(-21.73869543446,-8.383641386248,
    3.380698272207));
#7449 = CARTESIAN_POINT('',(-21.73869543446,-12.76728277249,
    3.380698272207));
#7450 = ORIENTED_EDGE('',*,*,#7451,.F.);
#7451 = EDGE_CURVE('',#1626,#6103,#7452,.T.);
#7452 = B_SPLINE_CURVE_WITH_KNOTS('',6,(#7453,#7454,#7455,#7456,#7457,
    #7458,#7459,#7460,#7461,#7462,#7463,#7464,#7465,#7466,#7467,#7468,
    #7469),.UNSPECIFIED.,.F.,.F.,(7,5,5,7),(0.,0.245541347766,
    0.675708691505,1.),.UNSPECIFIED.);
#7453 = CARTESIAN_POINT('',(-21.41547272172,-9.595033644246,
    3.505608764672));
#7454 = CARTESIAN_POINT('',(-21.42881492194,-9.60363976848,
    3.516375355297));
#7455 = CARTESIAN_POINT('',(-21.44326228158,-9.612749691792,
    3.525767634088));
#7456 = CARTESIAN_POINT('',(-21.45863785369,-9.622247797528,
    3.533643956788));
#7457 = CARTESIAN_POINT('',(-21.47474078152,-9.632008135363,
    3.539894224919));
#7458 = CARTESIAN_POINT('',(-21.49135507319,-9.641899932255,
    3.544443335665));
#7459 = CARTESIAN_POINT('',(-21.53787151118,-9.669125089204,
    3.552179780964));
#7460 = CARTESIAN_POINT('',(-21.56837126364,-9.68646102687,
    3.551770953211));
#7461 = CARTESIAN_POINT('',(-21.59856362406,-9.703101981523,
    3.545829795602));
#7462 = CARTESIAN_POINT('',(-21.62719142336,-9.718352372925,
    3.534510366303));
#7463 = CARTESIAN_POINT('',(-21.65309863617,-9.731614867753,
    3.518349580705));
#7464 = CARTESIAN_POINT('',(-21.69216662049,-9.750625831778,
    3.482944655938));
#7465 = CARTESIAN_POINT('',(-21.70689556393,-9.757420482792,
    3.465438596188));
#7466 = CARTESIAN_POINT('',(-21.71916799901,-9.762650573418,
    3.445993143313));
#7467 = CARTESIAN_POINT('',(-21.72867443165,-9.766183392621,
    3.425050410036));
#7468 = CARTESIAN_POINT('',(-21.7352099287,-9.767949192431,
    3.403110904753));
#7469 = CARTESIAN_POINT('',(-21.73869543446,-9.767949192431,
    3.380698272207));
#7470 = ( BOUNDED_SURFACE() B_SPLINE_SURFACE(6,2,(
    (#7471,#7472,#7473,#7474)
    ,(#7475,#7476,#7477,#7478)
    ,(#7479,#7480,#7481,#7482)
    ,(#7483,#7484,#7485,#7486)
    ,(#7487,#7488,#7489,#7490)
    ,(#7491,#7492,#7493,#7494)
    ,(#7495,#7496,#7497,#7498
)),.UNSPECIFIED.,.F.,.F.,.F.) B_SPLINE_SURFACE_WITH_KNOTS((7,7),(3,1,3),
  (0.,8.767282772495),(-0.352998490577,6.168843056153E-14,8.767282772495
),.UNSPECIFIED.) GEOMETRIC_REPRESENTATION_ITEM() 
RATIONAL_B_SPLINE_SURFACE((
    (1.056651799772,1.056651799772,1.056651799772,1.056651799772)
    ,(1.017452375137,1.017452375137,1.017452375137,1.017452375137)
    ,(0.99632276822,0.99632276822,0.99632276822,0.99632276822)
    ,(0.98937924261,0.98937924261,0.98937924261,0.98937924261)
    ,(0.99632276822,0.99632276822,0.99632276822,0.99632276822)
    ,(1.017452375137,1.017452375137,1.017452375137,1.017452375137)
    ,(1.056651799772,1.056651799772,1.056651799772,1.056651799772
))) REPRESENTATION_ITEM('') SURFACE() );
#7471 = CARTESIAN_POINT('',(-21.41547272172,-3.647001509423,
    3.505608764672));
#7472 = CARTESIAN_POINT('',(-21.41547272172,-3.823500754712,
    3.505608764672));
#7473 = CARTESIAN_POINT('',(-21.41547272172,-8.383641386248,
    3.505608764672));
#7474 = CARTESIAN_POINT('',(-21.41547272172,-12.76728277249,
    3.505608764672));
#7475 = CARTESIAN_POINT('',(-21.47192389268,-3.647001509423,
    3.551162469298));
#7476 = CARTESIAN_POINT('',(-21.47192389268,-3.823500754712,
    3.551162469298));
#7477 = CARTESIAN_POINT('',(-21.47192389268,-8.383641386248,
    3.551162469298));
#7478 = CARTESIAN_POINT('',(-21.47192389268,-12.76728277249,
    3.551162469298));
#7479 = CARTESIAN_POINT('',(-21.54513892204,-3.647001509423,
    3.570351946782));
#7480 = CARTESIAN_POINT('',(-21.54513892204,-3.823500754712,
    3.570351946782));
#7481 = CARTESIAN_POINT('',(-21.54513892204,-8.383641386248,
    3.570351946782));
#7482 = CARTESIAN_POINT('',(-21.54513892204,-12.76728277249,
    3.570351946782));
#7483 = CARTESIAN_POINT('',(-21.62147321271,-3.647001509423,
    3.558016379247));
#7484 = CARTESIAN_POINT('',(-21.62147321271,-3.823500754712,
    3.558016379247));
#7485 = CARTESIAN_POINT('',(-21.62147321271,-8.383641386248,
    3.558016379247));
#7486 = CARTESIAN_POINT('',(-21.62147321271,-12.76728277249,
    3.558016379247));
#7487 = CARTESIAN_POINT('',(-21.68626509213,-3.647001509423,
    3.515813268927));
#7488 = CARTESIAN_POINT('',(-21.68626509213,-3.823500754712,
    3.515813268927));
#7489 = CARTESIAN_POINT('',(-21.68626509213,-8.383641386248,
    3.515813268927));
#7490 = CARTESIAN_POINT('',(-21.68626509213,-12.76728277249,
    3.515813268927));
#7491 = CARTESIAN_POINT('',(-21.72754853761,-3.647001509423,
    3.452375474985));
#7492 = CARTESIAN_POINT('',(-21.72754853761,-3.823500754712,
    3.452375474985));
#7493 = CARTESIAN_POINT('',(-21.72754853761,-8.383641386248,
    3.452375474985));
#7494 = CARTESIAN_POINT('',(-21.72754853761,-12.76728277249,
    3.452375474985));
#7495 = CARTESIAN_POINT('',(-21.73869543446,-3.647001509423,
    3.380698272207));
#7496 = CARTESIAN_POINT('',(-21.73869543446,-3.823500754712,
    3.380698272207));
#7497 = CARTESIAN_POINT('',(-21.73869543446,-8.383641386248,
    3.380698272207));
#7498 = CARTESIAN_POINT('',(-21.73869543446,-12.76728277249,
    3.380698272207));
#7499 = ADVANCED_FACE('',(#7500),#7505,.T.);
#7500 = FACE_BOUND('',#7501,.F.);
#7501 = EDGE_LOOP('',(#7502,#7503,#7504));
#7502 = ORIENTED_EDGE('',*,*,#6111,.T.);
#7503 = ORIENTED_EDGE('',*,*,#7451,.F.);
#7504 = ORIENTED_EDGE('',*,*,#1625,.F.);
#7505 = CONICAL_SURFACE('',#7506,17.,1.047197551197);
#7506 = AXIS2_PLACEMENT_3D('',#7507,#7508,#7509);
#7507 = CARTESIAN_POINT('',(3.705835203723E-15,-6.881197846483,
    2.955304958552E-15));
#7508 = DIRECTION('',(-2.164774830908E-16,-1.,-1.726350320572E-16));
#7509 = DIRECTION('',(-0.222520933956,2.164774830908E-16,-0.974927912182
    ));
#7510 = ADVANCED_FACE('',(#7511),#7535,.T.);
#7511 = FACE_BOUND('',#7512,.F.);
#7512 = EDGE_LOOP('',(#7513,#7533,#7534));
#7513 = ORIENTED_EDGE('',*,*,#7514,.T.);
#7514 = EDGE_CURVE('',#1551,#6120,#7515,.T.);
#7515 = B_SPLINE_CURVE_WITH_KNOTS('',6,(#7516,#7517,#7518,#7519,#7520,
    #7521,#7522,#7523,#7524,#7525,#7526,#7527,#7528,#7529,#7530,#7531,
    #7532),.UNSPECIFIED.,.F.,.F.,(7,5,5,7),(0.,0.24554134772,
    0.675708691458,1.),.UNSPECIFIED.);
#7516 = CARTESIAN_POINT('',(-20.81570085238,-9.595033644246,
    6.133381019457));
#7517 = CARTESIAN_POINT('',(-20.83239320801,-9.603639768478,
    6.129469620211));
#7518 = CARTESIAN_POINT('',(-20.8494849863,-9.612749691788,
    6.127275943841));
#7519 = CARTESIAN_POINT('',(-20.86675530644,-9.622247797523,
    6.126850833013));
#7520 = CARTESIAN_POINT('',(-20.8839754328,-9.632008135356,
    6.128206334547));
#7521 = CARTESIAN_POINT('',(-20.90091817753,-9.641899932245,
    6.131316398378));
#7522 = CARTESIAN_POINT('',(-20.94618475782,-9.669125089192,
    6.144528828056));
#7523 = CARTESIAN_POINT('',(-20.97348670155,-9.686461026859,
    6.158130515772));
#7524 = CARTESIAN_POINT('',(-20.99811130667,-9.703101981512,
    6.176583288048));
#7525 = CARTESIAN_POINT('',(-21.01899274629,-9.718352372916,
    6.199202878049));
#7526 = CARTESIAN_POINT('',(-21.03532243639,-9.731614867745,
    6.225003961113));
#7527 = CARTESIAN_POINT('',(-21.05515985287,-9.750625831773,
    6.273853659219));
#7528 = CARTESIAN_POINT('',(-21.0608345777,-9.757420482789,
    6.296016723106));
#7529 = CARTESIAN_POINT('',(-21.06345459385,-9.762650573417,
    6.318861280796));
#7530 = CARTESIAN_POINT('',(-21.06293288228,-9.76618339262,
    6.341854718029));
#7531 = CARTESIAN_POINT('',(-21.05930196707,-9.767949192431,
    6.364457175166));
#7532 = CARTESIAN_POINT('',(-21.05271782243,-9.767949192431,
    6.386162563612));
#7533 = ORIENTED_EDGE('',*,*,#6119,.T.);
#7534 = ORIENTED_EDGE('',*,*,#1559,.T.);
#7535 = CONICAL_SURFACE('',#7536,17.,1.047197551197);
#7536 = AXIS2_PLACEMENT_3D('',#7537,#7538,#7539);
#7537 = CARTESIAN_POINT('',(3.705835203723E-15,-6.881197846483,
    2.955304958552E-15));
#7538 = DIRECTION('',(-2.164774830908E-16,-1.,-1.726350320572E-16));
#7539 = DIRECTION('',(-0.222520933956,2.164774830908E-16,-0.974927912182
    ));
#7540 = ADVANCED_FACE('',(#7541),#7553,.F.);
#7541 = FACE_BOUND('',#7542,.F.);
#7542 = EDGE_LOOP('',(#7543,#7544,#7545,#7552));
#7543 = ORIENTED_EDGE('',*,*,#1550,.F.);
#7544 = ORIENTED_EDGE('',*,*,#7021,.F.);
#7545 = ORIENTED_EDGE('',*,*,#7546,.T.);
#7546 = EDGE_CURVE('',#7022,#6120,#7547,.T.);
#7547 = ( BOUNDED_CURVE() B_SPLINE_CURVE(2,(#7548,#7549,#7550,#7551),
.UNSPECIFIED.,.F.,.F.) B_SPLINE_CURVE_WITH_KNOTS((3,1,3),(
    -0.352998490577,6.157075717328E-14,8.767282772495),.UNSPECIFIED.) 
CURVE() GEOMETRIC_REPRESENTATION_ITEM() RATIONAL_B_SPLINE_CURVE((
    1.056651799772,1.056651799772,1.056651799772,1.056651799772)) 
REPRESENTATION_ITEM('') );
#7548 = CARTESIAN_POINT('',(-21.05271782243,-3.647001509423,
    6.386162563612));
#7549 = CARTESIAN_POINT('',(-21.05271782243,-3.823500754712,
    6.386162563612));
#7550 = CARTESIAN_POINT('',(-21.05271782243,-8.383641386248,
    6.386162563612));
#7551 = CARTESIAN_POINT('',(-21.05271782243,-12.76728277249,
    6.386162563612));
#7552 = ORIENTED_EDGE('',*,*,#7514,.F.);
#7553 = ( BOUNDED_SURFACE() B_SPLINE_SURFACE(6,2,(
    (#7554,#7555,#7556,#7557)
    ,(#7558,#7559,#7560,#7561)
    ,(#7562,#7563,#7564,#7565)
    ,(#7566,#7567,#7568,#7569)
    ,(#7570,#7571,#7572,#7573)
    ,(#7574,#7575,#7576,#7577)
    ,(#7578,#7579,#7580,#7581
)),.UNSPECIFIED.,.F.,.F.,.F.) B_SPLINE_SURFACE_WITH_KNOTS((7,7),(3,1,3),
  (0.,8.767282772495),(-0.352998490577,6.157075717328E-14,8.767282772495
),.UNSPECIFIED.) GEOMETRIC_REPRESENTATION_ITEM() 
RATIONAL_B_SPLINE_SURFACE((
    (1.056651799772,1.056651799772,1.056651799772,1.056651799772)
    ,(1.017452375137,1.017452375137,1.017452375137,1.017452375137)
    ,(0.99632276822,0.99632276822,0.99632276822,0.99632276822)
    ,(0.98937924261,0.98937924261,0.98937924261,0.98937924261)
    ,(0.99632276822,0.99632276822,0.99632276822,0.99632276822)
    ,(1.017452375137,1.017452375137,1.017452375137,1.017452375137)
    ,(1.056651799772,1.056651799772,1.056651799772,1.056651799772
))) REPRESENTATION_ITEM('') SURFACE() );
#7554 = CARTESIAN_POINT('',(-20.81570085238,-3.647001509423,
    6.133381019457));
#7555 = CARTESIAN_POINT('',(-20.81570085238,-3.823500754712,
    6.133381019457));
#7556 = CARTESIAN_POINT('',(-20.81570085238,-8.383641386248,
    6.133381019457));
#7557 = CARTESIAN_POINT('',(-20.81570085238,-12.76728277249,
    6.133381019457));
#7558 = CARTESIAN_POINT('',(-20.88632661166,-3.647001509423,
    6.116831794903));
#7559 = CARTESIAN_POINT('',(-20.88632661166,-3.823500754712,
    6.116831794903));
#7560 = CARTESIAN_POINT('',(-20.88632661166,-8.383641386248,
    6.116831794903));
#7561 = CARTESIAN_POINT('',(-20.88632661166,-12.76728277249,
    6.116831794903));
#7562 = CARTESIAN_POINT('',(-20.96061707603,-3.647001509423,
    6.131309483799));
#7563 = CARTESIAN_POINT('',(-20.96061707603,-3.823500754712,
    6.131309483799));
#7564 = CARTESIAN_POINT('',(-20.96061707603,-8.383641386248,
    6.131309483799));
#7565 = CARTESIAN_POINT('',(-20.96061707603,-12.76728277249,
    6.131309483799));
#7566 = CARTESIAN_POINT('',(-21.02403969331,-3.647001509423,
    6.175543653575));
#7567 = CARTESIAN_POINT('',(-21.02403969331,-3.823500754712,
    6.175543653575));
#7568 = CARTESIAN_POINT('',(-21.02403969331,-8.383641386248,
    6.175543653575));
#7569 = CARTESIAN_POINT('',(-21.02403969331,-12.76728277249,
    6.175543653575));
#7570 = CARTESIAN_POINT('',(-21.06410391625,-3.647001509423,
    6.241679485008));
#7571 = CARTESIAN_POINT('',(-21.06410391625,-3.823500754712,
    6.241679485008));
#7572 = CARTESIAN_POINT('',(-21.06410391625,-8.383641386248,
    6.241679485008));
#7573 = CARTESIAN_POINT('',(-21.06410391625,-12.76728277249,
    6.241679485008));
#7574 = CARTESIAN_POINT('',(-21.07377438815,-3.647001509423,
    6.316747178087));
#7575 = CARTESIAN_POINT('',(-21.07377438815,-3.823500754712,
    6.316747178087));
#7576 = CARTESIAN_POINT('',(-21.07377438815,-8.383641386248,
    6.316747178087));
#7577 = CARTESIAN_POINT('',(-21.07377438815,-12.76728277249,
    6.316747178087));
#7578 = CARTESIAN_POINT('',(-21.05271782243,-3.647001509423,
    6.386162563612));
#7579 = CARTESIAN_POINT('',(-21.05271782243,-3.823500754712,
    6.386162563612));
#7580 = CARTESIAN_POINT('',(-21.05271782243,-8.383641386248,
    6.386162563612));
#7581 = CARTESIAN_POINT('',(-21.05271782243,-12.76728277249,
    6.386162563612));
#7582 = ADVANCED_FACE('',(#7583),#7588,.T.);
#7583 = FACE_BOUND('',#7584,.F.);
#7584 = EDGE_LOOP('',(#7585,#7586,#7587));
#7585 = ORIENTED_EDGE('',*,*,#5243,.F.);
#7586 = ORIENTED_EDGE('',*,*,#7308,.F.);
#7587 = ORIENTED_EDGE('',*,*,#1508,.F.);
#7588 = CONICAL_SURFACE('',#7589,25.,1.047197551197);
#7589 = AXIS2_PLACEMENT_3D('',#7590,#7591,#7592);
#7590 = CARTESIAN_POINT('',(1.623581123181E-15,-16.5,1.294762740429E-15)
  );
#7591 = DIRECTION('',(2.164774830908E-16,1.,1.726350320572E-16));
#7592 = DIRECTION('',(-0.222520933956,2.164774830908E-16,-0.974927912182
    ));
#7593 = ADVANCED_FACE('',(#7594),#7618,.T.);
#7594 = FACE_BOUND('',#7595,.F.);
#7595 = EDGE_LOOP('',(#7596,#7616,#7617));
#7596 = ORIENTED_EDGE('',*,*,#7597,.T.);
#7597 = EDGE_CURVE('',#1434,#5252,#7598,.T.);
#7598 = B_SPLINE_CURVE_WITH_KNOTS('',6,(#7599,#7600,#7601,#7602,#7603,
    #7604,#7605,#7606,#7607,#7608,#7609,#7610,#7611,#7612,#7613,#7614,
    #7615),.UNSPECIFIED.,.F.,.F.,(7,5,5,7),(0.,0.245541347732,
    0.675708691471,1.),.UNSPECIFIED.);
#7599 = CARTESIAN_POINT('',(-21.41547272172,-18.40496635575,
    3.505608764672));
#7600 = CARTESIAN_POINT('',(-21.42881492194,-18.39636023152,
    3.516375355296));
#7601 = CARTESIAN_POINT('',(-21.44326228157,-18.38725030821,
    3.525767634085));
#7602 = CARTESIAN_POINT('',(-21.45863785368,-18.37775220247,
    3.533643956784));
#7603 = CARTESIAN_POINT('',(-21.47474078151,-18.36799186464,
    3.539894224915));
#7604 = CARTESIAN_POINT('',(-21.49135507317,-18.35810006775,
    3.544443335662));
#7605 = CARTESIAN_POINT('',(-21.53787151116,-18.3308749108,
    3.552179780963));
#7606 = CARTESIAN_POINT('',(-21.56837126363,-18.31353897313,
    3.551770953213));
#7607 = CARTESIAN_POINT('',(-21.59856362405,-18.29689801848,
    3.545829795606));
#7608 = CARTESIAN_POINT('',(-21.62719142335,-18.28164762708,
    3.534510366309));
#7609 = CARTESIAN_POINT('',(-21.65309863615,-18.26838513225,
    3.518349580713));
#7610 = CARTESIAN_POINT('',(-21.69216662048,-18.24937416822,
    3.482944655947));
#7611 = CARTESIAN_POINT('',(-21.70689556392,-18.24257951721,
    3.465438596196));
#7612 = CARTESIAN_POINT('',(-21.71916799901,-18.23734942658,
    3.44599314332));
#7613 = CARTESIAN_POINT('',(-21.72867443165,-18.23381660738,
    3.425050410041));
#7614 = CARTESIAN_POINT('',(-21.7352099287,-18.23205080756,
    3.403110904756));
#7615 = CARTESIAN_POINT('',(-21.73869543446,-18.23205080756,
    3.380698272207));
#7616 = ORIENTED_EDGE('',*,*,#5251,.F.);
#7617 = ORIENTED_EDGE('',*,*,#1442,.T.);
#7618 = CONICAL_SURFACE('',#7619,25.,1.047197551197);
#7619 = AXIS2_PLACEMENT_3D('',#7620,#7621,#7622);
#7620 = CARTESIAN_POINT('',(1.623581123181E-15,-16.5,1.294762740429E-15)
  );
#7621 = DIRECTION('',(2.164774830908E-16,1.,1.726350320572E-16));
#7622 = DIRECTION('',(-0.222520933956,2.164774830908E-16,-0.974927912182
    ));
#7623 = ADVANCED_FACE('',(#7624),#7636,.T.);
#7624 = FACE_BOUND('',#7625,.T.);
#7625 = EDGE_LOOP('',(#7626,#7627,#7628,#7635));
#7626 = ORIENTED_EDGE('',*,*,#1433,.F.);
#7627 = ORIENTED_EDGE('',*,*,#7597,.T.);
#7628 = ORIENTED_EDGE('',*,*,#7629,.T.);
#7629 = EDGE_CURVE('',#5252,#1673,#7630,.T.);
#7630 = ( BOUNDED_CURVE() B_SPLINE_CURVE(2,(#7631,#7632,#7633,#7634),
.UNSPECIFIED.,.F.,.F.) B_SPLINE_CURVE_WITH_KNOTS((3,1,3),(
-2.999333580064,5.767949192431,6.120947683008),.UNSPECIFIED.) CURVE() 
GEOMETRIC_REPRESENTATION_ITEM() RATIONAL_B_SPLINE_CURVE((1.056651799772,
1.056651799772,1.056651799772,1.056651799772)) REPRESENTATION_ITEM('') 
  );
#7631 = CARTESIAN_POINT('',(-21.73869543446,-15.2327172275,
    3.380698272207));
#7632 = CARTESIAN_POINT('',(-21.73869543446,-19.61635861375,
    3.380698272207));
#7633 = CARTESIAN_POINT('',(-21.73869543446,-24.17649924528,
    3.380698272207));
#7634 = CARTESIAN_POINT('',(-21.73869543446,-24.35299849057,
    3.380698272207));
#7635 = ORIENTED_EDGE('',*,*,#1672,.T.);
#7636 = ( BOUNDED_SURFACE() B_SPLINE_SURFACE(6,2,(
    (#7637,#7638,#7639,#7640)
    ,(#7641,#7642,#7643,#7644)
    ,(#7645,#7646,#7647,#7648)
    ,(#7649,#7650,#7651,#7652)
    ,(#7653,#7654,#7655,#7656)
    ,(#7657,#7658,#7659,#7660)
    ,(#7661,#7662,#7663,#7664
)),.UNSPECIFIED.,.F.,.F.,.F.) B_SPLINE_SURFACE_WITH_KNOTS((7,7),(3,1,3),
  (0.,8.767282772495),(-2.999333580064,5.767949192431,6.120947683008),
.UNSPECIFIED.) GEOMETRIC_REPRESENTATION_ITEM() RATIONAL_B_SPLINE_SURFACE
((
    (1.056651799772,1.056651799772,1.056651799772,1.056651799772)
    ,(1.017452375137,1.017452375137,1.017452375137,1.017452375137)
    ,(0.99632276822,0.99632276822,0.99632276822,0.99632276822)
    ,(0.98937924261,0.98937924261,0.98937924261,0.98937924261)
    ,(0.99632276822,0.99632276822,0.99632276822,0.99632276822)
    ,(1.017452375137,1.017452375137,1.017452375137,1.017452375137)
    ,(1.056651799772,1.056651799772,1.056651799772,1.056651799772
))) REPRESENTATION_ITEM('') SURFACE() );
#7637 = CARTESIAN_POINT('',(-21.41547272172,-15.2327172275,
    3.505608764672));
#7638 = CARTESIAN_POINT('',(-21.41547272172,-19.61635861375,
    3.505608764672));
#7639 = CARTESIAN_POINT('',(-21.41547272172,-24.17649924528,
    3.505608764672));
#7640 = CARTESIAN_POINT('',(-21.41547272172,-24.35299849057,
    3.505608764672));
#7641 = CARTESIAN_POINT('',(-21.47192389268,-15.2327172275,
    3.551162469298));
#7642 = CARTESIAN_POINT('',(-21.47192389268,-19.61635861375,
    3.551162469298));
#7643 = CARTESIAN_POINT('',(-21.47192389268,-24.17649924528,
    3.551162469298));
#7644 = CARTESIAN_POINT('',(-21.47192389268,-24.35299849057,
    3.551162469298));
#7645 = CARTESIAN_POINT('',(-21.54513892204,-15.2327172275,
    3.570351946782));
#7646 = CARTESIAN_POINT('',(-21.54513892204,-19.61635861375,
    3.570351946782));
#7647 = CARTESIAN_POINT('',(-21.54513892204,-24.17649924528,
    3.570351946782));
#7648 = CARTESIAN_POINT('',(-21.54513892204,-24.35299849057,
    3.570351946782));
#7649 = CARTESIAN_POINT('',(-21.62147321271,-15.2327172275,
    3.558016379247));
#7650 = CARTESIAN_POINT('',(-21.62147321271,-19.61635861375,
    3.558016379247));
#7651 = CARTESIAN_POINT('',(-21.62147321271,-24.17649924528,
    3.558016379247));
#7652 = CARTESIAN_POINT('',(-21.62147321271,-24.35299849057,
    3.558016379247));
#7653 = CARTESIAN_POINT('',(-21.68626509213,-15.2327172275,
    3.515813268927));
#7654 = CARTESIAN_POINT('',(-21.68626509213,-19.61635861375,
    3.515813268927));
#7655 = CARTESIAN_POINT('',(-21.68626509213,-24.17649924528,
    3.515813268927));
#7656 = CARTESIAN_POINT('',(-21.68626509213,-24.35299849057,
    3.515813268927));
#7657 = CARTESIAN_POINT('',(-21.72754853761,-15.2327172275,
    3.452375474985));
#7658 = CARTESIAN_POINT('',(-21.72754853761,-19.61635861375,
    3.452375474985));
#7659 = CARTESIAN_POINT('',(-21.72754853761,-24.17649924528,
    3.452375474985));
#7660 = CARTESIAN_POINT('',(-21.72754853761,-24.35299849057,
    3.452375474985));
#7661 = CARTESIAN_POINT('',(-21.73869543446,-15.2327172275,
    3.380698272207));
#7662 = CARTESIAN_POINT('',(-21.73869543446,-19.61635861375,
    3.380698272207));
#7663 = CARTESIAN_POINT('',(-21.73869543446,-24.17649924528,
    3.380698272207));
#7664 = CARTESIAN_POINT('',(-21.73869543446,-24.35299849057,
    3.380698272207));
#7665 = ADVANCED_FACE('',(#7666),#7697,.F.);
#7666 = FACE_BOUND('',#7667,.F.);
#7667 = EDGE_LOOP('',(#7668,#7669,#7689,#7696));
#7668 = ORIENTED_EDGE('',*,*,#1853,.F.);
#7669 = ORIENTED_EDGE('',*,*,#7670,.T.);
#7670 = EDGE_CURVE('',#1843,#5286,#7671,.T.);
#7671 = B_SPLINE_CURVE_WITH_KNOTS('',6,(#7672,#7673,#7674,#7675,#7676,
    #7677,#7678,#7679,#7680,#7681,#7682,#7683,#7684,#7685,#7686,#7687,
    #7688),.UNSPECIFIED.,.F.,.F.,(7,5,5,7),(0.,0.245541347766,
    0.675708691504,1.),.UNSPECIFIED.);
#7672 = CARTESIAN_POINT('',(-21.41547272172,-18.40496635575,
    -3.505608764672));
#7673 = CARTESIAN_POINT('',(-21.42881492194,-18.39636023152,
    -3.516375355297));
#7674 = CARTESIAN_POINT('',(-21.44326228158,-18.3872503082,
    -3.525767634088));
#7675 = CARTESIAN_POINT('',(-21.45863785369,-18.37775220247,
    -3.533643956788));
#7676 = CARTESIAN_POINT('',(-21.47474078152,-18.36799186463,
    -3.539894224919));
#7677 = CARTESIAN_POINT('',(-21.49135507319,-18.35810006774,
    -3.544443335665));
#7678 = CARTESIAN_POINT('',(-21.53787151118,-18.33087491079,
    -3.552179780964));
#7679 = CARTESIAN_POINT('',(-21.56837126364,-18.31353897313,
    -3.551770953211));
#7680 = CARTESIAN_POINT('',(-21.59856362406,-18.29689801847,
    -3.545829795602));
#7681 = CARTESIAN_POINT('',(-21.62719142336,-18.28164762707,
    -3.534510366303));
#7682 = CARTESIAN_POINT('',(-21.65309863617,-18.26838513224,
    -3.518349580706));
#7683 = CARTESIAN_POINT('',(-21.69216662049,-18.24937416822,
    -3.482944655938));
#7684 = CARTESIAN_POINT('',(-21.70689556393,-18.2425795172,
    -3.465438596188));
#7685 = CARTESIAN_POINT('',(-21.71916799901,-18.23734942658,
    -3.445993143313));
#7686 = CARTESIAN_POINT('',(-21.72867443165,-18.23381660737,
    -3.425050410037));
#7687 = CARTESIAN_POINT('',(-21.7352099287,-18.23205080756,
    -3.403110904753));
#7688 = CARTESIAN_POINT('',(-21.73869543446,-18.23205080756,
    -3.380698272207));
#7689 = ORIENTED_EDGE('',*,*,#7690,.T.);
#7690 = EDGE_CURVE('',#5286,#1695,#7691,.T.);
#7691 = ( BOUNDED_CURVE() B_SPLINE_CURVE(2,(#7692,#7693,#7694,#7695),
.UNSPECIFIED.,.F.,.F.) B_SPLINE_CURVE_WITH_KNOTS((3,1,3),(
-2.999333580064,5.767949192431,6.120947683008),.UNSPECIFIED.) CURVE() 
GEOMETRIC_REPRESENTATION_ITEM() RATIONAL_B_SPLINE_CURVE((1.056651799772,
1.056651799772,1.056651799772,1.056651799772)) REPRESENTATION_ITEM('') 
  );
#7692 = CARTESIAN_POINT('',(-21.73869543446,-15.2327172275,
    -3.380698272207));
#7693 = CARTESIAN_POINT('',(-21.73869543446,-19.61635861375,
    -3.380698272207));
#7694 = CARTESIAN_POINT('',(-21.73869543446,-24.17649924528,
    -3.380698272207));
#7695 = CARTESIAN_POINT('',(-21.73869543446,-24.35299849057,
    -3.380698272207));
#7696 = ORIENTED_EDGE('',*,*,#1703,.T.);
#7697 = ( BOUNDED_SURFACE() B_SPLINE_SURFACE(6,2,(
    (#7698,#7699,#7700,#7701)
    ,(#7702,#7703,#7704,#7705)
    ,(#7706,#7707,#7708,#7709)
    ,(#7710,#7711,#7712,#7713)
    ,(#7714,#7715,#7716,#7717)
    ,(#7718,#7719,#7720,#7721)
    ,(#7722,#7723,#7724,#7725
)),.UNSPECIFIED.,.F.,.F.,.F.) B_SPLINE_SURFACE_WITH_KNOTS((7,7),(3,1,3),
  (0.,8.767282772495),(-2.999333580064,5.767949192431,6.120947683008),
.UNSPECIFIED.) GEOMETRIC_REPRESENTATION_ITEM() RATIONAL_B_SPLINE_SURFACE
((
    (1.056651799772,1.056651799772,1.056651799772,1.056651799772)
    ,(1.017452375137,1.017452375137,1.017452375137,1.017452375137)
    ,(0.99632276822,0.99632276822,0.99632276822,0.99632276822)
    ,(0.98937924261,0.98937924261,0.98937924261,0.98937924261)
    ,(0.99632276822,0.99632276822,0.99632276822,0.99632276822)
    ,(1.017452375137,1.017452375137,1.017452375137,1.017452375137)
    ,(1.056651799772,1.056651799772,1.056651799772,1.056651799772
))) REPRESENTATION_ITEM('') SURFACE() );
#7698 = CARTESIAN_POINT('',(-21.41547272172,-15.2327172275,
    -3.505608764672));
#7699 = CARTESIAN_POINT('',(-21.41547272172,-19.61635861375,
    -3.505608764672));
#7700 = CARTESIAN_POINT('',(-21.41547272172,-24.17649924528,
    -3.505608764672));
#7701 = CARTESIAN_POINT('',(-21.41547272172,-24.35299849057,
    -3.505608764672));
#7702 = CARTESIAN_POINT('',(-21.47192389268,-15.2327172275,
    -3.551162469298));
#7703 = CARTESIAN_POINT('',(-21.47192389268,-19.61635861375,
    -3.551162469298));
#7704 = CARTESIAN_POINT('',(-21.47192389268,-24.17649924528,
    -3.551162469298));
#7705 = CARTESIAN_POINT('',(-21.47192389268,-24.35299849057,
    -3.551162469298));
#7706 = CARTESIAN_POINT('',(-21.54513892204,-15.2327172275,
    -3.570351946782));
#7707 = CARTESIAN_POINT('',(-21.54513892204,-19.61635861375,
    -3.570351946782));
#7708 = CARTESIAN_POINT('',(-21.54513892204,-24.17649924528,
    -3.570351946782));
#7709 = CARTESIAN_POINT('',(-21.54513892204,-24.35299849057,
    -3.570351946782));
#7710 = CARTESIAN_POINT('',(-21.62147321271,-15.2327172275,
    -3.558016379247));
#7711 = CARTESIAN_POINT('',(-21.62147321271,-19.61635861375,
    -3.558016379247));
#7712 = CARTESIAN_POINT('',(-21.62147321271,-24.17649924528,
    -3.558016379247));
#7713 = CARTESIAN_POINT('',(-21.62147321271,-24.35299849057,
    -3.558016379247));
#7714 = CARTESIAN_POINT('',(-21.68626509213,-15.2327172275,
    -3.515813268927));
#7715 = CARTESIAN_POINT('',(-21.68626509213,-19.61635861375,
    -3.515813268927));
#7716 = CARTESIAN_POINT('',(-21.68626509213,-24.17649924528,
    -3.515813268927));
#7717 = CARTESIAN_POINT('',(-21.68626509213,-24.35299849057,
    -3.515813268927));
#7718 = CARTESIAN_POINT('',(-21.72754853761,-15.2327172275,
    -3.452375474985));
#7719 = CARTESIAN_POINT('',(-21.72754853761,-19.61635861375,
    -3.452375474985));
#7720 = CARTESIAN_POINT('',(-21.72754853761,-24.17649924528,
    -3.452375474985));
#7721 = CARTESIAN_POINT('',(-21.72754853761,-24.35299849057,
    -3.452375474985));
#7722 = CARTESIAN_POINT('',(-21.73869543446,-15.2327172275,
    -3.380698272207));
#7723 = CARTESIAN_POINT('',(-21.73869543446,-19.61635861375,
    -3.380698272207));
#7724 = CARTESIAN_POINT('',(-21.73869543446,-24.17649924528,
    -3.380698272207));
#7725 = CARTESIAN_POINT('',(-21.73869543446,-24.35299849057,
    -3.380698272207));
#7726 = ADVANCED_FACE('',(#7727),#7734,.T.);
#7727 = FACE_BOUND('',#7728,.F.);
#7728 = EDGE_LOOP('',(#7729,#7730,#7731,#7732,#7733));
#7729 = ORIENTED_EDGE('',*,*,#5260,.F.);
#7730 = ORIENTED_EDGE('',*,*,#7629,.T.);
#7731 = ORIENTED_EDGE('',*,*,#1694,.T.);
#7732 = ORIENTED_EDGE('',*,*,#7690,.F.);
#7733 = ORIENTED_EDGE('',*,*,#5285,.F.);
#7734 = CYLINDRICAL_SURFACE('',#7735,22.);
#7735 = AXIS2_PLACEMENT_3D('',#7736,#7737,#7738);
#7736 = CARTESIAN_POINT('',(6.661338147751E-15,-4.,-4.440892098501E-15)
  );
#7737 = DIRECTION('',(-3.330669073875E-16,-1.,2.22044604925E-16));
#7738 = DIRECTION('',(-3.229739708E-16,2.22044604925E-16,1.));
#7739 = ADVANCED_FACE('',(#7740),#7796,.T.);
#7740 = FACE_BOUND('',#7741,.T.);
#7741 = EDGE_LOOP('',(#7742,#7743,#7744,#7745,#7767,#7776));
#7742 = ORIENTED_EDGE('',*,*,#1979,.T.);
#7743 = ORIENTED_EDGE('',*,*,#5806,.T.);
#7744 = ORIENTED_EDGE('',*,*,#2207,.T.);
#7745 = ORIENTED_EDGE('',*,*,#7746,.F.);
#7746 = EDGE_CURVE('',#7747,#2208,#7749,.T.);
#7747 = VERTEX_POINT('',#7748);
#7748 = CARTESIAN_POINT('',(-18.11905780808,-4.4,-12.47797035367));
#7749 = B_SPLINE_CURVE_WITH_KNOTS('',6,(#7750,#7751,#7752,#7753,#7754,
    #7755,#7756,#7757,#7758,#7759,#7760,#7761,#7762,#7763,#7764,#7765,
    #7766),.UNSPECIFIED.,.F.,.F.,(7,5,5,7),(0.,0.316956850854,
    0.754284106091,1.),.UNSPECIFIED.);
#7750 = CARTESIAN_POINT('',(-18.1190578067,-4.4,-12.47797035568));
#7751 = CARTESIAN_POINT('',(-18.10646676707,-4.399999999997,
    -12.49625359954));
#7752 = CARTESIAN_POINT('',(-18.09144002066,-4.397070317427,
    -12.5128610304));
#7753 = CARTESIAN_POINT('',(-18.07425883681,-4.391208924146,
    -12.52738026945));
#7754 = CARTESIAN_POINT('',(-18.05530066185,-4.382528879525,
    -12.53947031588));
#7755 = CARTESIAN_POINT('',(-18.03500649665,-4.37124441335,
    -12.54888155467));
#7756 = CARTESIAN_POINT('',(-17.98465481327,-4.338909528265,
    -12.56457425101));
#7757 = CARTESIAN_POINT('',(-17.95381605421,-4.315777243671,
    -12.56830921477));
#7758 = CARTESIAN_POINT('',(-17.9225668498,-4.289046259308,
    -12.56631314514));
#7759 = CARTESIAN_POINT('',(-17.89224610303,-4.259802772447,
    -12.55860404656));
#7760 = CARTESIAN_POINT('',(-17.86410491327,-4.229304042866,
    -12.54560762359));
#7761 = CARTESIAN_POINT('',(-17.82516827933,-4.1816796588,
    -12.51818455577));
#7762 = CARTESIAN_POINT('',(-17.81217538216,-4.164549816942,
    -12.50687969618));
#7763 = CARTESIAN_POINT('',(-17.80037990084,-4.14764644007,
    -12.49426388845));
#7764 = CARTESIAN_POINT('',(-17.78994348776,-4.131194989747,
    -12.48049722016));
#7765 = CARTESIAN_POINT('',(-17.78099969305,-4.115413123857,
    -12.46576467148));
#7766 = CARTESIAN_POINT('',(-17.77364757498,-4.100501485124,
    -12.45026973948));
#7767 = ORIENTED_EDGE('',*,*,#7768,.F.);
#7768 = EDGE_CURVE('',#7769,#7747,#7771,.T.);
#7769 = VERTEX_POINT('',#7770);
#7770 = CARTESIAN_POINT('',(-21.05271782243,-4.4,-6.386162563612));
#7771 = CIRCLE('',#7772,22.);
#7772 = AXIS2_PLACEMENT_3D('',#7773,#7774,#7775);
#7773 = CARTESIAN_POINT('',(6.528111384796E-15,-4.4,-6.528111384796E-15)
  );
#7774 = DIRECTION('',(-3.330669073875E-16,-1.,3.330669073875E-16));
#7775 = DIRECTION('',(-2.3415612883E-16,3.330669073875E-16,1.));
#7776 = ORIENTED_EDGE('',*,*,#7777,.T.);
#7777 = EDGE_CURVE('',#7769,#1971,#7778,.T.);
#7778 = B_SPLINE_CURVE_WITH_KNOTS('',6,(#7779,#7780,#7781,#7782,#7783,
    #7784,#7785,#7786,#7787,#7788,#7789,#7790,#7791,#7792,#7793,#7794,
    #7795),.UNSPECIFIED.,.F.,.F.,(7,5,5,7),(0.,0.31695685095,
    0.754284106132,1.),.UNSPECIFIED.);
#7779 = CARTESIAN_POINT('',(-21.05271782243,-4.4,-6.386162563612));
#7780 = CARTESIAN_POINT('',(-21.05916185328,-4.4,-6.364919076338));
#7781 = CARTESIAN_POINT('',(-21.06277704409,-4.397070317437,
    -6.342816123703));
#7782 = CARTESIAN_POINT('',(-21.0634163488,-4.391208924155,
    -6.320330737643));
#7783 = CARTESIAN_POINT('',(-21.06104849792,-4.38252887953,
    -6.297970622429));
#7784 = CARTESIAN_POINT('',(-21.05575329633,-4.371244413353,
    -6.276236191526));
#7785 = CARTESIAN_POINT('',(-21.03662857927,-4.338909528262,
    -6.227085424135));
#7786 = CARTESIAN_POINT('',(-21.02032103975,-4.315777243668,
    -6.200645999598));
#7787 = CARTESIAN_POINT('',(-20.9992768894,-4.289046259304,
    -6.177458916854));
#7788 = CARTESIAN_POINT('',(-20.97434499704,-4.259802772444,
    -6.158559746799));
#7789 = CARTESIAN_POINT('',(-20.94663823957,-4.229304042862,
    -6.144661215878));
#7790 = CARTESIAN_POINT('',(-20.90092142762,-4.181679658797,
    -6.131317332765));
#7791 = CARTESIAN_POINT('',(-20.88398199361,-4.164549816939,
    -6.128207541371));
#7792 = CARTESIAN_POINT('',(-20.86676419564,-4.147646440068,
    -6.126851290185));
#7793 = CARTESIAN_POINT('',(-20.84949398384,-4.131194989746,
    -6.127275151165));
#7794 = CARTESIAN_POINT('',(-20.83239924867,-4.115413123856,
    -6.129468204745));
#7795 = CARTESIAN_POINT('',(-20.81570085238,-4.100501485124,
    -6.133381019457));
#7796 = CONICAL_SURFACE('',#7797,21.6,0.785398163397);
#7797 = AXIS2_PLACEMENT_3D('',#7798,#7799,#7800);
#7798 = CARTESIAN_POINT('',(6.661338147751E-15,-4.,-6.661338147751E-15)
  );
#7799 = DIRECTION('',(-3.330669073875E-16,-1.,3.330669073875E-16));
#7800 = DIRECTION('',(-2.302684791815E-16,3.330669073875E-16,1.));
#7801 = ADVANCED_FACE('',(#7802),#7833,.T.);
#7802 = FACE_BOUND('',#7803,.T.);
#7803 = EDGE_LOOP('',(#7804,#7805,#7806,#7813));
#7804 = ORIENTED_EDGE('',*,*,#1970,.F.);
#7805 = ORIENTED_EDGE('',*,*,#7777,.F.);
#7806 = ORIENTED_EDGE('',*,*,#7807,.T.);
#7807 = EDGE_CURVE('',#7769,#6448,#7808,.T.);
#7808 = ( BOUNDED_CURVE() B_SPLINE_CURVE(2,(#7809,#7810,#7811,#7812),
.UNSPECIFIED.,.F.,.F.) B_SPLINE_CURVE_WITH_KNOTS((3,1,3),(
    -0.352998490577,6.168843056153E-14,8.767282772495),.UNSPECIFIED.) 
CURVE() GEOMETRIC_REPRESENTATION_ITEM() RATIONAL_B_SPLINE_CURVE((
    1.056651799772,1.056651799772,1.056651799772,1.056651799772)) 
REPRESENTATION_ITEM('') );
#7809 = CARTESIAN_POINT('',(-21.05271782243,-3.647001509423,
    -6.386162563612));
#7810 = CARTESIAN_POINT('',(-21.05271782243,-3.823500754712,
    -6.386162563612));
#7811 = CARTESIAN_POINT('',(-21.05271782243,-8.383641386248,
    -6.386162563612));
#7812 = CARTESIAN_POINT('',(-21.05271782243,-12.76728277249,
    -6.386162563612));
#7813 = ORIENTED_EDGE('',*,*,#7814,.F.);
#7814 = EDGE_CURVE('',#1960,#6448,#7815,.T.);
#7815 = B_SPLINE_CURVE_WITH_KNOTS('',6,(#7816,#7817,#7818,#7819,#7820,
    #7821,#7822,#7823,#7824,#7825,#7826,#7827,#7828,#7829,#7830,#7831,
    #7832),.UNSPECIFIED.,.F.,.F.,(7,5,5,7),(0.,0.245541347766,
    0.675708691505,1.),.UNSPECIFIED.);
#7816 = CARTESIAN_POINT('',(-20.81570085238,-9.595033644246,
    -6.133381019457));
#7817 = CARTESIAN_POINT('',(-20.83239320801,-9.60363976848,
    -6.129469620211));
#7818 = CARTESIAN_POINT('',(-20.84948498631,-9.612749691792,
    -6.12727594384));
#7819 = CARTESIAN_POINT('',(-20.86675530645,-9.622247797528,
    -6.126850833012));
#7820 = CARTESIAN_POINT('',(-20.88397543281,-9.632008135363,
    -6.128206334548));
#7821 = CARTESIAN_POINT('',(-20.90091817755,-9.641899932255,
    -6.13131639838));
#7822 = CARTESIAN_POINT('',(-20.94618475784,-9.669125089204,
    -6.144528828065));
#7823 = CARTESIAN_POINT('',(-20.97348670157,-9.68646102687,
    -6.158130515783));
#7824 = CARTESIAN_POINT('',(-20.99811130668,-9.703101981523,
    -6.176583288061));
#7825 = CARTESIAN_POINT('',(-21.0189927463,-9.718352372925,
    -6.199202878065));
#7826 = CARTESIAN_POINT('',(-21.0353224364,-9.731614867753,
    -6.22500396113));
#7827 = CARTESIAN_POINT('',(-21.05515985287,-9.750625831778,
    -6.273853659235));
#7828 = CARTESIAN_POINT('',(-21.0608345777,-9.757420482792,
    -6.29601672312));
#7829 = CARTESIAN_POINT('',(-21.06345459385,-9.762650573418,
    -6.318861280806));
#7830 = CARTESIAN_POINT('',(-21.06293288228,-9.766183392621,
    -6.341854718035));
#7831 = CARTESIAN_POINT('',(-21.05930196707,-9.767949192431,
    -6.364457175169));
#7832 = CARTESIAN_POINT('',(-21.05271782243,-9.767949192431,
    -6.386162563612));
#7833 = ( BOUNDED_SURFACE() B_SPLINE_SURFACE(6,2,(
    (#7834,#7835,#7836,#7837)
    ,(#7838,#7839,#7840,#7841)
    ,(#7842,#7843,#7844,#7845)
    ,(#7846,#7847,#7848,#7849)
    ,(#7850,#7851,#7852,#7853)
    ,(#7854,#7855,#7856,#7857)
    ,(#7858,#7859,#7860,#7861
)),.UNSPECIFIED.,.F.,.F.,.F.) B_SPLINE_SURFACE_WITH_KNOTS((7,7),(3,1,3),
  (0.,8.767282772495),(-0.352998490577,6.168843056153E-14,8.767282772495
),.UNSPECIFIED.) GEOMETRIC_REPRESENTATION_ITEM() 
RATIONAL_B_SPLINE_SURFACE((
    (1.056651799772,1.056651799772,1.056651799772,1.056651799772)
    ,(1.017452375137,1.017452375137,1.017452375137,1.017452375137)
    ,(0.99632276822,0.99632276822,0.99632276822,0.99632276822)
    ,(0.98937924261,0.98937924261,0.98937924261,0.98937924261)
    ,(0.99632276822,0.99632276822,0.99632276822,0.99632276822)
    ,(1.017452375137,1.017452375137,1.017452375137,1.017452375137)
    ,(1.056651799772,1.056651799772,1.056651799772,1.056651799772
))) REPRESENTATION_ITEM('') SURFACE() );
#7834 = CARTESIAN_POINT('',(-20.81570085238,-3.647001509423,
    -6.133381019457));
#7835 = CARTESIAN_POINT('',(-20.81570085238,-3.823500754712,
    -6.133381019457));
#7836 = CARTESIAN_POINT('',(-20.81570085238,-8.383641386248,
    -6.133381019457));
#7837 = CARTESIAN_POINT('',(-20.81570085238,-12.76728277249,
    -6.133381019457));
#7838 = CARTESIAN_POINT('',(-20.88632661166,-3.647001509423,
    -6.116831794903));
#7839 = CARTESIAN_POINT('',(-20.88632661166,-3.823500754712,
    -6.116831794903));
#7840 = CARTESIAN_POINT('',(-20.88632661166,-8.383641386248,
    -6.116831794903));
#7841 = CARTESIAN_POINT('',(-20.88632661166,-12.76728277249,
    -6.116831794903));
#7842 = CARTESIAN_POINT('',(-20.96061707603,-3.647001509423,
    -6.131309483799));
#7843 = CARTESIAN_POINT('',(-20.96061707603,-3.823500754712,
    -6.131309483799));
#7844 = CARTESIAN_POINT('',(-20.96061707603,-8.383641386248,
    -6.131309483799));
#7845 = CARTESIAN_POINT('',(-20.96061707603,-12.76728277249,
    -6.131309483799));
#7846 = CARTESIAN_POINT('',(-21.02403969331,-3.647001509423,
    -6.175543653575));
#7847 = CARTESIAN_POINT('',(-21.02403969331,-3.823500754712,
    -6.175543653575));
#7848 = CARTESIAN_POINT('',(-21.02403969331,-8.383641386248,
    -6.175543653575));
#7849 = CARTESIAN_POINT('',(-21.02403969331,-12.76728277249,
    -6.175543653575));
#7850 = CARTESIAN_POINT('',(-21.06410391625,-3.647001509423,
    -6.241679485008));
#7851 = CARTESIAN_POINT('',(-21.06410391625,-3.823500754712,
    -6.241679485008));
#7852 = CARTESIAN_POINT('',(-21.06410391625,-8.383641386248,
    -6.241679485008));
#7853 = CARTESIAN_POINT('',(-21.06410391625,-12.76728277249,
    -6.241679485008));
#7854 = CARTESIAN_POINT('',(-21.07377438815,-3.647001509423,
    -6.316747178087));
#7855 = CARTESIAN_POINT('',(-21.07377438815,-3.823500754712,
    -6.316747178087));
#7856 = CARTESIAN_POINT('',(-21.07377438815,-8.383641386248,
    -6.316747178087));
#7857 = CARTESIAN_POINT('',(-21.07377438815,-12.76728277249,
    -6.316747178087));
#7858 = CARTESIAN_POINT('',(-21.05271782243,-3.647001509423,
    -6.386162563612));
#7859 = CARTESIAN_POINT('',(-21.05271782243,-3.823500754712,
    -6.386162563612));
#7860 = CARTESIAN_POINT('',(-21.05271782243,-8.383641386248,
    -6.386162563612));
#7861 = CARTESIAN_POINT('',(-21.05271782243,-12.76728277249,
    -6.386162563612));
#7862 = ADVANCED_FACE('',(#7863),#7868,.T.);
#7863 = FACE_BOUND('',#7864,.F.);
#7864 = EDGE_LOOP('',(#7865,#7866,#7867));
#7865 = ORIENTED_EDGE('',*,*,#6456,.T.);
#7866 = ORIENTED_EDGE('',*,*,#7814,.F.);
#7867 = ORIENTED_EDGE('',*,*,#1959,.F.);
#7868 = CONICAL_SURFACE('',#7869,17.,1.047197551197);
#7869 = AXIS2_PLACEMENT_3D('',#7870,#7871,#7872);
#7870 = CARTESIAN_POINT('',(3.705835203723E-15,-6.881197846483,
    4.646970363382E-15));
#7871 = DIRECTION('',(-2.164774830908E-16,-1.,-2.714541777929E-16));
#7872 = DIRECTION('',(0.222520933956,2.164774830908E-16,-0.974927912182)
  );
#7873 = ADVANCED_FACE('',(#7874),#7898,.T.);
#7874 = FACE_BOUND('',#7875,.F.);
#7875 = EDGE_LOOP('',(#7876,#7896,#7897));
#7876 = ORIENTED_EDGE('',*,*,#7877,.T.);
#7877 = EDGE_CURVE('',#1885,#6078,#7878,.T.);
#7878 = B_SPLINE_CURVE_WITH_KNOTS('',6,(#7879,#7880,#7881,#7882,#7883,
    #7884,#7885,#7886,#7887,#7888,#7889,#7890,#7891,#7892,#7893,#7894,
    #7895),.UNSPECIFIED.,.F.,.F.,(7,5,5,7),(0.,0.24554134772,
    0.675708691458,1.),.UNSPECIFIED.);
#7879 = CARTESIAN_POINT('',(-21.41547272172,-9.595033644246,
    -3.505608764672));
#7880 = CARTESIAN_POINT('',(-21.42881492194,-9.603639768478,
    -3.516375355295));
#7881 = CARTESIAN_POINT('',(-21.44326228157,-9.612749691788,
    -3.525767634084));
#7882 = CARTESIAN_POINT('',(-21.45863785368,-9.622247797523,
    -3.533643956783));
#7883 = CARTESIAN_POINT('',(-21.47474078151,-9.632008135356,
    -3.539894224914));
#7884 = CARTESIAN_POINT('',(-21.49135507317,-9.641899932245,
    -3.544443335661));
#7885 = CARTESIAN_POINT('',(-21.53787151116,-9.669125089192,
    -3.552179780963));
#7886 = CARTESIAN_POINT('',(-21.56837126362,-9.686461026859,
    -3.551770953213));
#7887 = CARTESIAN_POINT('',(-21.59856362405,-9.703101981512,
    -3.545829795608));
#7888 = CARTESIAN_POINT('',(-21.62719142335,-9.718352372916,
    -3.534510366312));
#7889 = CARTESIAN_POINT('',(-21.65309863615,-9.731614867745,
    -3.518349580716));
#7890 = CARTESIAN_POINT('',(-21.69216662048,-9.750625831773,
    -3.48294465595));
#7891 = CARTESIAN_POINT('',(-21.70689556392,-9.757420482789,
    -3.465438596199));
#7892 = CARTESIAN_POINT('',(-21.71916799901,-9.762650573417,
    -3.445993143322));
#7893 = CARTESIAN_POINT('',(-21.72867443165,-9.76618339262,
    -3.425050410043));
#7894 = CARTESIAN_POINT('',(-21.7352099287,-9.767949192431,
    -3.403110904757));
#7895 = CARTESIAN_POINT('',(-21.73869543446,-9.767949192431,
    -3.380698272207));
#7896 = ORIENTED_EDGE('',*,*,#6464,.T.);
#7897 = ORIENTED_EDGE('',*,*,#1893,.T.);
#7898 = CONICAL_SURFACE('',#7899,17.,1.047197551197);
#7899 = AXIS2_PLACEMENT_3D('',#7900,#7901,#7902);
#7900 = CARTESIAN_POINT('',(3.705835203723E-15,-6.881197846483,
    4.646970363382E-15));
#7901 = DIRECTION('',(-2.164774830908E-16,-1.,-2.714541777929E-16));
#7902 = DIRECTION('',(0.222520933956,2.164774830908E-16,-0.974927912182)
  );
#7903 = ADVANCED_FACE('',(#7904),#7916,.F.);
#7904 = FACE_BOUND('',#7905,.F.);
#7905 = EDGE_LOOP('',(#7906,#7907,#7908,#7915));
#7906 = ORIENTED_EDGE('',*,*,#1884,.F.);
#7907 = ORIENTED_EDGE('',*,*,#7383,.F.);
#7908 = ORIENTED_EDGE('',*,*,#7909,.T.);
#7909 = EDGE_CURVE('',#7384,#6078,#7910,.T.);
#7910 = ( BOUNDED_CURVE() B_SPLINE_CURVE(2,(#7911,#7912,#7913,#7914),
.UNSPECIFIED.,.F.,.F.) B_SPLINE_CURVE_WITH_KNOTS((3,1,3),(
    -0.352998490577,6.157075717328E-14,8.767282772495),.UNSPECIFIED.) 
CURVE() GEOMETRIC_REPRESENTATION_ITEM() RATIONAL_B_SPLINE_CURVE((
    1.056651799772,1.056651799772,1.056651799772,1.056651799772)) 
REPRESENTATION_ITEM('') );
#7911 = CARTESIAN_POINT('',(-21.73869543446,-3.647001509423,
    -3.380698272207));
#7912 = CARTESIAN_POINT('',(-21.73869543446,-3.823500754712,
    -3.380698272207));
#7913 = CARTESIAN_POINT('',(-21.73869543446,-8.383641386248,
    -3.380698272207));
#7914 = CARTESIAN_POINT('',(-21.73869543446,-12.76728277249,
    -3.380698272207));
#7915 = ORIENTED_EDGE('',*,*,#7877,.F.);
#7916 = ( BOUNDED_SURFACE() B_SPLINE_SURFACE(6,2,(
    (#7917,#7918,#7919,#7920)
    ,(#7921,#7922,#7923,#7924)
    ,(#7925,#7926,#7927,#7928)
    ,(#7929,#7930,#7931,#7932)
    ,(#7933,#7934,#7935,#7936)
    ,(#7937,#7938,#7939,#7940)
    ,(#7941,#7942,#7943,#7944
)),.UNSPECIFIED.,.F.,.F.,.F.) B_SPLINE_SURFACE_WITH_KNOTS((7,7),(3,1,3),
  (0.,8.767282772495),(-0.352998490577,6.157075717328E-14,8.767282772495
),.UNSPECIFIED.) GEOMETRIC_REPRESENTATION_ITEM() 
RATIONAL_B_SPLINE_SURFACE((
    (1.056651799772,1.056651799772,1.056651799772,1.056651799772)
    ,(1.017452375137,1.017452375137,1.017452375137,1.017452375137)
    ,(0.99632276822,0.99632276822,0.99632276822,0.99632276822)
    ,(0.98937924261,0.98937924261,0.98937924261,0.98937924261)
    ,(0.99632276822,0.99632276822,0.99632276822,0.99632276822)
    ,(1.017452375137,1.017452375137,1.017452375137,1.017452375137)
    ,(1.056651799772,1.056651799772,1.056651799772,1.056651799772
))) REPRESENTATION_ITEM('') SURFACE() );
#7917 = CARTESIAN_POINT('',(-21.41547272172,-3.647001509423,
    -3.505608764672));
#7918 = CARTESIAN_POINT('',(-21.41547272172,-3.823500754712,
    -3.505608764672));
#7919 = CARTESIAN_POINT('',(-21.41547272172,-8.383641386248,
    -3.505608764672));
#7920 = CARTESIAN_POINT('',(-21.41547272172,-12.76728277249,
    -3.505608764672));
#7921 = CARTESIAN_POINT('',(-21.47192389268,-3.647001509423,
    -3.551162469298));
#7922 = CARTESIAN_POINT('',(-21.47192389268,-3.823500754712,
    -3.551162469298));
#7923 = CARTESIAN_POINT('',(-21.47192389268,-8.383641386248,
    -3.551162469298));
#7924 = CARTESIAN_POINT('',(-21.47192389268,-12.76728277249,
    -3.551162469298));
#7925 = CARTESIAN_POINT('',(-21.54513892204,-3.647001509423,
    -3.570351946782));
#7926 = CARTESIAN_POINT('',(-21.54513892204,-3.823500754712,
    -3.570351946782));
#7927 = CARTESIAN_POINT('',(-21.54513892204,-8.383641386248,
    -3.570351946782));
#7928 = CARTESIAN_POINT('',(-21.54513892204,-12.76728277249,
    -3.570351946782));
#7929 = CARTESIAN_POINT('',(-21.62147321271,-3.647001509423,
    -3.558016379247));
#7930 = CARTESIAN_POINT('',(-21.62147321271,-3.823500754712,
    -3.558016379247));
#7931 = CARTESIAN_POINT('',(-21.62147321271,-8.383641386248,
    -3.558016379247));
#7932 = CARTESIAN_POINT('',(-21.62147321271,-12.76728277249,
    -3.558016379247));
#7933 = CARTESIAN_POINT('',(-21.68626509213,-3.647001509423,
    -3.515813268927));
#7934 = CARTESIAN_POINT('',(-21.68626509213,-3.823500754712,
    -3.515813268927));
#7935 = CARTESIAN_POINT('',(-21.68626509213,-8.383641386248,
    -3.515813268927));
#7936 = CARTESIAN_POINT('',(-21.68626509213,-12.76728277249,
    -3.515813268927));
#7937 = CARTESIAN_POINT('',(-21.72754853761,-3.647001509423,
    -3.452375474985));
#7938 = CARTESIAN_POINT('',(-21.72754853761,-3.823500754712,
    -3.452375474985));
#7939 = CARTESIAN_POINT('',(-21.72754853761,-8.383641386248,
    -3.452375474985));
#7940 = CARTESIAN_POINT('',(-21.72754853761,-12.76728277249,
    -3.452375474985));
#7941 = CARTESIAN_POINT('',(-21.73869543446,-3.647001509423,
    -3.380698272207));
#7942 = CARTESIAN_POINT('',(-21.73869543446,-3.823500754712,
    -3.380698272207));
#7943 = CARTESIAN_POINT('',(-21.73869543446,-8.383641386248,
    -3.380698272207));
#7944 = CARTESIAN_POINT('',(-21.73869543446,-12.76728277249,
    -3.380698272207));
#7945 = ADVANCED_FACE('',(#7946),#7951,.T.);
#7946 = FACE_BOUND('',#7947,.F.);
#7947 = EDGE_LOOP('',(#7948,#7949,#7950));
#7948 = ORIENTED_EDGE('',*,*,#5294,.F.);
#7949 = ORIENTED_EDGE('',*,*,#7670,.F.);
#7950 = ORIENTED_EDGE('',*,*,#1842,.F.);
#7951 = CONICAL_SURFACE('',#7952,25.,1.047197551197);
#7952 = AXIS2_PLACEMENT_3D('',#7953,#7954,#7955);
#7953 = CARTESIAN_POINT('',(1.623581123181E-15,-16.5,2.035906333447E-15)
  );
#7954 = DIRECTION('',(2.164774830908E-16,1.,2.714541777929E-16));
#7955 = DIRECTION('',(0.222520933956,2.164774830908E-16,-0.974927912182)
  );
#7956 = ADVANCED_FACE('',(#7957),#7981,.T.);
#7957 = FACE_BOUND('',#7958,.F.);
#7958 = EDGE_LOOP('',(#7959,#7979,#7980));
#7959 = ORIENTED_EDGE('',*,*,#7960,.T.);
#7960 = EDGE_CURVE('',#1768,#5303,#7961,.T.);
#7961 = B_SPLINE_CURVE_WITH_KNOTS('',6,(#7962,#7963,#7964,#7965,#7966,
    #7967,#7968,#7969,#7970,#7971,#7972,#7973,#7974,#7975,#7976,#7977,
    #7978),.UNSPECIFIED.,.F.,.F.,(7,5,5,7),(0.,0.245541347732,
    0.675708691471,1.),.UNSPECIFIED.);
#7962 = CARTESIAN_POINT('',(-20.81570085238,-18.40496635575,
    -6.133381019457));
#7963 = CARTESIAN_POINT('',(-20.83239320801,-18.39636023152,
    -6.129469620211));
#7964 = CARTESIAN_POINT('',(-20.8494849863,-18.38725030821,
    -6.127275943841));
#7965 = CARTESIAN_POINT('',(-20.86675530644,-18.37775220247,
    -6.126850833013));
#7966 = CARTESIAN_POINT('',(-20.8839754328,-18.36799186464,
    -6.128206334547));
#7967 = CARTESIAN_POINT('',(-20.90091817753,-18.35810006775,
    -6.131316398378));
#7968 = CARTESIAN_POINT('',(-20.94618475782,-18.3308749108,
    -6.144528828059));
#7969 = CARTESIAN_POINT('',(-20.97348670156,-18.31353897313,
    -6.158130515775));
#7970 = CARTESIAN_POINT('',(-20.99811130667,-18.29689801848,
    -6.176583288051));
#7971 = CARTESIAN_POINT('',(-21.01899274629,-18.28164762708,
    -6.199202878054));
#7972 = CARTESIAN_POINT('',(-21.0353224364,-18.26838513225,
    -6.225003961118));
#7973 = CARTESIAN_POINT('',(-21.05515985287,-18.24937416822,
    -6.273853659223));
#7974 = CARTESIAN_POINT('',(-21.0608345777,-18.24257951721,
    -6.29601672311));
#7975 = CARTESIAN_POINT('',(-21.06345459385,-18.23734942658,
    -6.318861280799));
#7976 = CARTESIAN_POINT('',(-21.06293288228,-18.23381660738,
    -6.341854718031));
#7977 = CARTESIAN_POINT('',(-21.05930196707,-18.23205080756,
    -6.364457175166));
#7978 = CARTESIAN_POINT('',(-21.05271782243,-18.23205080756,
    -6.386162563612));
#7979 = ORIENTED_EDGE('',*,*,#5302,.F.);
#7980 = ORIENTED_EDGE('',*,*,#1776,.T.);
#7981 = CONICAL_SURFACE('',#7982,25.,1.047197551197);
#7982 = AXIS2_PLACEMENT_3D('',#7983,#7984,#7985);
#7983 = CARTESIAN_POINT('',(1.623581123181E-15,-16.5,2.035906333447E-15)
  );
#7984 = DIRECTION('',(2.164774830908E-16,1.,2.714541777929E-16));
#7985 = DIRECTION('',(0.222520933956,2.164774830908E-16,-0.974927912182)
  );
#7986 = ADVANCED_FACE('',(#7987),#7999,.T.);
#7987 = FACE_BOUND('',#7988,.T.);
#7988 = EDGE_LOOP('',(#7989,#7990,#7991,#7998));
#7989 = ORIENTED_EDGE('',*,*,#1767,.F.);
#7990 = ORIENTED_EDGE('',*,*,#7960,.T.);
#7991 = ORIENTED_EDGE('',*,*,#7992,.T.);
#7992 = EDGE_CURVE('',#5303,#2007,#7993,.T.);
#7993 = ( BOUNDED_CURVE() B_SPLINE_CURVE(2,(#7994,#7995,#7996,#7997),
.UNSPECIFIED.,.F.,.F.) B_SPLINE_CURVE_WITH_KNOTS((3,1,3),(
-2.999333580064,5.767949192431,6.120947683008),.UNSPECIFIED.) CURVE() 
GEOMETRIC_REPRESENTATION_ITEM() RATIONAL_B_SPLINE_CURVE((1.056651799772,
1.056651799772,1.056651799772,1.056651799772)) REPRESENTATION_ITEM('') 
  );
#7994 = CARTESIAN_POINT('',(-21.05271782243,-15.2327172275,
    -6.386162563612));
#7995 = CARTESIAN_POINT('',(-21.05271782243,-19.61635861375,
    -6.386162563612));
#7996 = CARTESIAN_POINT('',(-21.05271782243,-24.17649924528,
    -6.386162563612));
#7997 = CARTESIAN_POINT('',(-21.05271782243,-24.35299849057,
    -6.386162563612));
#7998 = ORIENTED_EDGE('',*,*,#2006,.T.);
#7999 = ( BOUNDED_SURFACE() B_SPLINE_SURFACE(6,2,(
    (#8000,#8001,#8002,#8003)
    ,(#8004,#8005,#8006,#8007)
    ,(#8008,#8009,#8010,#8011)
    ,(#8012,#8013,#8014,#8015)
    ,(#8016,#8017,#8018,#8019)
    ,(#8020,#8021,#8022,#8023)
    ,(#8024,#8025,#8026,#8027
)),.UNSPECIFIED.,.F.,.F.,.F.) B_SPLINE_SURFACE_WITH_KNOTS((7,7),(3,1,3),
  (0.,8.767282772495),(-2.999333580064,5.767949192431,6.120947683008),
.UNSPECIFIED.) GEOMETRIC_REPRESENTATION_ITEM() RATIONAL_B_SPLINE_SURFACE
((
    (1.056651799772,1.056651799772,1.056651799772,1.056651799772)
    ,(1.017452375137,1.017452375137,1.017452375137,1.017452375137)
    ,(0.99632276822,0.99632276822,0.99632276822,0.99632276822)
    ,(0.98937924261,0.98937924261,0.98937924261,0.98937924261)
    ,(0.99632276822,0.99632276822,0.99632276822,0.99632276822)
    ,(1.017452375137,1.017452375137,1.017452375137,1.017452375137)
    ,(1.056651799772,1.056651799772,1.056651799772,1.056651799772
))) REPRESENTATION_ITEM('') SURFACE() );
#8000 = CARTESIAN_POINT('',(-20.81570085238,-15.2327172275,
    -6.133381019457));
#8001 = CARTESIAN_POINT('',(-20.81570085238,-19.61635861375,
    -6.133381019457));
#8002 = CARTESIAN_POINT('',(-20.81570085238,-24.17649924528,
    -6.133381019457));
#8003 = CARTESIAN_POINT('',(-20.81570085238,-24.35299849057,
    -6.133381019457));
#8004 = CARTESIAN_POINT('',(-20.88632661166,-15.2327172275,
    -6.116831794903));
#8005 = CARTESIAN_POINT('',(-20.88632661166,-19.61635861375,
    -6.116831794903));
#8006 = CARTESIAN_POINT('',(-20.88632661166,-24.17649924528,
    -6.116831794903));
#8007 = CARTESIAN_POINT('',(-20.88632661166,-24.35299849057,
    -6.116831794903));
#8008 = CARTESIAN_POINT('',(-20.96061707603,-15.2327172275,
    -6.131309483799));
#8009 = CARTESIAN_POINT('',(-20.96061707603,-19.61635861375,
    -6.131309483799));
#8010 = CARTESIAN_POINT('',(-20.96061707603,-24.17649924528,
    -6.131309483799));
#8011 = CARTESIAN_POINT('',(-20.96061707603,-24.35299849057,
    -6.131309483799));
#8012 = CARTESIAN_POINT('',(-21.02403969331,-15.2327172275,
    -6.175543653575));
#8013 = CARTESIAN_POINT('',(-21.02403969331,-19.61635861375,
    -6.175543653575));
#8014 = CARTESIAN_POINT('',(-21.02403969331,-24.17649924528,
    -6.175543653575));
#8015 = CARTESIAN_POINT('',(-21.02403969331,-24.35299849057,
    -6.175543653575));
#8016 = CARTESIAN_POINT('',(-21.06410391625,-15.2327172275,
    -6.241679485008));
#8017 = CARTESIAN_POINT('',(-21.06410391625,-19.61635861375,
    -6.241679485008));
#8018 = CARTESIAN_POINT('',(-21.06410391625,-24.17649924528,
    -6.241679485008));
#8019 = CARTESIAN_POINT('',(-21.06410391625,-24.35299849057,
    -6.241679485008));
#8020 = CARTESIAN_POINT('',(-21.07377438815,-15.2327172275,
    -6.316747178087));
#8021 = CARTESIAN_POINT('',(-21.07377438815,-19.61635861375,
    -6.316747178087));
#8022 = CARTESIAN_POINT('',(-21.07377438815,-24.17649924528,
    -6.316747178087));
#8023 = CARTESIAN_POINT('',(-21.07377438815,-24.35299849057,
    -6.316747178087));
#8024 = CARTESIAN_POINT('',(-21.05271782243,-15.2327172275,
    -6.386162563612));
#8025 = CARTESIAN_POINT('',(-21.05271782243,-19.61635861375,
    -6.386162563612));
#8026 = CARTESIAN_POINT('',(-21.05271782243,-24.17649924528,
    -6.386162563612));
#8027 = CARTESIAN_POINT('',(-21.05271782243,-24.35299849057,
    -6.386162563612));
#8028 = ADVANCED_FACE('',(#8029),#8060,.F.);
#8029 = FACE_BOUND('',#8030,.F.);
#8030 = EDGE_LOOP('',(#8031,#8032,#8052,#8059));
#8031 = ORIENTED_EDGE('',*,*,#2188,.F.);
#8032 = ORIENTED_EDGE('',*,*,#8033,.T.);
#8033 = EDGE_CURVE('',#2178,#5312,#8034,.T.);
#8034 = B_SPLINE_CURVE_WITH_KNOTS('',6,(#8035,#8036,#8037,#8038,#8039,
    #8040,#8041,#8042,#8043,#8044,#8045,#8046,#8047,#8048,#8049,#8050,
    #8051),.UNSPECIFIED.,.F.,.F.,(7,5,5,7),(0.,0.245541347766,
    0.675708691504,1.),.UNSPECIFIED.);
#8035 = CARTESIAN_POINT('',(-17.77364757498,-18.40496635575,
    -12.45026973948));
#8036 = CARTESIAN_POINT('',(-17.78099703342,-18.39636023152,
    -12.46575906617));
#8037 = CARTESIAN_POINT('',(-17.78993849763,-18.3872503082,
    -12.48048969138));
#8038 = CARTESIAN_POINT('',(-17.80037400108,-18.37775220247,
    -12.49425722364));
#8039 = CARTESIAN_POINT('',(-17.81217034803,-18.36799186463,
    -12.50687531918));
#8040 = CARTESIAN_POINT('',(-17.82516552241,-18.35810006774,
    -12.51818259733));
#8041 = CARTESIAN_POINT('',(-17.86371866707,-18.33087491079,
    -12.54533561974));
#8042 = CARTESIAN_POINT('',(-17.89137537823,-18.31353897313,
    -12.5582006253));
#8043 = CARTESIAN_POINT('',(-17.9211555267,-18.29689801847,
    -12.56594780149));
#8044 = CARTESIAN_POINT('',(-17.95185959894,-18.28164762707,
    -12.5681704847));
#8045 = CARTESIAN_POINT('',(-17.98221309321,-18.26838513224,
    -12.56485083835));
#8046 = CARTESIAN_POINT('',(-18.03277375196,-18.24937416822,
    -12.54990306648));
#8047 = CARTESIAN_POINT('',(-18.05363966611,-18.2425795172,
    -12.5405213007));
#8048 = CARTESIAN_POINT('',(-18.07313381386,-18.23734942658,
    -12.52832636306));
#8049 = CARTESIAN_POINT('',(-18.09078552513,-18.23381660737,
    -12.51358229891));
#8050 = CARTESIAN_POINT('',(-18.10619299909,-18.23205080756,
    -12.49665113357));
#8051 = CARTESIAN_POINT('',(-18.11905780808,-18.23205080756,
    -12.47797035367));
#8052 = ORIENTED_EDGE('',*,*,#8053,.T.);
#8053 = EDGE_CURVE('',#5312,#2030,#8054,.T.);
#8054 = ( BOUNDED_CURVE() B_SPLINE_CURVE(2,(#8055,#8056,#8057,#8058),
.UNSPECIFIED.,.F.,.F.) B_SPLINE_CURVE_WITH_KNOTS((3,1,3),(
-2.999333580064,5.767949192431,6.120947683008),.UNSPECIFIED.) CURVE() 
GEOMETRIC_REPRESENTATION_ITEM() RATIONAL_B_SPLINE_CURVE((1.056651799772,
1.056651799772,1.056651799772,1.056651799772)) REPRESENTATION_ITEM('') 
  );
#8055 = CARTESIAN_POINT('',(-18.11905780808,-15.2327172275,
    -12.47797035367));
#8056 = CARTESIAN_POINT('',(-18.11905780808,-19.61635861375,
    -12.47797035367));
#8057 = CARTESIAN_POINT('',(-18.11905780808,-24.17649924528,
    -12.47797035367));
#8058 = CARTESIAN_POINT('',(-18.11905780808,-24.35299849057,
    -12.47797035367));
#8059 = ORIENTED_EDGE('',*,*,#2038,.T.);
#8060 = ( BOUNDED_SURFACE() B_SPLINE_SURFACE(6,2,(
    (#8061,#8062,#8063,#8064)
    ,(#8065,#8066,#8067,#8068)
    ,(#8069,#8070,#8071,#8072)
    ,(#8073,#8074,#8075,#8076)
    ,(#8077,#8078,#8079,#8080)
    ,(#8081,#8082,#8083,#8084)
    ,(#8085,#8086,#8087,#8088
)),.UNSPECIFIED.,.F.,.F.,.F.) B_SPLINE_SURFACE_WITH_KNOTS((7,7),(3,1,3),
  (0.,8.767282772495),(-2.999333580064,5.767949192431,6.120947683008),
.UNSPECIFIED.) GEOMETRIC_REPRESENTATION_ITEM() RATIONAL_B_SPLINE_SURFACE
((
    (1.056651799772,1.056651799772,1.056651799772,1.056651799772)
    ,(1.017452375137,1.017452375137,1.017452375137,1.017452375137)
    ,(0.99632276822,0.99632276822,0.99632276822,0.99632276822)
    ,(0.98937924261,0.98937924261,0.98937924261,0.98937924261)
    ,(0.99632276822,0.99632276822,0.99632276822,0.99632276822)
    ,(1.017452375137,1.017452375137,1.017452375137,1.017452375137)
    ,(1.056651799772,1.056651799772,1.056651799772,1.056651799772
))) REPRESENTATION_ITEM('') SURFACE() );
#8061 = CARTESIAN_POINT('',(-17.77364757498,-15.2327172275,
    -12.45026973948));
#8062 = CARTESIAN_POINT('',(-17.77364757498,-19.61635861375,
    -12.45026973948));
#8063 = CARTESIAN_POINT('',(-17.77364757498,-24.17649924528,
    -12.45026973948));
#8064 = CARTESIAN_POINT('',(-17.77364757498,-24.35299849057,
    -12.45026973948));
#8065 = CARTESIAN_POINT('',(-17.80474331088,-15.2327172275,
    -12.5158054543));
#8066 = CARTESIAN_POINT('',(-17.80474331088,-19.61635861375,
    -12.5158054543));
#8067 = CARTESIAN_POINT('',(-17.80474331088,-24.17649924528,
    -12.5158054543));
#8068 = CARTESIAN_POINT('',(-17.80474331088,-24.35299849057,
    -12.5158054543));
#8069 = CARTESIAN_POINT('',(-17.86238177076,-15.2327172275,
    -12.56486138681));
#8070 = CARTESIAN_POINT('',(-17.86238177076,-19.61635861375,
    -12.56486138681));
#8071 = CARTESIAN_POINT('',(-17.86238177076,-24.17649924528,
    -12.56486138681));
#8072 = CARTESIAN_POINT('',(-17.86238177076,-24.35299849057,
    -12.56486138681));
#8073 = CARTESIAN_POINT('',(-17.93650879237,-15.2327172275,
    -12.58686763195));
#8074 = CARTESIAN_POINT('',(-17.93650879237,-19.61635861375,
    -12.58686763195));
#8075 = CARTESIAN_POINT('',(-17.93650879237,-24.17649924528,
    -12.58686763195));
#8076 = CARTESIAN_POINT('',(-17.93650879237,-24.35299849057,
    -12.58686763195));
#8077 = CARTESIAN_POINT('',(-18.01319550193,-15.2327172275,
    -12.57695608633));
#8078 = CARTESIAN_POINT('',(-18.01319550193,-19.61635861375,
    -12.57695608633));
#8079 = CARTESIAN_POINT('',(-18.01319550193,-24.17649924528,
    -12.57695608633));
#8080 = CARTESIAN_POINT('',(-18.01319550193,-24.35299849057,
    -12.57695608633));
#8081 = CARTESIAN_POINT('',(-18.0779152283,-15.2327172275,
    -12.53771282463));
#8082 = CARTESIAN_POINT('',(-18.0779152283,-19.61635861375,
    -12.53771282463));
#8083 = CARTESIAN_POINT('',(-18.0779152283,-24.17649924528,
    -12.53771282463));
#8084 = CARTESIAN_POINT('',(-18.0779152283,-24.35299849057,
    -12.53771282463));
#8085 = CARTESIAN_POINT('',(-18.11905780808,-15.2327172275,
    -12.47797035367));
#8086 = CARTESIAN_POINT('',(-18.11905780808,-19.61635861375,
    -12.47797035367));
#8087 = CARTESIAN_POINT('',(-18.11905780808,-24.17649924528,
    -12.47797035367));
#8088 = CARTESIAN_POINT('',(-18.11905780808,-24.35299849057,
    -12.47797035367));
#8089 = ADVANCED_FACE('',(#8090),#8096,.T.);
#8090 = FACE_BOUND('',#8091,.F.);
#8091 = EDGE_LOOP('',(#8092,#8093,#8094,#8095));
#8092 = ORIENTED_EDGE('',*,*,#5311,.F.);
#8093 = ORIENTED_EDGE('',*,*,#7992,.T.);
#8094 = ORIENTED_EDGE('',*,*,#2029,.T.);
#8095 = ORIENTED_EDGE('',*,*,#8053,.F.);
#8096 = CYLINDRICAL_SURFACE('',#8097,22.);
#8097 = AXIS2_PLACEMENT_3D('',#8098,#8099,#8100);
#8098 = CARTESIAN_POINT('',(6.661338147751E-15,-4.,-4.440892098501E-15)
  );
#8099 = DIRECTION('',(-3.330669073875E-16,-1.,2.22044604925E-16));
#8100 = DIRECTION('',(-3.229739708E-16,2.22044604925E-16,1.));
#8101 = ADVANCED_FACE('',(#8102),#8158,.T.);
#8102 = FACE_BOUND('',#8103,.T.);
#8103 = EDGE_LOOP('',(#8104,#8105,#8106,#8107,#8129,#8138));
#8104 = ORIENTED_EDGE('',*,*,#2314,.T.);
#8105 = ORIENTED_EDGE('',*,*,#5815,.T.);
#8106 = ORIENTED_EDGE('',*,*,#2542,.T.);
#8107 = ORIENTED_EDGE('',*,*,#8108,.F.);
#8108 = EDGE_CURVE('',#8109,#2543,#8111,.T.);
#8109 = VERTEX_POINT('',#8110);
#8110 = CARTESIAN_POINT('',(-10.91071856716,-4.4,-19.10382737432));
#8111 = B_SPLINE_CURVE_WITH_KNOTS('',6,(#8112,#8113,#8114,#8115,#8116,
    #8117,#8118,#8119,#8120,#8121,#8122,#8123,#8124,#8125,#8126,#8127,
    #8128),.UNSPECIFIED.,.F.,.F.,(7,5,5,7),(0.,0.316956850934,
    0.754284106115,1.),.UNSPECIFIED.);
#8112 = CARTESIAN_POINT('',(-10.91071856716,-4.4,-19.10382737432));
#8113 = CARTESIAN_POINT('',(-10.89144163023,-4.4,-19.1148369605));
#8114 = CARTESIAN_POINT('',(-10.8706973004,-4.397070317438,
    -19.12327988058));
#8115 = CARTESIAN_POINT('',(-10.84891792859,-4.391208924156,
    -19.12890662569));
#8116 = CARTESIAN_POINT('',(-10.82659153176,-4.382528879531,
    -19.1315737355));
#8117 = CARTESIAN_POINT('',(-10.80422373522,-4.371244413356,
    -19.13124766153));
#8118 = CARTESIAN_POINT('',(-10.75204963028,-4.338909528267,
    -19.12353951573));
#8119 = CARTESIAN_POINT('',(-10.7226443284,-4.315777243673,
    -19.11352416571));
#8120 = CARTESIAN_POINT('',(-10.69535583024,-4.28904625931,
    -19.09816724746));
#8121 = CARTESIAN_POINT('',(-10.67138263386,-4.25980277245,
    -19.07806591066));
#8122 = CARTESIAN_POINT('',(-10.65166723458,-4.229304042869,
    -19.05414653353));
#8123 = CARTESIAN_POINT('',(-10.62848496278,-4.181679658803,
    -19.01254523085));
#8124 = CARTESIAN_POINT('',(-10.62168376167,-4.164549816944,
    -18.9967224975));
#8125 = CARTESIAN_POINT('',(-10.61653019405,-4.147646440071,
    -18.98023817995));
#8126 = CARTESIAN_POINT('',(-10.61310044429,-4.131194989748,
    -18.96330665047));
#8127 = CARTESIAN_POINT('',(-10.611434577,-4.115413123857,
    -18.94615251567));
#8128 = CARTESIAN_POINT('',(-10.61153354654,-4.100501485124,
    -18.92900209985));
#8129 = ORIENTED_EDGE('',*,*,#8130,.F.);
#8130 = EDGE_CURVE('',#8131,#8109,#8133,.T.);
#8131 = VERTEX_POINT('',#8132);
#8132 = CARTESIAN_POINT('',(-16.19699125103,-4.4,-14.88816558256));
#8133 = CIRCLE('',#8134,22.);
#8134 = AXIS2_PLACEMENT_3D('',#8135,#8136,#8137);
#8135 = CARTESIAN_POINT('',(6.528111384796E-15,-4.4,-6.528111384796E-15)
  );
#8136 = DIRECTION('',(-3.330669073875E-16,-1.,3.330669073875E-16));
#8137 = DIRECTION('',(-2.3415612883E-16,3.330669073875E-16,1.));
#8138 = ORIENTED_EDGE('',*,*,#8139,.T.);
#8139 = EDGE_CURVE('',#8131,#2306,#8140,.T.);
#8140 = B_SPLINE_CURVE_WITH_KNOTS('',6,(#8141,#8142,#8143,#8144,#8145,
    #8146,#8147,#8148,#8149,#8150,#8151,#8152,#8153,#8154,#8155,#8156,
    #8157),.UNSPECIFIED.,.F.,.F.,(7,5,5,7),(0.,0.316956850878,
    0.754284106102,1.),.UNSPECIFIED.);
#8141 = CARTESIAN_POINT('',(-16.19699125168,-4.4,-14.88816558185));
#8142 = CARTESIAN_POINT('',(-16.21201432655,-4.399999999997,
    -14.87182182137));
#8143 = CARTESIAN_POINT('',(-16.22486161116,-4.39707031743,
    -14.85347632328));
#8144 = CARTESIAN_POINT('',(-16.23519364869,-4.391208924148,
    -14.83349507383));
#8145 = CARTESIAN_POINT('',(-16.2427619801,-4.382528879525,
    -14.81232193311));
#8146 = CARTESIAN_POINT('',(-16.24742138386,-4.37124441335,
    -14.79044238631));
#8147 = CARTESIAN_POINT('',(-16.25151632792,-4.338909528264,
    -14.73786117132));
#8148 = CARTESIAN_POINT('',(-16.24829537888,-4.31577724367,
    -14.7069644967));
#8149 = CARTESIAN_POINT('',(-16.23939575273,-4.289046259307,
    -14.67694294237));
#8150 = CARTESIAN_POINT('',(-16.22513293646,-4.259802772446,
    -14.64909783584));
#8151 = CARTESIAN_POINT('',(-16.20620035711,-4.229304042865,
    -14.62455418064));
#8152 = CARTESIAN_POINT('',(-16.17080062671,-4.181679658799,
    -14.59269597607));
#8153 = CARTESIAN_POINT('',(-16.15688801194,-4.164549816941,
    -14.58254440587));
#8154 = CARTESIAN_POINT('',(-16.14196376733,-4.147646440069,
    -14.57385194321));
#8155 = CARTESIAN_POINT('',(-16.12621993777,-4.131194989746,
    -14.56674056469));
#8156 = CARTESIAN_POINT('',(-16.10986658329,-4.115413123857,
    -14.56129931008));
#8157 = CARTESIAN_POINT('',(-16.09312414141,-4.100501485124,
    -14.5575794717));
#8158 = CONICAL_SURFACE('',#8159,21.6,0.785398163397);
#8159 = AXIS2_PLACEMENT_3D('',#8160,#8161,#8162);
#8160 = CARTESIAN_POINT('',(6.661338147751E-15,-4.,-6.661338147751E-15)
  );
#8161 = DIRECTION('',(-3.330669073875E-16,-1.,3.330669073875E-16));
#8162 = DIRECTION('',(-2.302684791815E-16,3.330669073875E-16,1.));
#8163 = ADVANCED_FACE('',(#8164),#8195,.T.);
#8164 = FACE_BOUND('',#8165,.T.);
#8165 = EDGE_LOOP('',(#8166,#8167,#8168,#8175));
#8166 = ORIENTED_EDGE('',*,*,#2305,.F.);
#8167 = ORIENTED_EDGE('',*,*,#8139,.F.);
#8168 = ORIENTED_EDGE('',*,*,#8169,.T.);
#8169 = EDGE_CURVE('',#8131,#6422,#8170,.T.);
#8170 = ( BOUNDED_CURVE() B_SPLINE_CURVE(2,(#8171,#8172,#8173,#8174),
.UNSPECIFIED.,.F.,.F.) B_SPLINE_CURVE_WITH_KNOTS((3,1,3),(
    -0.352998490577,6.168843056153E-14,8.767282772495),.UNSPECIFIED.) 
CURVE() GEOMETRIC_REPRESENTATION_ITEM() RATIONAL_B_SPLINE_CURVE((
    1.056651799772,1.056651799772,1.056651799772,1.056651799772)) 
REPRESENTATION_ITEM('') );
#8171 = CARTESIAN_POINT('',(-16.19699125103,-3.647001509423,
    -14.88816558256));
#8172 = CARTESIAN_POINT('',(-16.19699125103,-3.823500754712,
    -14.88816558256));
#8173 = CARTESIAN_POINT('',(-16.19699125103,-8.383641386248,
    -14.88816558256));
#8174 = CARTESIAN_POINT('',(-16.19699125103,-12.76728277249,
    -14.88816558256));
#8175 = ORIENTED_EDGE('',*,*,#8176,.F.);
#8176 = EDGE_CURVE('',#2295,#6422,#8177,.T.);
#8177 = B_SPLINE_CURVE_WITH_KNOTS('',6,(#8178,#8179,#8180,#8181,#8182,
    #8183,#8184,#8185,#8186,#8187,#8188,#8189,#8190,#8191,#8192,#8193,
    #8194),.UNSPECIFIED.,.F.,.F.,(7,5,5,7),(0.,0.245541347766,
    0.675708691505,1.),.UNSPECIFIED.);
#8178 = CARTESIAN_POINT('',(-16.09312414141,-9.595033644246,
    -14.5575794717));
#8179 = CARTESIAN_POINT('',(-16.10986052669,-9.60363976848,
    -14.56129796442));
#8180 = CARTESIAN_POINT('',(-16.12621148734,-9.612749691792,
    -14.56673737498));
#8181 = CARTESIAN_POINT('',(-16.1419559568,-9.622247797528,
    -14.57384767444));
#8182 = CARTESIAN_POINT('',(-16.15688262448,-9.632008135363,
    -14.58254047193));
#8183 = CARTESIAN_POINT('',(-16.1707981039,-9.641899932255,
    -14.59269372406));
#8184 = CARTESIAN_POINT('',(-16.20584922511,-9.669125089204,
    -14.62423814499));
#8185 = CARTESIAN_POINT('',(-16.22454587532,-9.68646102687,
    -14.64833871161));
#8186 = CARTESIAN_POINT('',(-16.23872552007,-9.703101981523,
    -14.6756483007));
#8187 = CARTESIAN_POINT('',(-16.2477247748,-9.718352372925,
    -14.70508796419));
#8188 = CARTESIAN_POINT('',(-16.25124264681,-9.731614867753,
    -14.7354191238));
#8189 = CARTESIAN_POINT('',(-16.2479204518,-9.750625831778,
    -14.78803831343));
#8190 = CARTESIAN_POINT('',(-16.24341700918,-9.757420482792,
    -14.81046871483));
#8191 = CARTESIAN_POINT('',(-16.23586568005,-9.762650573418,
    -14.83218773251));
#8192 = CARTESIAN_POINT('',(-16.22541915565,-9.766183392621,
    -14.85267774145));
#8193 = CARTESIAN_POINT('',(-16.21234097547,-9.767949192431,
    -14.8714664566));
#8194 = CARTESIAN_POINT('',(-16.19699125103,-9.767949192431,
    -14.88816558256));
#8195 = ( BOUNDED_SURFACE() B_SPLINE_SURFACE(6,2,(
    (#8196,#8197,#8198,#8199)
    ,(#8200,#8201,#8202,#8203)
    ,(#8204,#8205,#8206,#8207)
    ,(#8208,#8209,#8210,#8211)
    ,(#8212,#8213,#8214,#8215)
    ,(#8216,#8217,#8218,#8219)
    ,(#8220,#8221,#8222,#8223
)),.UNSPECIFIED.,.F.,.F.,.F.) B_SPLINE_SURFACE_WITH_KNOTS((7,7),(3,1,3),
  (0.,8.767282772495),(-0.352998490577,6.168843056153E-14,8.767282772495
),.UNSPECIFIED.) GEOMETRIC_REPRESENTATION_ITEM() 
RATIONAL_B_SPLINE_SURFACE((
    (1.056651799772,1.056651799772,1.056651799772,1.056651799772)
    ,(1.017452375137,1.017452375137,1.017452375137,1.017452375137)
    ,(0.99632276822,0.99632276822,0.99632276822,0.99632276822)
    ,(0.98937924261,0.98937924261,0.98937924261,0.98937924261)
    ,(0.99632276822,0.99632276822,0.99632276822,0.99632276822)
    ,(1.017452375137,1.017452375137,1.017452375137,1.017452375137)
    ,(1.056651799772,1.056651799772,1.056651799772,1.056651799772
))) REPRESENTATION_ITEM('') SURFACE() );
#8196 = CARTESIAN_POINT('',(-16.09312414141,-3.647001509423,
    -14.5575794717));
#8197 = CARTESIAN_POINT('',(-16.09312414141,-3.823500754712,
    -14.5575794717));
#8198 = CARTESIAN_POINT('',(-16.09312414141,-8.383641386248,
    -14.5575794717));
#8199 = CARTESIAN_POINT('',(-16.09312414141,-12.76728277249,
    -14.5575794717));
#8200 = CARTESIAN_POINT('',(-16.16393619123,-3.647001509423,
    -14.5733125041));
#8201 = CARTESIAN_POINT('',(-16.16393619123,-3.823500754712,
    -14.5733125041));
#8202 = CARTESIAN_POINT('',(-16.16393619123,-8.383641386248,
    -14.5733125041));
#8203 = CARTESIAN_POINT('',(-16.16393619123,-12.76728277249,
    -14.5733125041));
#8204 = CARTESIAN_POINT('',(-16.22458795301,-3.647001509423,
    -14.61858987553));
#8205 = CARTESIAN_POINT('',(-16.22458795301,-3.823500754712,
    -14.61858987553));
#8206 = CARTESIAN_POINT('',(-16.22458795301,-8.383641386248,
    -14.61858987553));
#8207 = CARTESIAN_POINT('',(-16.22458795301,-12.76728277249,
    -14.61858987553));
#8208 = CARTESIAN_POINT('',(-16.26253726972,-3.647001509423,
    -14.68596152773));
#8209 = CARTESIAN_POINT('',(-16.26253726972,-3.823500754712,
    -14.68596152773));
#8210 = CARTESIAN_POINT('',(-16.26253726972,-8.383641386248,
    -14.68596152773));
#8211 = CARTESIAN_POINT('',(-16.26253726972,-12.76728277249,
    -14.68596152773));
#8212 = CARTESIAN_POINT('',(-16.26993862547,-3.647001509423,
    -14.76293106776));
#8213 = CARTESIAN_POINT('',(-16.26993862547,-3.823500754712,
    -14.76293106776));
#8214 = CARTESIAN_POINT('',(-16.26993862547,-8.383641386248,
    -14.76293106776));
#8215 = CARTESIAN_POINT('',(-16.26993862547,-12.76728277249,
    -14.76293106776));
#8216 = CARTESIAN_POINT('',(-16.24608076823,-3.647001509423,
    -14.83476058271));
#8217 = CARTESIAN_POINT('',(-16.24608076823,-3.823500754712,
    -14.83476058271));
#8218 = CARTESIAN_POINT('',(-16.24608076823,-8.383641386248,
    -14.83476058271));
#8219 = CARTESIAN_POINT('',(-16.24608076823,-12.76728277249,
    -14.83476058271));
#8220 = CARTESIAN_POINT('',(-16.19699125103,-3.647001509423,
    -14.88816558256));
#8221 = CARTESIAN_POINT('',(-16.19699125103,-3.823500754712,
    -14.88816558256));
#8222 = CARTESIAN_POINT('',(-16.19699125103,-8.383641386248,
    -14.88816558256));
#8223 = CARTESIAN_POINT('',(-16.19699125103,-12.76728277249,
    -14.88816558256));
#8224 = ADVANCED_FACE('',(#8225),#8230,.T.);
#8225 = FACE_BOUND('',#8226,.F.);
#8226 = EDGE_LOOP('',(#8227,#8228,#8229));
#8227 = ORIENTED_EDGE('',*,*,#6430,.T.);
#8228 = ORIENTED_EDGE('',*,*,#8176,.F.);
#8229 = ORIENTED_EDGE('',*,*,#2294,.F.);
#8230 = CONICAL_SURFACE('',#8231,17.,1.047197551197);
#8231 = AXIS2_PLACEMENT_3D('',#8232,#8233,#8234);
#8232 = CARTESIAN_POINT('',(2.971849092539E-15,-6.881197846483,
    6.171108228042E-15));
#8233 = DIRECTION('',(-1.736014626426E-16,-1.,-3.604871516535E-16));
#8234 = DIRECTION('',(0.623489801859,1.736014626426E-16,-0.781831482468)
  );
#8235 = ADVANCED_FACE('',(#8236),#8260,.T.);
#8236 = FACE_BOUND('',#8237,.F.);
#8237 = EDGE_LOOP('',(#8238,#8258,#8259));
#8238 = ORIENTED_EDGE('',*,*,#8239,.T.);
#8239 = EDGE_CURVE('',#2220,#6439,#8240,.T.);
#8240 = B_SPLINE_CURVE_WITH_KNOTS('',6,(#8241,#8242,#8243,#8244,#8245,
    #8246,#8247,#8248,#8249,#8250,#8251,#8252,#8253,#8254,#8255,#8256,
    #8257),.UNSPECIFIED.,.F.,.F.,(7,5,5,7),(0.,0.24554134772,
    0.675708691458,1.),.UNSPECIFIED.);
#8241 = CARTESIAN_POINT('',(-17.77364757498,-9.595033644246,
    -12.45026973948));
#8242 = CARTESIAN_POINT('',(-17.78099703341,-9.603639768478,
    -12.46575906617));
#8243 = CARTESIAN_POINT('',(-17.78993849763,-9.612749691788,
    -12.48048969137));
#8244 = CARTESIAN_POINT('',(-17.80037400108,-9.622247797523,
    -12.49425722363));
#8245 = CARTESIAN_POINT('',(-17.81217034802,-9.632008135356,
    -12.50687531917));
#8246 = CARTESIAN_POINT('',(-17.8251655224,-9.641899932245,
    -12.51818259732));
#8247 = CARTESIAN_POINT('',(-17.86371866705,-9.669125089192,
    -12.54533561973));
#8248 = CARTESIAN_POINT('',(-17.89137537821,-9.686461026859,
    -12.5582006253));
#8249 = CARTESIAN_POINT('',(-17.92115552668,-9.703101981512,
    -12.56594780149));
#8250 = CARTESIAN_POINT('',(-17.95185959892,-9.718352372916,
    -12.5681704847));
#8251 = CARTESIAN_POINT('',(-17.98221309319,-9.731614867745,
    -12.56485083835));
#8252 = CARTESIAN_POINT('',(-18.03277375194,-9.750625831773,
    -12.54990306649));
#8253 = CARTESIAN_POINT('',(-18.0536396661,-9.757420482789,
    -12.54052130071));
#8254 = CARTESIAN_POINT('',(-18.07313381385,-9.762650573417,
    -12.52832636307));
#8255 = CARTESIAN_POINT('',(-18.09078552513,-9.76618339262,
    -12.51358229891));
#8256 = CARTESIAN_POINT('',(-18.10619299909,-9.767949192431,
    -12.49665113357));
#8257 = CARTESIAN_POINT('',(-18.11905780808,-9.767949192431,
    -12.47797035367));
#8258 = ORIENTED_EDGE('',*,*,#6438,.T.);
#8259 = ORIENTED_EDGE('',*,*,#2228,.T.);
#8260 = CONICAL_SURFACE('',#8261,17.,1.047197551197);
#8261 = AXIS2_PLACEMENT_3D('',#8262,#8263,#8264);
#8262 = CARTESIAN_POINT('',(2.971849092539E-15,-6.881197846483,
    6.171108228042E-15));
#8263 = DIRECTION('',(-1.736014626426E-16,-1.,-3.604871516535E-16));
#8264 = DIRECTION('',(0.623489801859,1.736014626426E-16,-0.781831482468)
  );
#8265 = ADVANCED_FACE('',(#8266),#8278,.F.);
#8266 = FACE_BOUND('',#8267,.F.);
#8267 = EDGE_LOOP('',(#8268,#8269,#8270,#8277));
#8268 = ORIENTED_EDGE('',*,*,#2219,.F.);
#8269 = ORIENTED_EDGE('',*,*,#7746,.F.);
#8270 = ORIENTED_EDGE('',*,*,#8271,.T.);
#8271 = EDGE_CURVE('',#7747,#6439,#8272,.T.);
#8272 = ( BOUNDED_CURVE() B_SPLINE_CURVE(2,(#8273,#8274,#8275,#8276),
.UNSPECIFIED.,.F.,.F.) B_SPLINE_CURVE_WITH_KNOTS((3,1,3),(
    -0.352998490577,6.157075717328E-14,8.767282772495),.UNSPECIFIED.) 
CURVE() GEOMETRIC_REPRESENTATION_ITEM() RATIONAL_B_SPLINE_CURVE((
    1.056651799772,1.056651799772,1.056651799772,1.056651799772)) 
REPRESENTATION_ITEM('') );
#8273 = CARTESIAN_POINT('',(-18.11905780808,-3.647001509423,
    -12.47797035367));
#8274 = CARTESIAN_POINT('',(-18.11905780808,-3.823500754712,
    -12.47797035367));
#8275 = CARTESIAN_POINT('',(-18.11905780808,-8.383641386248,
    -12.47797035367));
#8276 = CARTESIAN_POINT('',(-18.11905780808,-12.76728277249,
    -12.47797035367));
#8277 = ORIENTED_EDGE('',*,*,#8239,.F.);
#8278 = ( BOUNDED_SURFACE() B_SPLINE_SURFACE(6,2,(
    (#8279,#8280,#8281,#8282)
    ,(#8283,#8284,#8285,#8286)
    ,(#8287,#8288,#8289,#8290)
    ,(#8291,#8292,#8293,#8294)
    ,(#8295,#8296,#8297,#8298)
    ,(#8299,#8300,#8301,#8302)
    ,(#8303,#8304,#8305,#8306
)),.UNSPECIFIED.,.F.,.F.,.F.) B_SPLINE_SURFACE_WITH_KNOTS((7,7),(3,1,3),
  (0.,8.767282772495),(-0.352998490577,6.157075717328E-14,8.767282772495
),.UNSPECIFIED.) GEOMETRIC_REPRESENTATION_ITEM() 
RATIONAL_B_SPLINE_SURFACE((
    (1.056651799772,1.056651799772,1.056651799772,1.056651799772)
    ,(1.017452375137,1.017452375137,1.017452375137,1.017452375137)
    ,(0.99632276822,0.99632276822,0.99632276822,0.99632276822)
    ,(0.98937924261,0.98937924261,0.98937924261,0.98937924261)
    ,(0.99632276822,0.99632276822,0.99632276822,0.99632276822)
    ,(1.017452375137,1.017452375137,1.017452375137,1.017452375137)
    ,(1.056651799772,1.056651799772,1.056651799772,1.056651799772
))) REPRESENTATION_ITEM('') SURFACE() );
#8279 = CARTESIAN_POINT('',(-17.77364757498,-3.647001509423,
    -12.45026973948));
#8280 = CARTESIAN_POINT('',(-17.77364757498,-3.823500754712,
    -12.45026973948));
#8281 = CARTESIAN_POINT('',(-17.77364757498,-8.383641386248,
    -12.45026973948));
#8282 = CARTESIAN_POINT('',(-17.77364757498,-12.76728277249,
    -12.45026973948));
#8283 = CARTESIAN_POINT('',(-17.80474331088,-3.647001509423,
    -12.5158054543));
#8284 = CARTESIAN_POINT('',(-17.80474331088,-3.823500754712,
    -12.5158054543));
#8285 = CARTESIAN_POINT('',(-17.80474331088,-8.383641386248,
    -12.5158054543));
#8286 = CARTESIAN_POINT('',(-17.80474331088,-12.76728277249,
    -12.5158054543));
#8287 = CARTESIAN_POINT('',(-17.86238177076,-3.647001509423,
    -12.56486138681));
#8288 = CARTESIAN_POINT('',(-17.86238177076,-3.823500754712,
    -12.56486138681));
#8289 = CARTESIAN_POINT('',(-17.86238177076,-8.383641386248,
    -12.56486138681));
#8290 = CARTESIAN_POINT('',(-17.86238177076,-12.76728277249,
    -12.56486138681));
#8291 = CARTESIAN_POINT('',(-17.93650879237,-3.647001509423,
    -12.58686763195));
#8292 = CARTESIAN_POINT('',(-17.93650879237,-3.823500754712,
    -12.58686763195));
#8293 = CARTESIAN_POINT('',(-17.93650879237,-8.383641386248,
    -12.58686763195));
#8294 = CARTESIAN_POINT('',(-17.93650879237,-12.76728277249,
    -12.58686763195));
#8295 = CARTESIAN_POINT('',(-18.01319550193,-3.647001509423,
    -12.57695608633));
#8296 = CARTESIAN_POINT('',(-18.01319550193,-3.823500754712,
    -12.57695608633));
#8297 = CARTESIAN_POINT('',(-18.01319550193,-8.383641386248,
    -12.57695608633));
#8298 = CARTESIAN_POINT('',(-18.01319550193,-12.76728277249,
    -12.57695608633));
#8299 = CARTESIAN_POINT('',(-18.0779152283,-3.647001509423,
    -12.53771282463));
#8300 = CARTESIAN_POINT('',(-18.0779152283,-3.823500754712,
    -12.53771282463));
#8301 = CARTESIAN_POINT('',(-18.0779152283,-8.383641386248,
    -12.53771282463));
#8302 = CARTESIAN_POINT('',(-18.0779152283,-12.76728277249,
    -12.53771282463));
#8303 = CARTESIAN_POINT('',(-18.11905780808,-3.647001509423,
    -12.47797035367));
#8304 = CARTESIAN_POINT('',(-18.11905780808,-3.823500754712,
    -12.47797035367));
#8305 = CARTESIAN_POINT('',(-18.11905780808,-8.383641386248,
    -12.47797035367));
#8306 = CARTESIAN_POINT('',(-18.11905780808,-12.76728277249,
    -12.47797035367));
#8307 = ADVANCED_FACE('',(#8308),#8313,.T.);
#8308 = FACE_BOUND('',#8309,.F.);
#8309 = EDGE_LOOP('',(#8310,#8311,#8312));
#8310 = ORIENTED_EDGE('',*,*,#5320,.F.);
#8311 = ORIENTED_EDGE('',*,*,#8033,.F.);
#8312 = ORIENTED_EDGE('',*,*,#2177,.F.);
#8313 = CONICAL_SURFACE('',#8314,25.,1.047197551197);
#8314 = AXIS2_PLACEMENT_3D('',#8315,#8316,#8317);
#8315 = CARTESIAN_POINT('',(1.302010969819E-15,-16.5,2.703653637402E-15)
  );
#8316 = DIRECTION('',(1.736014626426E-16,1.,3.604871516535E-16));
#8317 = DIRECTION('',(0.623489801859,1.736014626426E-16,-0.781831482468)
  );
#8318 = ADVANCED_FACE('',(#8319),#8343,.T.);
#8319 = FACE_BOUND('',#8320,.F.);
#8320 = EDGE_LOOP('',(#8321,#8341,#8342));
#8321 = ORIENTED_EDGE('',*,*,#8322,.T.);
#8322 = EDGE_CURVE('',#2103,#5329,#8323,.T.);
#8323 = B_SPLINE_CURVE_WITH_KNOTS('',6,(#8324,#8325,#8326,#8327,#8328,
    #8329,#8330,#8331,#8332,#8333,#8334,#8335,#8336,#8337,#8338,#8339,
    #8340),.UNSPECIFIED.,.F.,.F.,(7,5,5,7),(0.,0.245541347732,
    0.675708691471,1.),.UNSPECIFIED.);
#8324 = CARTESIAN_POINT('',(-16.09312414141,-18.40496635575,
    -14.5575794717));
#8325 = CARTESIAN_POINT('',(-16.10986052669,-18.39636023152,
    -14.56129796442));
#8326 = CARTESIAN_POINT('',(-16.12621148734,-18.38725030821,
    -14.56673737498));
#8327 = CARTESIAN_POINT('',(-16.1419559568,-18.37775220247,
    -14.57384767443));
#8328 = CARTESIAN_POINT('',(-16.15688262447,-18.36799186464,
    -14.58254047193));
#8329 = CARTESIAN_POINT('',(-16.17079810389,-18.35810006775,
    -14.59269372405));
#8330 = CARTESIAN_POINT('',(-16.2058492251,-18.3308749108,
    -14.62423814498));
#8331 = CARTESIAN_POINT('',(-16.22454587531,-18.31353897313,
    -14.64833871159));
#8332 = CARTESIAN_POINT('',(-16.23872552007,-18.29689801848,
    -14.67564830068));
#8333 = CARTESIAN_POINT('',(-16.24772477479,-18.28164762708,
    -14.70508796418));
#8334 = CARTESIAN_POINT('',(-16.25124264681,-18.26838513225,
    -14.73541912378));
#8335 = CARTESIAN_POINT('',(-16.2479204518,-18.24937416822,
    -14.78803831341));
#8336 = CARTESIAN_POINT('',(-16.24341700918,-18.24257951721,
    -14.81046871482));
#8337 = CARTESIAN_POINT('',(-16.23586568005,-18.23734942658,
    -14.8321877325));
#8338 = CARTESIAN_POINT('',(-16.22541915565,-18.23381660738,
    -14.85267774145));
#8339 = CARTESIAN_POINT('',(-16.21234097547,-18.23205080756,
    -14.8714664566));
#8340 = CARTESIAN_POINT('',(-16.19699125103,-18.23205080756,
    -14.88816558256));
#8341 = ORIENTED_EDGE('',*,*,#5328,.F.);
#8342 = ORIENTED_EDGE('',*,*,#2111,.T.);
#8343 = CONICAL_SURFACE('',#8344,25.,1.047197551197);
#8344 = AXIS2_PLACEMENT_3D('',#8345,#8346,#8347);
#8345 = CARTESIAN_POINT('',(1.302010969819E-15,-16.5,2.703653637402E-15)
  );
#8346 = DIRECTION('',(1.736014626426E-16,1.,3.604871516535E-16));
#8347 = DIRECTION('',(0.623489801859,1.736014626426E-16,-0.781831482468)
  );
#8348 = ADVANCED_FACE('',(#8349),#8361,.T.);
#8349 = FACE_BOUND('',#8350,.T.);
#8350 = EDGE_LOOP('',(#8351,#8352,#8353,#8360));
#8351 = ORIENTED_EDGE('',*,*,#2102,.F.);
#8352 = ORIENTED_EDGE('',*,*,#8322,.T.);
#8353 = ORIENTED_EDGE('',*,*,#8354,.T.);
#8354 = EDGE_CURVE('',#5329,#2342,#8355,.T.);
#8355 = ( BOUNDED_CURVE() B_SPLINE_CURVE(2,(#8356,#8357,#8358,#8359),
.UNSPECIFIED.,.F.,.F.) B_SPLINE_CURVE_WITH_KNOTS((3,1,3),(
-2.999333580064,5.767949192431,6.120947683008),.UNSPECIFIED.) CURVE() 
GEOMETRIC_REPRESENTATION_ITEM() RATIONAL_B_SPLINE_CURVE((1.056651799772,
1.056651799772,1.056651799772,1.056651799772)) REPRESENTATION_ITEM('') 
  );
#8356 = CARTESIAN_POINT('',(-16.19699125103,-15.2327172275,
    -14.88816558256));
#8357 = CARTESIAN_POINT('',(-16.19699125103,-19.61635861375,
    -14.88816558256));
#8358 = CARTESIAN_POINT('',(-16.19699125103,-24.17649924528,
    -14.88816558256));
#8359 = CARTESIAN_POINT('',(-16.19699125103,-24.35299849057,
    -14.88816558256));
#8360 = ORIENTED_EDGE('',*,*,#2341,.T.);
#8361 = ( BOUNDED_SURFACE() B_SPLINE_SURFACE(6,2,(
    (#8362,#8363,#8364,#8365)
    ,(#8366,#8367,#8368,#8369)
    ,(#8370,#8371,#8372,#8373)
    ,(#8374,#8375,#8376,#8377)
    ,(#8378,#8379,#8380,#8381)
    ,(#8382,#8383,#8384,#8385)
    ,(#8386,#8387,#8388,#8389
)),.UNSPECIFIED.,.F.,.F.,.F.) B_SPLINE_SURFACE_WITH_KNOTS((7,7),(3,1,3),
  (0.,8.767282772495),(-2.999333580064,5.767949192431,6.120947683008),
.UNSPECIFIED.) GEOMETRIC_REPRESENTATION_ITEM() RATIONAL_B_SPLINE_SURFACE
((
    (1.056651799772,1.056651799772,1.056651799772,1.056651799772)
    ,(1.017452375137,1.017452375137,1.017452375137,1.017452375137)
    ,(0.99632276822,0.99632276822,0.99632276822,0.99632276822)
    ,(0.98937924261,0.98937924261,0.98937924261,0.98937924261)
    ,(0.99632276822,0.99632276822,0.99632276822,0.99632276822)
    ,(1.017452375137,1.017452375137,1.017452375137,1.017452375137)
    ,(1.056651799772,1.056651799772,1.056651799772,1.056651799772
))) REPRESENTATION_ITEM('') SURFACE() );
#8362 = CARTESIAN_POINT('',(-16.09312414141,-15.2327172275,
    -14.5575794717));
#8363 = CARTESIAN_POINT('',(-16.09312414141,-19.61635861375,
    -14.5575794717));
#8364 = CARTESIAN_POINT('',(-16.09312414141,-24.17649924528,
    -14.5575794717));
#8365 = CARTESIAN_POINT('',(-16.09312414141,-24.35299849057,
    -14.5575794717));
#8366 = CARTESIAN_POINT('',(-16.16393619123,-15.2327172275,
    -14.5733125041));
#8367 = CARTESIAN_POINT('',(-16.16393619123,-19.61635861375,
    -14.5733125041));
#8368 = CARTESIAN_POINT('',(-16.16393619123,-24.17649924528,
    -14.5733125041));
#8369 = CARTESIAN_POINT('',(-16.16393619123,-24.35299849057,
    -14.5733125041));
#8370 = CARTESIAN_POINT('',(-16.22458795301,-15.2327172275,
    -14.61858987553));
#8371 = CARTESIAN_POINT('',(-16.22458795301,-19.61635861375,
    -14.61858987553));
#8372 = CARTESIAN_POINT('',(-16.22458795301,-24.17649924528,
    -14.61858987553));
#8373 = CARTESIAN_POINT('',(-16.22458795301,-24.35299849057,
    -14.61858987553));
#8374 = CARTESIAN_POINT('',(-16.26253726972,-15.2327172275,
    -14.68596152773));
#8375 = CARTESIAN_POINT('',(-16.26253726972,-19.61635861375,
    -14.68596152773));
#8376 = CARTESIAN_POINT('',(-16.26253726972,-24.17649924528,
    -14.68596152773));
#8377 = CARTESIAN_POINT('',(-16.26253726972,-24.35299849057,
    -14.68596152773));
#8378 = CARTESIAN_POINT('',(-16.26993862547,-15.2327172275,
    -14.76293106776));
#8379 = CARTESIAN_POINT('',(-16.26993862547,-19.61635861375,
    -14.76293106776));
#8380 = CARTESIAN_POINT('',(-16.26993862547,-24.17649924528,
    -14.76293106776));
#8381 = CARTESIAN_POINT('',(-16.26993862547,-24.35299849057,
    -14.76293106776));
#8382 = CARTESIAN_POINT('',(-16.24608076823,-15.2327172275,
    -14.83476058271));
#8383 = CARTESIAN_POINT('',(-16.24608076823,-19.61635861375,
    -14.83476058271));
#8384 = CARTESIAN_POINT('',(-16.24608076823,-24.17649924528,
    -14.83476058271));
#8385 = CARTESIAN_POINT('',(-16.24608076823,-24.35299849057,
    -14.83476058271));
#8386 = CARTESIAN_POINT('',(-16.19699125103,-15.2327172275,
    -14.88816558256));
#8387 = CARTESIAN_POINT('',(-16.19699125103,-19.61635861375,
    -14.88816558256));
#8388 = CARTESIAN_POINT('',(-16.19699125103,-24.17649924528,
    -14.88816558256));
#8389 = CARTESIAN_POINT('',(-16.19699125103,-24.35299849057,
    -14.88816558256));
#8390 = ADVANCED_FACE('',(#8391),#8422,.F.);
#8391 = FACE_BOUND('',#8392,.F.);
#8392 = EDGE_LOOP('',(#8393,#8394,#8414,#8421));
#8393 = ORIENTED_EDGE('',*,*,#2523,.F.);
#8394 = ORIENTED_EDGE('',*,*,#8395,.T.);
#8395 = EDGE_CURVE('',#2513,#5338,#8396,.T.);
#8396 = B_SPLINE_CURVE_WITH_KNOTS('',6,(#8397,#8398,#8399,#8400,#8401,
    #8402,#8403,#8404,#8405,#8406,#8407,#8408,#8409,#8410,#8411,#8412,
    #8413),.UNSPECIFIED.,.F.,.F.,(7,5,5,7),(0.,0.245541347766,
    0.675708691504,1.),.UNSPECIFIED.);
#8397 = CARTESIAN_POINT('',(-10.61153354654,-18.40496635575,
    -18.92900209985));
#8398 = CARTESIAN_POINT('',(-10.6114346128,-18.39636023152,
    -18.94614631149));
#8399 = CARTESIAN_POINT('',(-10.61309921495,-18.3872503082,
    -18.96329770213));
#8400 = CARTESIAN_POINT('',(-10.6165277703,-18.37775220247,
    -18.98022961535));
#8401 = CARTESIAN_POINT('',(-10.62168112519,-18.36799186463,
    -18.99671636973));
#8402 = CARTESIAN_POINT('',(-10.62848332861,-18.35810006774,
    -19.01254227017));
#8403 = CARTESIAN_POINT('',(-10.65143725682,-18.33087491079,
    -19.05373388059));
#8404 = CARTESIAN_POINT('',(-10.67077317585,-18.31353897313,
    -19.07732464734));
#8405 = CARTESIAN_POINT('',(-10.69424278872,-18.29689801847,
    -19.09722573407));
#8406 = CARTESIAN_POINT('',(-10.72094181583,-18.28164762707,
    -19.1125503001));
#8407 = CARTESIAN_POINT('',(-10.74972970977,-18.26838513224,
    -19.12272928968));
#8408 = CARTESIAN_POINT('',(-10.80176888439,-18.24937416822,
    -19.13119926026));
#8409 = CARTESIAN_POINT('',(-10.82463901906,-18.2425795172,
    -19.13179996221));
#8410 = CARTESIAN_POINT('',(-10.84749382443,-18.23734942658,
    -19.12927089677));
#8411 = CARTESIAN_POINT('',(-10.86979467643,-18.23381660737,
    -19.12364574447));
#8412 = CARTESIAN_POINT('',(-10.89102248813,-18.23205080756,
    -19.11507634402));
#8413 = CARTESIAN_POINT('',(-10.91071856716,-18.23205080756,
    -19.10382737432));
#8414 = ORIENTED_EDGE('',*,*,#8415,.T.);
#8415 = EDGE_CURVE('',#5338,#2365,#8416,.T.);
#8416 = ( BOUNDED_CURVE() B_SPLINE_CURVE(2,(#8417,#8418,#8419,#8420),
.UNSPECIFIED.,.F.,.F.) B_SPLINE_CURVE_WITH_KNOTS((3,1,3),(
-2.999333580064,5.767949192431,6.120947683008),.UNSPECIFIED.) CURVE() 
GEOMETRIC_REPRESENTATION_ITEM() RATIONAL_B_SPLINE_CURVE((1.056651799772,
1.056651799772,1.056651799772,1.056651799772)) REPRESENTATION_ITEM('') 
  );
#8417 = CARTESIAN_POINT('',(-10.91071856716,-15.2327172275,
    -19.10382737432));
#8418 = CARTESIAN_POINT('',(-10.91071856716,-19.61635861375,
    -19.10382737432));
#8419 = CARTESIAN_POINT('',(-10.91071856716,-24.17649924528,
    -19.10382737432));
#8420 = CARTESIAN_POINT('',(-10.91071856716,-24.35299849057,
    -19.10382737432));
#8421 = ORIENTED_EDGE('',*,*,#2373,.T.);
#8422 = ( BOUNDED_SURFACE() B_SPLINE_SURFACE(6,2,(
    (#8423,#8424,#8425,#8426)
    ,(#8427,#8428,#8429,#8430)
    ,(#8431,#8432,#8433,#8434)
    ,(#8435,#8436,#8437,#8438)
    ,(#8439,#8440,#8441,#8442)
    ,(#8443,#8444,#8445,#8446)
    ,(#8447,#8448,#8449,#8450
)),.UNSPECIFIED.,.F.,.F.,.F.) B_SPLINE_SURFACE_WITH_KNOTS((7,7),(3,1,3),
  (0.,8.767282772495),(-2.999333580064,5.767949192431,6.120947683008),
.UNSPECIFIED.) GEOMETRIC_REPRESENTATION_ITEM() RATIONAL_B_SPLINE_SURFACE
((
    (1.056651799772,1.056651799772,1.056651799772,1.056651799772)
    ,(1.017452375137,1.017452375137,1.017452375137,1.017452375137)
    ,(0.99632276822,0.99632276822,0.99632276822,0.99632276822)
    ,(0.98937924261,0.98937924261,0.98937924261,0.98937924261)
    ,(0.99632276822,0.99632276822,0.99632276822,0.99632276822)
    ,(1.017452375137,1.017452375137,1.017452375137,1.017452375137)
    ,(1.056651799772,1.056651799772,1.056651799772,1.056651799772
))) REPRESENTATION_ITEM('') SURFACE() );
#8423 = CARTESIAN_POINT('',(-10.61153354654,-15.2327172275,
    -18.92900209985));
#8424 = CARTESIAN_POINT('',(-10.61153354654,-19.61635861375,
    -18.92900209985));
#8425 = CARTESIAN_POINT('',(-10.61153354654,-24.17649924528,
    -18.92900209985));
#8426 = CARTESIAN_POINT('',(-10.61153354654,-24.35299849057,
    -18.92900209985));
#8427 = CARTESIAN_POINT('',(-10.61111495551,-15.2327172275,
    -19.0015396728));
#8428 = CARTESIAN_POINT('',(-10.61111495551,-19.61635861375,
    -19.0015396728));
#8429 = CARTESIAN_POINT('',(-10.61111495551,-24.17649924528,
    -19.0015396728));
#8430 = CARTESIAN_POINT('',(-10.61111495551,-24.35299849057,
    -19.0015396728));
#8431 = CARTESIAN_POINT('',(-10.64176084204,-15.2327172275,
    -19.07074593126));
#8432 = CARTESIAN_POINT('',(-10.64176084204,-19.61635861375,
    -19.07074593126));
#8433 = CARTESIAN_POINT('',(-10.64176084204,-24.17649924528,
    -19.07074593126));
#8434 = CARTESIAN_POINT('',(-10.64176084204,-24.35299849057,
    -19.07074593126));
#8435 = CARTESIAN_POINT('',(-10.69899882885,-15.2327172275,
    -19.12273538234));
#8436 = CARTESIAN_POINT('',(-10.69899882885,-19.61635861375,
    -19.12273538234));
#8437 = CARTESIAN_POINT('',(-10.69899882885,-24.17649924528,
    -19.12273538234));
#8438 = CARTESIAN_POINT('',(-10.69899882885,-24.35299849057,
    -19.12273538234));
#8439 = CARTESIAN_POINT('',(-10.77239162522,-15.2327172275,
    -19.14707850459));
#8440 = CARTESIAN_POINT('',(-10.77239162522,-19.61635861375,
    -19.14707850459));
#8441 = CARTESIAN_POINT('',(-10.77239162522,-24.17649924528,
    -19.14707850459));
#8442 = CARTESIAN_POINT('',(-10.77239162522,-24.35299849057,
    -19.14707850459));
#8443 = CARTESIAN_POINT('',(-10.84772909695,-15.2327172275,
    -19.1398023844));
#8444 = CARTESIAN_POINT('',(-10.84772909695,-19.61635861375,
    -19.1398023844));
#8445 = CARTESIAN_POINT('',(-10.84772909695,-24.17649924528,
    -19.1398023844));
#8446 = CARTESIAN_POINT('',(-10.84772909695,-24.35299849057,
    -19.1398023844));
#8447 = CARTESIAN_POINT('',(-10.91071856716,-15.2327172275,
    -19.10382737432));
#8448 = CARTESIAN_POINT('',(-10.91071856716,-19.61635861375,
    -19.10382737432));
#8449 = CARTESIAN_POINT('',(-10.91071856716,-24.17649924528,
    -19.10382737432));
#8450 = CARTESIAN_POINT('',(-10.91071856716,-24.35299849057,
    -19.10382737432));
#8451 = ADVANCED_FACE('',(#8452),#8458,.T.);
#8452 = FACE_BOUND('',#8453,.F.);
#8453 = EDGE_LOOP('',(#8454,#8455,#8456,#8457));
#8454 = ORIENTED_EDGE('',*,*,#5337,.F.);
#8455 = ORIENTED_EDGE('',*,*,#8354,.T.);
#8456 = ORIENTED_EDGE('',*,*,#2364,.T.);
#8457 = ORIENTED_EDGE('',*,*,#8415,.F.);
#8458 = CYLINDRICAL_SURFACE('',#8459,22.);
#8459 = AXIS2_PLACEMENT_3D('',#8460,#8461,#8462);
#8460 = CARTESIAN_POINT('',(6.661338147751E-15,-4.,-4.440892098501E-15)
  );
#8461 = DIRECTION('',(-3.330669073875E-16,-1.,2.22044604925E-16));
#8462 = DIRECTION('',(-3.229739708E-16,2.22044604925E-16,1.));
#8463 = ADVANCED_FACE('',(#8464),#8520,.T.);
#8464 = FACE_BOUND('',#8465,.T.);
#8465 = EDGE_LOOP('',(#8466,#8467,#8468,#8469,#8491,#8500));
#8466 = ORIENTED_EDGE('',*,*,#2649,.T.);
#8467 = ORIENTED_EDGE('',*,*,#5824,.T.);
#8468 = ORIENTED_EDGE('',*,*,#2877,.T.);
#8469 = ORIENTED_EDGE('',*,*,#8470,.F.);
#8470 = EDGE_CURVE('',#8471,#2878,#8473,.T.);
#8471 = VERTEX_POINT('',#8472);
#8472 = CARTESIAN_POINT('',(-1.541377702829,-4.4,-21.94593709043));
#8473 = B_SPLINE_CURVE_WITH_KNOTS('',6,(#8474,#8475,#8476,#8477,#8478,
    #8479,#8480,#8481,#8482,#8483,#8484,#8485,#8486,#8487,#8488,#8489,
    #8490),.UNSPECIFIED.,.F.,.F.,(7,5,5,7),(0.,0.316956850934,
    0.754284106115,1.),.UNSPECIFIED.);
#8474 = CARTESIAN_POINT('',(-1.541377702829,-4.4,-21.94593709043));
#8475 = CARTESIAN_POINT('',(-1.519232902371,-4.4,-21.94749243534));
#8476 = CARTESIAN_POINT('',(-1.496879661272,-4.397070317438,
    -21.9460986161));
#8477 = CARTESIAN_POINT('',(-1.474815772107,-4.391208924156,
    -21.941718423));
#8478 = CARTESIAN_POINT('',(-1.453543168056,-4.382528879531,
    -21.93443434537));
#8479 = CARTESIAN_POINT('',(-1.433531957917,-4.371244413356,
    -21.92443553967));
#8480 = CARTESIAN_POINT('',(-1.389869152782,-4.338909528267,
    -21.89485324454));
#8481 = CARTESIAN_POINT('',(-1.367721388744,-4.315777243673,
    -21.87307124364));
#8482 = CARTESIAN_POINT('',(-1.349798418563,-4.28904625931,
    -21.84739510277));
#8483 = CARTESIAN_POINT('',(-1.336920958133,-4.25980277245,
    -21.81888284403));
#8484 = CARTESIAN_POINT('',(-1.329536225948,-4.229304042869,
    -21.78877803874));
#8485 = CARTESIAN_POINT('',(-1.326699849533,-4.181679658803,
    -21.74123814939));
#8486 = CARTESIAN_POINT('',(-1.327437405779,-4.164549816944,
    -21.72403142866));
#8487 = CARTESIAN_POINT('',(-1.329946479126,-4.147646440071,
    -21.70694352255));
#8488 = CARTESIAN_POINT('',(-1.334202696687,-4.131194989748,
    -21.69020062896));
#8489 = CARTESIAN_POINT('',(-1.34014470227,-4.115413123857,
    -21.67402249482));
#8490 = CARTESIAN_POINT('',(-1.347675157286,-4.100501485124,
    -21.65861344537));
#8491 = ORIENTED_EDGE('',*,*,#8492,.F.);
#8492 = EDGE_CURVE('',#8493,#8471,#8495,.T.);
#8493 = VERTEX_POINT('',#8494);
#8494 = CARTESIAN_POINT('',(-8.133251919308,-4.4,-20.44138481652));
#8495 = CIRCLE('',#8496,22.);
#8496 = AXIS2_PLACEMENT_3D('',#8497,#8498,#8499);
#8497 = CARTESIAN_POINT('',(6.528111384796E-15,-4.4,-6.528111384796E-15)
  );
#8498 = DIRECTION('',(-3.330669073875E-16,-1.,3.330669073875E-16));
#8499 = DIRECTION('',(-2.3415612883E-16,3.330669073875E-16,1.));
#8500 = ORIENTED_EDGE('',*,*,#8501,.T.);
#8501 = EDGE_CURVE('',#8493,#2641,#8502,.T.);
#8502 = B_SPLINE_CURVE_WITH_KNOTS('',6,(#8503,#8504,#8505,#8506,#8507,
    #8508,#8509,#8510,#8511,#8512,#8513,#8514,#8515,#8516,#8517,#8518,
    #8519),.UNSPECIFIED.,.F.,.F.,(7,5,5,7),(0.,0.316956850903,
    0.754284106085,1.),.UNSPECIFIED.);
#8503 = CARTESIAN_POINT('',(-8.133251919308,-4.4,-20.44138481652));
#8504 = CARTESIAN_POINT('',(-8.153878533971,-4.4,-20.43317786504));
#8505 = CARTESIAN_POINT('',(-8.173413352793,-4.397070317438,
    -20.42222336947));
#8506 = CARTESIAN_POINT('',(-8.191391735474,-4.391208924158,
    -20.40870378912));
#8507 = CARTESIAN_POINT('',(-8.207397246622,-4.382528879535,
    -20.39291122496));
#8508 = CARTESIAN_POINT('',(-8.221088404765,-4.371244413362,
    -20.37522007363));
#8509 = CARTESIAN_POINT('',(-8.247591956054,-4.338909528276,
    -20.32962276553));
#8510 = CARTESIAN_POINT('',(-8.258095545952,-4.315777243684,
    -20.30038830616));
#8511 = CARTESIAN_POINT('',(-8.263103124102,-4.289046259322,
    -20.26947841728));
#8512 = CARTESIAN_POINT('',(-8.262334309616,-4.259802772463,
    -20.23820243912));
#8513 = CARTESIAN_POINT('',(-8.255925737928,-4.229304042882,
    -20.20787483156));
#8514 = CARTESIAN_POINT('',(-8.237854439828,-4.181679658813,
    -20.16381221366));
#8515 = CARTESIAN_POINT('',(-8.229724208287,-4.164549816952,
    -20.14862950763));
#8516 = CARTESIAN_POINT('',(-8.220049446716,-4.147646440077,
    -20.13432248233));
#8517 = CARTESIAN_POINT('',(-8.208950257922,-4.131194989752,
    -20.12108436003));
#8518 = CARTESIAN_POINT('',(-8.196577266547,-4.115413123859,
    -20.10908650443));
#8519 = CARTESIAN_POINT('',(-8.183106825022,-4.100501485124,
    -20.09847077257));
#8520 = CONICAL_SURFACE('',#8521,21.6,0.785398163397);
#8521 = AXIS2_PLACEMENT_3D('',#8522,#8523,#8524);
#8522 = CARTESIAN_POINT('',(6.661338147751E-15,-4.,-6.661338147751E-15)
  );
#8523 = DIRECTION('',(-3.330669073875E-16,-1.,3.330669073875E-16));
#8524 = DIRECTION('',(-2.302684791815E-16,3.330669073875E-16,1.));
#8525 = ADVANCED_FACE('',(#8526),#8557,.T.);
#8526 = FACE_BOUND('',#8527,.T.);
#8527 = EDGE_LOOP('',(#8528,#8529,#8530,#8537));
#8528 = ORIENTED_EDGE('',*,*,#2640,.F.);
#8529 = ORIENTED_EDGE('',*,*,#8501,.F.);
#8530 = ORIENTED_EDGE('',*,*,#8531,.T.);
#8531 = EDGE_CURVE('',#8493,#6396,#8532,.T.);
#8532 = ( BOUNDED_CURVE() B_SPLINE_CURVE(2,(#8533,#8534,#8535,#8536),
.UNSPECIFIED.,.F.,.F.) B_SPLINE_CURVE_WITH_KNOTS((3,1,3),(
    -0.352998490577,6.168843056153E-14,8.767282772495),.UNSPECIFIED.) 
CURVE() GEOMETRIC_REPRESENTATION_ITEM() RATIONAL_B_SPLINE_CURVE((
    1.056651799772,1.056651799772,1.056651799772,1.056651799772)) 
REPRESENTATION_ITEM('') );
#8533 = CARTESIAN_POINT('',(-8.133251919308,-3.647001509423,
    -20.44138481652));
#8534 = CARTESIAN_POINT('',(-8.133251919308,-3.823500754712,
    -20.44138481652));
#8535 = CARTESIAN_POINT('',(-8.133251919308,-8.383641386248,
    -20.44138481652));
#8536 = CARTESIAN_POINT('',(-8.133251919308,-12.76728277249,
    -20.44138481652));
#8537 = ORIENTED_EDGE('',*,*,#8538,.F.);
#8538 = EDGE_CURVE('',#2630,#6396,#8539,.T.);
#8539 = B_SPLINE_CURVE_WITH_KNOTS('',6,(#8540,#8541,#8542,#8543,#8544,
    #8545,#8546,#8547,#8548,#8549,#8550,#8551,#8552,#8553,#8554,#8555,
    #8556),.UNSPECIFIED.,.F.,.F.,(7,5,5,7),(0.,0.245541347766,
    0.675708691505,1.),.UNSPECIFIED.);
#8540 = CARTESIAN_POINT('',(-8.183106825022,-9.595033644246,
    -20.09847077257));
#8541 = CARTESIAN_POINT('',(-8.196572393596,-9.60363976848,
    -20.10908266418));
#8542 = CARTESIAN_POINT('',(-8.208944028307,-9.612749691792,
    -20.1210778197));
#8543 = CARTESIAN_POINT('',(-8.220044261819,-9.622247797528,
    -20.13431524743));
#8544 = CARTESIAN_POINT('',(-8.229721061219,-9.632008135363,
    -20.14862362574));
#8545 = CARTESIAN_POINT('',(-8.23785314396,-9.641899932255,
    -20.16380909005));
#8546 = CARTESIAN_POINT('',(-8.255746501649,-9.669125089204,
    -20.20743774279));
#8547 = CARTESIAN_POINT('',(-8.262134757464,-9.68646102687,
    -20.23726377552));
#8548 = CARTESIAN_POINT('',(-8.263060989321,-9.703101981523,
    -20.26802118237));
#8549 = CARTESIAN_POINT('',(-8.258395646385,-9.718352372925,
    -20.29845003295));
#8550 = CARTESIAN_POINT('',(-8.248404942612,-9.731614867753,
    -20.32730381094));
#8551 = CARTESIAN_POINT('',(-8.222581137587,-9.750625831778,
    -20.37327061626));
#8552 = CARTESIAN_POINT('',(-8.208791489553,-9.757420482792,
    -20.39152573909));
#8553 = CARTESIAN_POINT('',(-8.192564448499,-9.762650573418,
    -20.40781749895));
#8554 = CARTESIAN_POINT('',(-8.174262173539,-9.766183392621,
    -20.42174578204));
#8555 = CARTESIAN_POINT('',(-8.154327022366,-9.767949192431,
    -20.43299941974));
#8556 = CARTESIAN_POINT('',(-8.133251919308,-9.767949192431,
    -20.44138481652));
#8557 = ( BOUNDED_SURFACE() B_SPLINE_SURFACE(6,2,(
    (#8558,#8559,#8560,#8561)
    ,(#8562,#8563,#8564,#8565)
    ,(#8566,#8567,#8568,#8569)
    ,(#8570,#8571,#8572,#8573)
    ,(#8574,#8575,#8576,#8577)
    ,(#8578,#8579,#8580,#8581)
    ,(#8582,#8583,#8584,#8585
)),.UNSPECIFIED.,.F.,.F.,.F.) B_SPLINE_SURFACE_WITH_KNOTS((7,7),(3,1,3),
  (0.,8.767282772495),(-0.352998490577,6.168843056153E-14,8.767282772495
),.UNSPECIFIED.) GEOMETRIC_REPRESENTATION_ITEM() 
RATIONAL_B_SPLINE_SURFACE((
    (1.056651799772,1.056651799772,1.056651799772,1.056651799772)
    ,(1.017452375137,1.017452375137,1.017452375137,1.017452375137)
    ,(0.99632276822,0.99632276822,0.99632276822,0.99632276822)
    ,(0.98937924261,0.98937924261,0.98937924261,0.98937924261)
    ,(0.99632276822,0.99632276822,0.99632276822,0.99632276822)
    ,(1.017452375137,1.017452375137,1.017452375137,1.017452375137)
    ,(1.056651799772,1.056651799772,1.056651799772,1.056651799772
))) REPRESENTATION_ITEM('') SURFACE() );
#8558 = CARTESIAN_POINT('',(-8.183106825022,-3.647001509423,
    -20.09847077257));
#8559 = CARTESIAN_POINT('',(-8.183106825022,-3.823500754712,
    -20.09847077257));
#8560 = CARTESIAN_POINT('',(-8.183106825022,-8.383641386248,
    -20.09847077257));
#8561 = CARTESIAN_POINT('',(-8.183106825022,-12.76728277249,
    -20.09847077257));
#8562 = CARTESIAN_POINT('',(-8.24007997045,-3.647001509423,
    -20.14336994191));
#8563 = CARTESIAN_POINT('',(-8.24007997045,-3.823500754712,
    -20.14336994191));
#8564 = CARTESIAN_POINT('',(-8.24007997045,-8.383641386248,
    -20.14336994191));
#8565 = CARTESIAN_POINT('',(-8.24007997045,-12.76728277249,
    -20.14336994191));
#8566 = CARTESIAN_POINT('',(-8.275080204383,-3.647001509423,
    -20.21047925718));
#8567 = CARTESIAN_POINT('',(-8.275080204383,-3.823500754712,
    -20.21047925718));
#8568 = CARTESIAN_POINT('',(-8.275080204383,-8.383641386248,
    -20.21047925718));
#8569 = CARTESIAN_POINT('',(-8.275080204383,-12.76728277249,
    -20.21047925718));
#8570 = CARTESIAN_POINT('',(-8.280039892934,-3.647001509423,
    -20.28764460982));
#8571 = CARTESIAN_POINT('',(-8.280039892934,-3.823500754712,
    -20.28764460982));
#8572 = CARTESIAN_POINT('',(-8.280039892934,-8.383641386248,
    -20.28764460982));
#8573 = CARTESIAN_POINT('',(-8.280039892934,-12.76728277249,
    -20.28764460982));
#8574 = CARTESIAN_POINT('',(-8.253312452222,-3.647001509423,
    -20.36020309707));
#8575 = CARTESIAN_POINT('',(-8.253312452222,-3.823500754712,
    -20.36020309707));
#8576 = CARTESIAN_POINT('',(-8.253312452222,-8.383641386248,
    -20.36020309707));
#8577 = CARTESIAN_POINT('',(-8.253312452222,-12.76728277249,
    -20.36020309707));
#8578 = CARTESIAN_POINT('',(-8.200651607067,-3.647001509423,
    -20.41456771754));
#8579 = CARTESIAN_POINT('',(-8.200651607067,-3.823500754712,
    -20.41456771754));
#8580 = CARTESIAN_POINT('',(-8.200651607067,-8.383641386248,
    -20.41456771754));
#8581 = CARTESIAN_POINT('',(-8.200651607067,-12.76728277249,
    -20.41456771754));
#8582 = CARTESIAN_POINT('',(-8.133251919308,-3.647001509423,
    -20.44138481652));
#8583 = CARTESIAN_POINT('',(-8.133251919308,-3.823500754712,
    -20.44138481652));
#8584 = CARTESIAN_POINT('',(-8.133251919308,-8.383641386248,
    -20.44138481652));
#8585 = CARTESIAN_POINT('',(-8.133251919308,-12.76728277249,
    -20.44138481652));
#8586 = ADVANCED_FACE('',(#8587),#8592,.T.);
#8587 = FACE_BOUND('',#8588,.F.);
#8588 = EDGE_LOOP('',(#8589,#8590,#8591));
#8589 = ORIENTED_EDGE('',*,*,#6404,.T.);
#8590 = ORIENTED_EDGE('',*,*,#8538,.F.);
#8591 = ORIENTED_EDGE('',*,*,#2629,.F.);
#8592 = CONICAL_SURFACE('',#8593,17.,1.047197551197);
#8593 = AXIS2_PLACEMENT_3D('',#8594,#8595,#8596);
#8594 = CARTESIAN_POINT('',(1.649251821241E-15,-6.881197846483,
    7.22584435611E-15));
#8595 = DIRECTION('',(-9.634154343575E-17,-1.,-4.220998812482E-16));
#8596 = DIRECTION('',(0.900968867902,9.634154343575E-17,-0.433883739118)
  );
#8597 = ADVANCED_FACE('',(#8598),#8622,.T.);
#8598 = FACE_BOUND('',#8599,.F.);
#8599 = EDGE_LOOP('',(#8600,#8620,#8621));
#8600 = ORIENTED_EDGE('',*,*,#8601,.T.);
#8601 = EDGE_CURVE('',#2555,#6413,#8602,.T.);
#8602 = B_SPLINE_CURVE_WITH_KNOTS('',6,(#8603,#8604,#8605,#8606,#8607,
    #8608,#8609,#8610,#8611,#8612,#8613,#8614,#8615,#8616,#8617,#8618,
    #8619),.UNSPECIFIED.,.F.,.F.,(7,5,5,7),(0.,0.24554134772,
    0.675708691458,1.),.UNSPECIFIED.);
#8603 = CARTESIAN_POINT('',(-10.61153354654,-9.595033644246,
    -18.92900209985));
#8604 = CARTESIAN_POINT('',(-10.6114346128,-9.603639768478,
    -18.94614631149));
#8605 = CARTESIAN_POINT('',(-10.61309921495,-9.612749691788,
    -18.96329770213));
#8606 = CARTESIAN_POINT('',(-10.6165277703,-9.622247797523,
    -18.98022961534));
#8607 = CARTESIAN_POINT('',(-10.62168112518,-9.632008135356,
    -18.99671636971));
#8608 = CARTESIAN_POINT('',(-10.6284833286,-9.641899932245,
    -19.01254227015));
#8609 = CARTESIAN_POINT('',(-10.65143725681,-9.669125089192,
    -19.05373388057));
#8610 = CARTESIAN_POINT('',(-10.67077317583,-9.686461026859,
    -19.07732464732));
#8611 = CARTESIAN_POINT('',(-10.69424278871,-9.703101981512,
    -19.09722573405));
#8612 = CARTESIAN_POINT('',(-10.72094181581,-9.718352372916,
    -19.11255030009));
#8613 = CARTESIAN_POINT('',(-10.74972970975,-9.731614867745,
    -19.12272928968));
#8614 = CARTESIAN_POINT('',(-10.80176888437,-9.750625831773,
    -19.13119926026));
#8615 = CARTESIAN_POINT('',(-10.82463901905,-9.757420482789,
    -19.13179996221));
#8616 = CARTESIAN_POINT('',(-10.84749382442,-9.762650573417,
    -19.12927089677));
#8617 = CARTESIAN_POINT('',(-10.86979467643,-9.76618339262,
    -19.12364574447));
#8618 = CARTESIAN_POINT('',(-10.89102248813,-9.767949192431,
    -19.11507634402));
#8619 = CARTESIAN_POINT('',(-10.91071856716,-9.767949192431,
    -19.10382737432));
#8620 = ORIENTED_EDGE('',*,*,#6412,.T.);
#8621 = ORIENTED_EDGE('',*,*,#2563,.T.);
#8622 = CONICAL_SURFACE('',#8623,17.,1.047197551197);
#8623 = AXIS2_PLACEMENT_3D('',#8624,#8625,#8626);
#8624 = CARTESIAN_POINT('',(1.649251821241E-15,-6.881197846483,
    7.22584435611E-15));
#8625 = DIRECTION('',(-9.634154343575E-17,-1.,-4.220998812482E-16));
#8626 = DIRECTION('',(0.900968867902,9.634154343575E-17,-0.433883739118)
  );
#8627 = ADVANCED_FACE('',(#8628),#8640,.F.);
#8628 = FACE_BOUND('',#8629,.F.);
#8629 = EDGE_LOOP('',(#8630,#8631,#8632,#8639));
#8630 = ORIENTED_EDGE('',*,*,#2554,.F.);
#8631 = ORIENTED_EDGE('',*,*,#8108,.F.);
#8632 = ORIENTED_EDGE('',*,*,#8633,.T.);
#8633 = EDGE_CURVE('',#8109,#6413,#8634,.T.);
#8634 = ( BOUNDED_CURVE() B_SPLINE_CURVE(2,(#8635,#8636,#8637,#8638),
.UNSPECIFIED.,.F.,.F.) B_SPLINE_CURVE_WITH_KNOTS((3,1,3),(
    -0.352998490577,6.157075717328E-14,8.767282772495),.UNSPECIFIED.) 
CURVE() GEOMETRIC_REPRESENTATION_ITEM() RATIONAL_B_SPLINE_CURVE((
    1.056651799772,1.056651799772,1.056651799772,1.056651799772)) 
REPRESENTATION_ITEM('') );
#8635 = CARTESIAN_POINT('',(-10.91071856716,-3.647001509423,
    -19.10382737432));
#8636 = CARTESIAN_POINT('',(-10.91071856716,-3.823500754712,
    -19.10382737432));
#8637 = CARTESIAN_POINT('',(-10.91071856716,-8.383641386248,
    -19.10382737432));
#8638 = CARTESIAN_POINT('',(-10.91071856716,-12.76728277249,
    -19.10382737432));
#8639 = ORIENTED_EDGE('',*,*,#8601,.F.);
#8640 = ( BOUNDED_SURFACE() B_SPLINE_SURFACE(6,2,(
    (#8641,#8642,#8643,#8644)
    ,(#8645,#8646,#8647,#8648)
    ,(#8649,#8650,#8651,#8652)
    ,(#8653,#8654,#8655,#8656)
    ,(#8657,#8658,#8659,#8660)
    ,(#8661,#8662,#8663,#8664)
    ,(#8665,#8666,#8667,#8668
)),.UNSPECIFIED.,.F.,.F.,.F.) B_SPLINE_SURFACE_WITH_KNOTS((7,7),(3,1,3),
  (0.,8.767282772495),(-0.352998490577,6.157075717328E-14,8.767282772495
),.UNSPECIFIED.) GEOMETRIC_REPRESENTATION_ITEM() 
RATIONAL_B_SPLINE_SURFACE((
    (1.056651799772,1.056651799772,1.056651799772,1.056651799772)
    ,(1.017452375137,1.017452375137,1.017452375137,1.017452375137)
    ,(0.99632276822,0.99632276822,0.99632276822,0.99632276822)
    ,(0.98937924261,0.98937924261,0.98937924261,0.98937924261)
    ,(0.99632276822,0.99632276822,0.99632276822,0.99632276822)
    ,(1.017452375137,1.017452375137,1.017452375137,1.017452375137)
    ,(1.056651799772,1.056651799772,1.056651799772,1.056651799772
))) REPRESENTATION_ITEM('') SURFACE() );
#8641 = CARTESIAN_POINT('',(-10.61153354654,-3.647001509423,
    -18.92900209985));
#8642 = CARTESIAN_POINT('',(-10.61153354654,-3.823500754712,
    -18.92900209985));
#8643 = CARTESIAN_POINT('',(-10.61153354654,-8.383641386248,
    -18.92900209985));
#8644 = CARTESIAN_POINT('',(-10.61153354654,-12.76728277249,
    -18.92900209985));
#8645 = CARTESIAN_POINT('',(-10.61111495551,-3.647001509423,
    -19.0015396728));
#8646 = CARTESIAN_POINT('',(-10.61111495551,-3.823500754712,
    -19.0015396728));
#8647 = CARTESIAN_POINT('',(-10.61111495551,-8.383641386248,
    -19.0015396728));
#8648 = CARTESIAN_POINT('',(-10.61111495551,-12.76728277249,
    -19.0015396728));
#8649 = CARTESIAN_POINT('',(-10.64176084204,-3.647001509423,
    -19.07074593126));
#8650 = CARTESIAN_POINT('',(-10.64176084204,-3.823500754712,
    -19.07074593126));
#8651 = CARTESIAN_POINT('',(-10.64176084204,-8.383641386248,
    -19.07074593126));
#8652 = CARTESIAN_POINT('',(-10.64176084204,-12.76728277249,
    -19.07074593126));
#8653 = CARTESIAN_POINT('',(-10.69899882885,-3.647001509423,
    -19.12273538234));
#8654 = CARTESIAN_POINT('',(-10.69899882885,-3.823500754712,
    -19.12273538234));
#8655 = CARTESIAN_POINT('',(-10.69899882885,-8.383641386248,
    -19.12273538234));
#8656 = CARTESIAN_POINT('',(-10.69899882885,-12.76728277249,
    -19.12273538234));
#8657 = CARTESIAN_POINT('',(-10.77239162522,-3.647001509423,
    -19.14707850459));
#8658 = CARTESIAN_POINT('',(-10.77239162522,-3.823500754712,
    -19.14707850459));
#8659 = CARTESIAN_POINT('',(-10.77239162522,-8.383641386248,
    -19.14707850459));
#8660 = CARTESIAN_POINT('',(-10.77239162522,-12.76728277249,
    -19.14707850459));
#8661 = CARTESIAN_POINT('',(-10.84772909695,-3.647001509423,
    -19.1398023844));
#8662 = CARTESIAN_POINT('',(-10.84772909695,-3.823500754712,
    -19.1398023844));
#8663 = CARTESIAN_POINT('',(-10.84772909695,-8.383641386248,
    -19.1398023844));
#8664 = CARTESIAN_POINT('',(-10.84772909695,-12.76728277249,
    -19.1398023844));
#8665 = CARTESIAN_POINT('',(-10.91071856716,-3.647001509423,
    -19.10382737432));
#8666 = CARTESIAN_POINT('',(-10.91071856716,-3.823500754712,
    -19.10382737432));
#8667 = CARTESIAN_POINT('',(-10.91071856716,-8.383641386248,
    -19.10382737432));
#8668 = CARTESIAN_POINT('',(-10.91071856716,-12.76728277249,
    -19.10382737432));
#8669 = ADVANCED_FACE('',(#8670),#8675,.T.);
#8670 = FACE_BOUND('',#8671,.F.);
#8671 = EDGE_LOOP('',(#8672,#8673,#8674));
#8672 = ORIENTED_EDGE('',*,*,#5346,.F.);
#8673 = ORIENTED_EDGE('',*,*,#8395,.F.);
#8674 = ORIENTED_EDGE('',*,*,#2512,.F.);
#8675 = CONICAL_SURFACE('',#8676,25.,1.047197551197);
#8676 = AXIS2_PLACEMENT_3D('',#8677,#8678,#8679);
#8677 = CARTESIAN_POINT('',(7.225615757682E-16,-16.5,3.165749109361E-15)
  );
#8678 = DIRECTION('',(9.634154343575E-17,1.,4.220998812482E-16));
#8679 = DIRECTION('',(0.900968867902,9.634154343575E-17,-0.433883739118)
  );
#8680 = ADVANCED_FACE('',(#8681),#8705,.T.);
#8681 = FACE_BOUND('',#8682,.F.);
#8682 = EDGE_LOOP('',(#8683,#8703,#8704));
#8683 = ORIENTED_EDGE('',*,*,#8684,.T.);
#8684 = EDGE_CURVE('',#2438,#5355,#8685,.T.);
#8685 = B_SPLINE_CURVE_WITH_KNOTS('',6,(#8686,#8687,#8688,#8689,#8690,
    #8691,#8692,#8693,#8694,#8695,#8696,#8697,#8698,#8699,#8700,#8701,
    #8702),.UNSPECIFIED.,.F.,.F.,(7,5,5,7),(0.,0.245541347732,
    0.675708691471,1.),.UNSPECIFIED.);
#8686 = CARTESIAN_POINT('',(-8.183106825022,-18.40496635575,
    -20.09847077257));
#8687 = CARTESIAN_POINT('',(-8.196572393595,-18.39636023152,
    -20.10908266418));
#8688 = CARTESIAN_POINT('',(-8.208944028304,-18.38725030821,
    -20.12107781969));
#8689 = CARTESIAN_POINT('',(-8.220044261814,-18.37775220247,
    -20.13431524742));
#8690 = CARTESIAN_POINT('',(-8.229721061213,-18.36799186464,
    -20.14862362573));
#8691 = CARTESIAN_POINT('',(-8.237853143954,-18.35810006775,
    -20.16380909004));
#8692 = CARTESIAN_POINT('',(-8.255746501645,-18.3308749108,
    -20.20743774278));
#8693 = CARTESIAN_POINT('',(-8.262134757463,-18.31353897313,
    -20.2372637755));
#8694 = CARTESIAN_POINT('',(-8.263060989322,-18.29689801848,
    -20.26802118235));
#8695 = CARTESIAN_POINT('',(-8.258395646388,-18.28164762708,
    -20.29845003293));
#8696 = CARTESIAN_POINT('',(-8.248404942617,-18.26838513225,
    -20.32730381093));
#8697 = CARTESIAN_POINT('',(-8.222581137594,-18.24937416822,
    -20.37327061625));
#8698 = CARTESIAN_POINT('',(-8.20879148956,-18.24257951721,
    -20.39152573909));
#8699 = CARTESIAN_POINT('',(-8.192564448504,-18.23734942658,
    -20.40781749894));
#8700 = CARTESIAN_POINT('',(-8.174262173543,-18.23381660738,
    -20.42174578204));
#8701 = CARTESIAN_POINT('',(-8.154327022368,-18.23205080756,
    -20.43299941974));
#8702 = CARTESIAN_POINT('',(-8.133251919308,-18.23205080756,
    -20.44138481652));
#8703 = ORIENTED_EDGE('',*,*,#5354,.F.);
#8704 = ORIENTED_EDGE('',*,*,#2446,.T.);
#8705 = CONICAL_SURFACE('',#8706,25.,1.047197551197);
#8706 = AXIS2_PLACEMENT_3D('',#8707,#8708,#8709);
#8707 = CARTESIAN_POINT('',(7.225615757682E-16,-16.5,3.165749109361E-15)
  );
#8708 = DIRECTION('',(9.634154343575E-17,1.,4.220998812482E-16));
#8709 = DIRECTION('',(0.900968867902,9.634154343575E-17,-0.433883739118)
  );
#8710 = ADVANCED_FACE('',(#8711),#8723,.T.);
#8711 = FACE_BOUND('',#8712,.T.);
#8712 = EDGE_LOOP('',(#8713,#8714,#8715,#8722));
#8713 = ORIENTED_EDGE('',*,*,#2437,.F.);
#8714 = ORIENTED_EDGE('',*,*,#8684,.T.);
#8715 = ORIENTED_EDGE('',*,*,#8716,.T.);
#8716 = EDGE_CURVE('',#5355,#2677,#8717,.T.);
#8717 = ( BOUNDED_CURVE() B_SPLINE_CURVE(2,(#8718,#8719,#8720,#8721),
.UNSPECIFIED.,.F.,.F.) B_SPLINE_CURVE_WITH_KNOTS((3,1,3),(
-2.999333580064,5.767949192431,6.120947683008),.UNSPECIFIED.) CURVE() 
GEOMETRIC_REPRESENTATION_ITEM() RATIONAL_B_SPLINE_CURVE((1.056651799772,
1.056651799772,1.056651799772,1.056651799772)) REPRESENTATION_ITEM('') 
  );
#8718 = CARTESIAN_POINT('',(-8.133251919308,-15.2327172275,
    -20.44138481652));
#8719 = CARTESIAN_POINT('',(-8.133251919308,-19.61635861375,
    -20.44138481652));
#8720 = CARTESIAN_POINT('',(-8.133251919308,-24.17649924528,
    -20.44138481652));
#8721 = CARTESIAN_POINT('',(-8.133251919308,-24.35299849057,
    -20.44138481652));
#8722 = ORIENTED_EDGE('',*,*,#2676,.T.);
#8723 = ( BOUNDED_SURFACE() B_SPLINE_SURFACE(6,2,(
    (#8724,#8725,#8726,#8727)
    ,(#8728,#8729,#8730,#8731)
    ,(#8732,#8733,#8734,#8735)
    ,(#8736,#8737,#8738,#8739)
    ,(#8740,#8741,#8742,#8743)
    ,(#8744,#8745,#8746,#8747)
    ,(#8748,#8749,#8750,#8751
)),.UNSPECIFIED.,.F.,.F.,.F.) B_SPLINE_SURFACE_WITH_KNOTS((7,7),(3,1,3),
  (0.,8.767282772495),(-2.999333580064,5.767949192431,6.120947683008),
.UNSPECIFIED.) GEOMETRIC_REPRESENTATION_ITEM() RATIONAL_B_SPLINE_SURFACE
((
    (1.056651799772,1.056651799772,1.056651799772,1.056651799772)
    ,(1.017452375137,1.017452375137,1.017452375137,1.017452375137)
    ,(0.99632276822,0.99632276822,0.99632276822,0.99632276822)
    ,(0.98937924261,0.98937924261,0.98937924261,0.98937924261)
    ,(0.99632276822,0.99632276822,0.99632276822,0.99632276822)
    ,(1.017452375137,1.017452375137,1.017452375137,1.017452375137)
    ,(1.056651799772,1.056651799772,1.056651799772,1.056651799772
))) REPRESENTATION_ITEM('') SURFACE() );
#8724 = CARTESIAN_POINT('',(-8.183106825022,-15.2327172275,
    -20.09847077257));
#8725 = CARTESIAN_POINT('',(-8.183106825022,-19.61635861375,
    -20.09847077257));
#8726 = CARTESIAN_POINT('',(-8.183106825022,-24.17649924528,
    -20.09847077257));
#8727 = CARTESIAN_POINT('',(-8.183106825022,-24.35299849057,
    -20.09847077257));
#8728 = CARTESIAN_POINT('',(-8.24007997045,-15.2327172275,
    -20.14336994191));
#8729 = CARTESIAN_POINT('',(-8.24007997045,-19.61635861375,
    -20.14336994191));
#8730 = CARTESIAN_POINT('',(-8.24007997045,-24.17649924528,
    -20.14336994191));
#8731 = CARTESIAN_POINT('',(-8.24007997045,-24.35299849057,
    -20.14336994191));
#8732 = CARTESIAN_POINT('',(-8.275080204383,-15.2327172275,
    -20.21047925718));
#8733 = CARTESIAN_POINT('',(-8.275080204383,-19.61635861375,
    -20.21047925718));
#8734 = CARTESIAN_POINT('',(-8.275080204383,-24.17649924528,
    -20.21047925718));
#8735 = CARTESIAN_POINT('',(-8.275080204383,-24.35299849057,
    -20.21047925718));
#8736 = CARTESIAN_POINT('',(-8.280039892934,-15.2327172275,
    -20.28764460982));
#8737 = CARTESIAN_POINT('',(-8.280039892934,-19.61635861375,
    -20.28764460982));
#8738 = CARTESIAN_POINT('',(-8.280039892934,-24.17649924528,
    -20.28764460982));
#8739 = CARTESIAN_POINT('',(-8.280039892934,-24.35299849057,
    -20.28764460982));
#8740 = CARTESIAN_POINT('',(-8.253312452222,-15.2327172275,
    -20.36020309707));
#8741 = CARTESIAN_POINT('',(-8.253312452222,-19.61635861375,
    -20.36020309707));
#8742 = CARTESIAN_POINT('',(-8.253312452222,-24.17649924528,
    -20.36020309707));
#8743 = CARTESIAN_POINT('',(-8.253312452222,-24.35299849057,
    -20.36020309707));
#8744 = CARTESIAN_POINT('',(-8.200651607067,-15.2327172275,
    -20.41456771754));
#8745 = CARTESIAN_POINT('',(-8.200651607067,-19.61635861375,
    -20.41456771754));
#8746 = CARTESIAN_POINT('',(-8.200651607067,-24.17649924528,
    -20.41456771754));
#8747 = CARTESIAN_POINT('',(-8.200651607067,-24.35299849057,
    -20.41456771754));
#8748 = CARTESIAN_POINT('',(-8.133251919308,-15.2327172275,
    -20.44138481652));
#8749 = CARTESIAN_POINT('',(-8.133251919308,-19.61635861375,
    -20.44138481652));
#8750 = CARTESIAN_POINT('',(-8.133251919308,-24.17649924528,
    -20.44138481652));
#8751 = CARTESIAN_POINT('',(-8.133251919308,-24.35299849057,
    -20.44138481652));
#8752 = ADVANCED_FACE('',(#8753),#8784,.F.);
#8753 = FACE_BOUND('',#8754,.F.);
#8754 = EDGE_LOOP('',(#8755,#8756,#8776,#8783));
#8755 = ORIENTED_EDGE('',*,*,#2858,.F.);
#8756 = ORIENTED_EDGE('',*,*,#8757,.T.);
#8757 = EDGE_CURVE('',#2848,#5364,#8758,.T.);
#8758 = B_SPLINE_CURVE_WITH_KNOTS('',6,(#8759,#8760,#8761,#8762,#8763,
    #8764,#8765,#8766,#8767,#8768,#8769,#8770,#8771,#8772,#8773,#8774,
    #8775),.UNSPECIFIED.,.F.,.F.,(7,5,5,7),(0.,0.245541347766,
    0.675708691504,1.),.UNSPECIFIED.);
#8759 = CARTESIAN_POINT('',(-1.347675157286,-18.40496635575,
    -21.65861344537));
#8760 = CARTESIAN_POINT('',(-1.340147426421,-18.39636023152,
    -21.67401692058));
#8761 = CARTESIAN_POINT('',(-1.334205471628,-18.3872503082,
    -21.6901920334));
#8762 = CARTESIAN_POINT('',(-1.329948011449,-18.37775220247,
    -21.7069347545));
#8763 = CARTESIAN_POINT('',(-1.32743768913,-18.36799186463,
    -21.72402476381));
#8764 = CARTESIAN_POINT('',(-1.326699661786,-18.35810006774,
    -21.74123477287));
#8765 = CARTESIAN_POINT('',(-1.32950806655,-18.33087491079,
    -21.78830646767));
#8766 = CARTESIAN_POINT('',(-1.336693477541,-18.31353897313,
    -21.81795055493));
#8767 = CARTESIAN_POINT('',(-1.349204110164,-18.29689801847,
    -21.8460638979));
#8768 = CARTESIAN_POINT('',(-1.366610022375,-18.28164762707,
    -21.87145512852));
#8769 = CARTESIAN_POINT('',(-1.388130520526,-18.26838513224,
    -21.89311668031));
#8770 = CARTESIAN_POINT('',(-1.43134121427,-18.24937416822,
    -21.92332681177));
#8771 = CARTESIAN_POINT('',(-1.451685858802,-18.2425795172,
    -21.93379100508));
#8772 = CARTESIAN_POINT('',(-1.473374647292,-18.23734942658,
    -21.94142872426));
#8773 = CARTESIAN_POINT('',(-1.49590768279,-18.23381660737,
    -21.94603661422));
#8774 = CARTESIAN_POINT('',(-1.518751403777,-18.23205080756,
    -21.9475262535));
#8775 = CARTESIAN_POINT('',(-1.541377702829,-18.23205080756,
    -21.94593709043));
#8776 = ORIENTED_EDGE('',*,*,#8777,.T.);
#8777 = EDGE_CURVE('',#5364,#2700,#8778,.T.);
#8778 = ( BOUNDED_CURVE() B_SPLINE_CURVE(2,(#8779,#8780,#8781,#8782),
.UNSPECIFIED.,.F.,.F.) B_SPLINE_CURVE_WITH_KNOTS((3,1,3),(
-2.999333580064,5.767949192431,6.120947683008),.UNSPECIFIED.) CURVE() 
GEOMETRIC_REPRESENTATION_ITEM() RATIONAL_B_SPLINE_CURVE((1.056651799772,
1.056651799772,1.056651799772,1.056651799772)) REPRESENTATION_ITEM('') 
  );
#8779 = CARTESIAN_POINT('',(-1.541377702829,-15.2327172275,
    -21.94593709043));
#8780 = CARTESIAN_POINT('',(-1.541377702829,-19.61635861375,
    -21.94593709043));
#8781 = CARTESIAN_POINT('',(-1.541377702829,-24.17649924528,
    -21.94593709043));
#8782 = CARTESIAN_POINT('',(-1.541377702829,-24.35299849057,
    -21.94593709043));
#8783 = ORIENTED_EDGE('',*,*,#2708,.T.);
#8784 = ( BOUNDED_SURFACE() B_SPLINE_SURFACE(6,2,(
    (#8785,#8786,#8787,#8788)
    ,(#8789,#8790,#8791,#8792)
    ,(#8793,#8794,#8795,#8796)
    ,(#8797,#8798,#8799,#8800)
    ,(#8801,#8802,#8803,#8804)
    ,(#8805,#8806,#8807,#8808)
    ,(#8809,#8810,#8811,#8812
)),.UNSPECIFIED.,.F.,.F.,.F.) B_SPLINE_SURFACE_WITH_KNOTS((7,7),(3,1,3),
  (0.,8.767282772495),(-2.999333580064,5.767949192431,6.120947683008),
.UNSPECIFIED.) GEOMETRIC_REPRESENTATION_ITEM() RATIONAL_B_SPLINE_SURFACE
((
    (1.056651799772,1.056651799772,1.056651799772,1.056651799772)
    ,(1.017452375137,1.017452375137,1.017452375137,1.017452375137)
    ,(0.99632276822,0.99632276822,0.99632276822,0.99632276822)
    ,(0.98937924261,0.98937924261,0.98937924261,0.98937924261)
    ,(0.99632276822,0.99632276822,0.99632276822,0.99632276822)
    ,(1.017452375137,1.017452375137,1.017452375137,1.017452375137)
    ,(1.056651799772,1.056651799772,1.056651799772,1.056651799772
))) REPRESENTATION_ITEM('') SURFACE() );
#8785 = CARTESIAN_POINT('',(-1.347675157286,-15.2327172275,
    -21.65861344537));
#8786 = CARTESIAN_POINT('',(-1.347675157286,-19.61635861375,
    -21.65861344537));
#8787 = CARTESIAN_POINT('',(-1.347675157286,-24.17649924528,
    -21.65861344537));
#8788 = CARTESIAN_POINT('',(-1.347675157286,-24.35299849057,
    -21.65861344537));
#8789 = CARTESIAN_POINT('',(-1.315825146427,-15.2327172275,
    -21.72378592051));
#8790 = CARTESIAN_POINT('',(-1.315825146427,-19.61635861375,
    -21.72378592051));
#8791 = CARTESIAN_POINT('',(-1.315825146427,-24.17649924528,
    -21.72378592051));
#8792 = CARTESIAN_POINT('',(-1.315825146427,-24.35299849057,
    -21.72378592051));
#8793 = CARTESIAN_POINT('',(-1.313408665922,-15.2327172275,
    -21.79943535668));
#8794 = CARTESIAN_POINT('',(-1.313408665922,-19.61635861375,
    -21.79943535668));
#8795 = CARTESIAN_POINT('',(-1.313408665922,-24.17649924528,
    -21.79943535668));
#8796 = CARTESIAN_POINT('',(-1.313408665922,-24.35299849057,
    -21.79943535668));
#8797 = CARTESIAN_POINT('',(-1.342420932677,-15.2327172275,
    -21.87111086531));
#8798 = CARTESIAN_POINT('',(-1.342420932677,-19.61635861375,
    -21.87111086531));
#8799 = CARTESIAN_POINT('',(-1.342420932677,-24.17649924528,
    -21.87111086531));
#8800 = CARTESIAN_POINT('',(-1.342420932677,-24.35299849057,
    -21.87111086531));
#8801 = CARTESIAN_POINT('',(-1.397983472429,-15.2327172275,
    -21.92488720151));
#8802 = CARTESIAN_POINT('',(-1.397983472429,-19.61635861375,
    -21.92488720151));
#8803 = CARTESIAN_POINT('',(-1.397983472429,-24.17649924528,
    -21.92488720151));
#8804 = CARTESIAN_POINT('',(-1.397983472429,-24.35299849057,
    -21.92488720151));
#8805 = CARTESIAN_POINT('',(-1.469017179276,-15.2327172275,
    -21.95101934766));
#8806 = CARTESIAN_POINT('',(-1.469017179276,-19.61635861375,
    -21.95101934766));
#8807 = CARTESIAN_POINT('',(-1.469017179276,-24.17649924528,
    -21.95101934766));
#8808 = CARTESIAN_POINT('',(-1.469017179276,-24.35299849057,
    -21.95101934766));
#8809 = CARTESIAN_POINT('',(-1.541377702829,-15.2327172275,
    -21.94593709043));
#8810 = CARTESIAN_POINT('',(-1.541377702829,-19.61635861375,
    -21.94593709043));
#8811 = CARTESIAN_POINT('',(-1.541377702829,-24.17649924528,
    -21.94593709043));
#8812 = CARTESIAN_POINT('',(-1.541377702829,-24.35299849057,
    -21.94593709043));
#8813 = ADVANCED_FACE('',(#8814),#8820,.T.);
#8814 = FACE_BOUND('',#8815,.F.);
#8815 = EDGE_LOOP('',(#8816,#8817,#8818,#8819));
#8816 = ORIENTED_EDGE('',*,*,#5363,.F.);
#8817 = ORIENTED_EDGE('',*,*,#8716,.T.);
#8818 = ORIENTED_EDGE('',*,*,#2699,.T.);
#8819 = ORIENTED_EDGE('',*,*,#8777,.F.);
#8820 = CYLINDRICAL_SURFACE('',#8821,22.);
#8821 = AXIS2_PLACEMENT_3D('',#8822,#8823,#8824);
#8822 = CARTESIAN_POINT('',(6.661338147751E-15,-4.,-4.440892098501E-15)
  );
#8823 = DIRECTION('',(-3.330669073875E-16,-1.,2.22044604925E-16));
#8824 = DIRECTION('',(-3.229739708E-16,2.22044604925E-16,1.));
#8825 = ADVANCED_FACE('',(#8826),#8882,.T.);
#8826 = FACE_BOUND('',#8827,.T.);
#8827 = EDGE_LOOP('',(#8828,#8829,#8830,#8852,#8861,#8881));
#8828 = ORIENTED_EDGE('',*,*,#5833,.T.);
#8829 = ORIENTED_EDGE('',*,*,#3210,.T.);
#8830 = ORIENTED_EDGE('',*,*,#8831,.F.);
#8831 = EDGE_CURVE('',#8832,#3211,#8834,.T.);
#8832 = VERTEX_POINT('',#8833);
#8833 = CARTESIAN_POINT('',(8.133251919308,-4.4,-20.44138481652));
#8834 = B_SPLINE_CURVE_WITH_KNOTS('',6,(#8835,#8836,#8837,#8838,#8839,
    #8840,#8841,#8842,#8843,#8844,#8845,#8846,#8847,#8848,#8849,#8850,
    #8851),.UNSPECIFIED.,.F.,.F.,(7,5,5,7),(0.,0.316956850957,
    0.754284106139,1.),.UNSPECIFIED.);
#8835 = CARTESIAN_POINT('',(8.133251919308,-4.4,-20.44138481652));
#8836 = CARTESIAN_POINT('',(8.153878533975,-4.4,-20.43317786504));
#8837 = CARTESIAN_POINT('',(8.1734133528,-4.397070317437,-20.42222336946
    ));
#8838 = CARTESIAN_POINT('',(8.191391735483,-4.391208924155,
    -20.40870378911));
#8839 = CARTESIAN_POINT('',(8.207397246633,-4.382528879529,
    -20.39291122494));
#8840 = CARTESIAN_POINT('',(8.221088404776,-4.371244413352,
    -20.37522007362));
#8841 = CARTESIAN_POINT('',(8.247591956063,-4.338909528259,
    -20.32962276551));
#8842 = CARTESIAN_POINT('',(8.258095545957,-4.315777243665,
    -20.30038830614));
#8843 = CARTESIAN_POINT('',(8.263103124104,-4.289046259301,
    -20.26947841725));
#8844 = CARTESIAN_POINT('',(8.262334309614,-4.259802772441,
    -20.23820243909));
#8845 = CARTESIAN_POINT('',(8.255925737923,-4.229304042859,
    -20.20787483154));
#8846 = CARTESIAN_POINT('',(8.237854439819,-4.181679658794,
    -20.16381221364));
#8847 = CARTESIAN_POINT('',(8.229724208278,-4.164549816937,
    -20.14862950762));
#8848 = CARTESIAN_POINT('',(8.220049446708,-4.147646440067,
    -20.13432248232));
#8849 = CARTESIAN_POINT('',(8.208950257916,-4.131194989745,
    -20.12108436003));
#8850 = CARTESIAN_POINT('',(8.196577266544,-4.115413123856,
    -20.10908650443));
#8851 = CARTESIAN_POINT('',(8.183106825022,-4.100501485124,
    -20.09847077257));
#8852 = ORIENTED_EDGE('',*,*,#8853,.F.);
#8853 = EDGE_CURVE('',#8854,#8832,#8856,.T.);
#8854 = VERTEX_POINT('',#8855);
#8855 = CARTESIAN_POINT('',(1.541377702829,-4.4,-21.94593709043));
#8856 = CIRCLE('',#8857,22.);
#8857 = AXIS2_PLACEMENT_3D('',#8858,#8859,#8860);
#8858 = CARTESIAN_POINT('',(6.528111384796E-15,-4.4,-6.528111384796E-15)
  );
#8859 = DIRECTION('',(-3.330669073875E-16,-1.,3.330669073875E-16));
#8860 = DIRECTION('',(-2.3415612883E-16,3.330669073875E-16,1.));
#8861 = ORIENTED_EDGE('',*,*,#8862,.T.);
#8862 = EDGE_CURVE('',#8854,#2976,#8863,.T.);
#8863 = B_SPLINE_CURVE_WITH_KNOTS('',6,(#8864,#8865,#8866,#8867,#8868,
    #8869,#8870,#8871,#8872,#8873,#8874,#8875,#8876,#8877,#8878,#8879,
    #8880),.UNSPECIFIED.,.F.,.F.,(7,5,5,7),(0.,0.316956850917,
    0.754284106099,1.),.UNSPECIFIED.);
#8864 = CARTESIAN_POINT('',(1.541377702829,-4.4,-21.94593709043));
#8865 = CARTESIAN_POINT('',(1.519232902372,-4.4,-21.94749243534));
#8866 = CARTESIAN_POINT('',(1.496879661274,-4.397070317438,
    -21.9460986161));
#8867 = CARTESIAN_POINT('',(1.47481577211,-4.391208924157,-21.941718423)
  );
#8868 = CARTESIAN_POINT('',(1.45354316806,-4.382528879533,
    -21.93443434537));
#8869 = CARTESIAN_POINT('',(1.433531957922,-4.371244413359,
    -21.92443553968));
#8870 = CARTESIAN_POINT('',(1.389869152787,-4.338909528272,
    -21.89485324455));
#8871 = CARTESIAN_POINT('',(1.367721388748,-4.315777243679,
    -21.87307124365));
#8872 = CARTESIAN_POINT('',(1.349798418566,-4.289046259317,
    -21.84739510278));
#8873 = CARTESIAN_POINT('',(1.336920958135,-4.259802772457,
    -21.81888284404));
#8874 = CARTESIAN_POINT('',(1.329536225949,-4.229304042876,
    -21.78877803875));
#8875 = CARTESIAN_POINT('',(1.326699849532,-4.181679658808,
    -21.74123814939));
#8876 = CARTESIAN_POINT('',(1.327437405778,-4.164549816948,
    -21.72403142867));
#8877 = CARTESIAN_POINT('',(1.329946479126,-4.147646440075,
    -21.70694352256));
#8878 = CARTESIAN_POINT('',(1.334202696686,-4.13119498975,
    -21.69020062896));
#8879 = CARTESIAN_POINT('',(1.340144702269,-4.115413123858,
    -21.67402249483));
#8880 = CARTESIAN_POINT('',(1.347675157286,-4.100501485124,
    -21.65861344537));
#8881 = ORIENTED_EDGE('',*,*,#2984,.T.);
#8882 = CONICAL_SURFACE('',#8883,21.6,0.785398163397);
#8883 = AXIS2_PLACEMENT_3D('',#8884,#8885,#8886);
#8884 = CARTESIAN_POINT('',(6.661338147751E-15,-4.,-6.661338147751E-15)
  );
#8885 = DIRECTION('',(-3.330669073875E-16,-1.,3.330669073875E-16));
#8886 = DIRECTION('',(-2.302684791815E-16,3.330669073875E-16,1.));
#8887 = ADVANCED_FACE('',(#8888),#8919,.T.);
#8888 = FACE_BOUND('',#8889,.T.);
#8889 = EDGE_LOOP('',(#8890,#8891,#8892,#8899));
#8890 = ORIENTED_EDGE('',*,*,#2975,.F.);
#8891 = ORIENTED_EDGE('',*,*,#8862,.F.);
#8892 = ORIENTED_EDGE('',*,*,#8893,.T.);
#8893 = EDGE_CURVE('',#8854,#6370,#8894,.T.);
#8894 = ( BOUNDED_CURVE() B_SPLINE_CURVE(2,(#8895,#8896,#8897,#8898),
.UNSPECIFIED.,.F.,.F.) B_SPLINE_CURVE_WITH_KNOTS((3,1,3),(
    -0.352998490577,6.168843056153E-14,8.767282772495),.UNSPECIFIED.) 
CURVE() GEOMETRIC_REPRESENTATION_ITEM() RATIONAL_B_SPLINE_CURVE((
    1.056651799772,1.056651799772,1.056651799772,1.056651799772)) 
REPRESENTATION_ITEM('') );
#8895 = CARTESIAN_POINT('',(1.541377702829,-3.647001509423,
    -21.94593709043));
#8896 = CARTESIAN_POINT('',(1.541377702829,-3.823500754712,
    -21.94593709043));
#8897 = CARTESIAN_POINT('',(1.541377702829,-8.383641386248,
    -21.94593709043));
#8898 = CARTESIAN_POINT('',(1.541377702829,-12.76728277249,
    -21.94593709043));
#8899 = ORIENTED_EDGE('',*,*,#8900,.F.);
#8900 = EDGE_CURVE('',#2965,#6370,#8901,.T.);
#8901 = B_SPLINE_CURVE_WITH_KNOTS('',6,(#8902,#8903,#8904,#8905,#8906,
    #8907,#8908,#8909,#8910,#8911,#8912,#8913,#8914,#8915,#8916,#8917,
    #8918),.UNSPECIFIED.,.F.,.F.,(7,5,5,7),(0.,0.245541347766,
    0.675708691505,1.),.UNSPECIFIED.);
#8902 = CARTESIAN_POINT('',(1.347675157286,-9.595033644246,
    -21.65861344537));
#8903 = CARTESIAN_POINT('',(1.340147426421,-9.60363976848,
    -21.67401692058));
#8904 = CARTESIAN_POINT('',(1.334205471628,-9.612749691792,
    -21.6901920334));
#8905 = CARTESIAN_POINT('',(1.329948011449,-9.622247797528,
    -21.7069347545));
#8906 = CARTESIAN_POINT('',(1.32743768913,-9.632008135363,
    -21.72402476381));
#8907 = CARTESIAN_POINT('',(1.326699661786,-9.641899932255,
    -21.74123477287));
#8908 = CARTESIAN_POINT('',(1.32950806655,-9.669125089204,
    -21.78830646767));
#8909 = CARTESIAN_POINT('',(1.336693477541,-9.68646102687,
    -21.81795055493));
#8910 = CARTESIAN_POINT('',(1.349204110164,-9.703101981523,
    -21.8460638979));
#8911 = CARTESIAN_POINT('',(1.366610022375,-9.718352372925,
    -21.87145512853));
#8912 = CARTESIAN_POINT('',(1.388130520526,-9.731614867753,
    -21.89311668031));
#8913 = CARTESIAN_POINT('',(1.43134121427,-9.750625831778,
    -21.92332681177));
#8914 = CARTESIAN_POINT('',(1.451685858802,-9.757420482792,
    -21.93379100508));
#8915 = CARTESIAN_POINT('',(1.473374647292,-9.762650573418,
    -21.94142872426));
#8916 = CARTESIAN_POINT('',(1.49590768279,-9.766183392621,
    -21.94603661422));
#8917 = CARTESIAN_POINT('',(1.518751403777,-9.767949192431,
    -21.9475262535));
#8918 = CARTESIAN_POINT('',(1.541377702829,-9.767949192431,
    -21.94593709043));
#8919 = ( BOUNDED_SURFACE() B_SPLINE_SURFACE(6,2,(
    (#8920,#8921,#8922,#8923)
    ,(#8924,#8925,#8926,#8927)
    ,(#8928,#8929,#8930,#8931)
    ,(#8932,#8933,#8934,#8935)
    ,(#8936,#8937,#8938,#8939)
    ,(#8940,#8941,#8942,#8943)
    ,(#8944,#8945,#8946,#8947
)),.UNSPECIFIED.,.F.,.F.,.F.) B_SPLINE_SURFACE_WITH_KNOTS((7,7),(3,1,3),
  (0.,8.767282772495),(-0.352998490577,6.168843056153E-14,8.767282772495
),.UNSPECIFIED.) GEOMETRIC_REPRESENTATION_ITEM() 
RATIONAL_B_SPLINE_SURFACE((
    (1.056651799772,1.056651799772,1.056651799772,1.056651799772)
    ,(1.017452375137,1.017452375137,1.017452375137,1.017452375137)
    ,(0.99632276822,0.99632276822,0.99632276822,0.99632276822)
    ,(0.98937924261,0.98937924261,0.98937924261,0.98937924261)
    ,(0.99632276822,0.99632276822,0.99632276822,0.99632276822)
    ,(1.017452375137,1.017452375137,1.017452375137,1.017452375137)
    ,(1.056651799772,1.056651799772,1.056651799772,1.056651799772
))) REPRESENTATION_ITEM('') SURFACE() );
#8920 = CARTESIAN_POINT('',(1.347675157286,-3.647001509423,
    -21.65861344537));
#8921 = CARTESIAN_POINT('',(1.347675157286,-3.823500754712,
    -21.65861344537));
#8922 = CARTESIAN_POINT('',(1.347675157286,-8.383641386248,
    -21.65861344537));
#8923 = CARTESIAN_POINT('',(1.347675157286,-12.76728277249,
    -21.65861344537));
#8924 = CARTESIAN_POINT('',(1.315825146427,-3.647001509423,
    -21.72378592051));
#8925 = CARTESIAN_POINT('',(1.315825146427,-3.823500754712,
    -21.72378592051));
#8926 = CARTESIAN_POINT('',(1.315825146427,-8.383641386248,
    -21.72378592051));
#8927 = CARTESIAN_POINT('',(1.315825146427,-12.76728277249,
    -21.72378592051));
#8928 = CARTESIAN_POINT('',(1.313408665922,-3.647001509423,
    -21.79943535668));
#8929 = CARTESIAN_POINT('',(1.313408665922,-3.823500754712,
    -21.79943535668));
#8930 = CARTESIAN_POINT('',(1.313408665922,-8.383641386248,
    -21.79943535668));
#8931 = CARTESIAN_POINT('',(1.313408665922,-12.76728277249,
    -21.79943535668));
#8932 = CARTESIAN_POINT('',(1.342420932677,-3.647001509423,
    -21.87111086531));
#8933 = CARTESIAN_POINT('',(1.342420932677,-3.823500754712,
    -21.87111086531));
#8934 = CARTESIAN_POINT('',(1.342420932677,-8.383641386248,
    -21.87111086531));
#8935 = CARTESIAN_POINT('',(1.342420932677,-12.76728277249,
    -21.87111086531));
#8936 = CARTESIAN_POINT('',(1.397983472429,-3.647001509423,
    -21.92488720151));
#8937 = CARTESIAN_POINT('',(1.397983472429,-3.823500754712,
    -21.92488720151));
#8938 = CARTESIAN_POINT('',(1.397983472429,-8.383641386248,
    -21.92488720151));
#8939 = CARTESIAN_POINT('',(1.397983472429,-12.76728277249,
    -21.92488720151));
#8940 = CARTESIAN_POINT('',(1.469017179276,-3.647001509423,
    -21.95101934766));
#8941 = CARTESIAN_POINT('',(1.469017179276,-3.823500754712,
    -21.95101934766));
#8942 = CARTESIAN_POINT('',(1.469017179276,-8.383641386248,
    -21.95101934766));
#8943 = CARTESIAN_POINT('',(1.469017179276,-12.76728277249,
    -21.95101934766));
#8944 = CARTESIAN_POINT('',(1.541377702829,-3.647001509423,
    -21.94593709043));
#8945 = CARTESIAN_POINT('',(1.541377702829,-3.823500754712,
    -21.94593709043));
#8946 = CARTESIAN_POINT('',(1.541377702829,-8.383641386248,
    -21.94593709043));
#8947 = CARTESIAN_POINT('',(1.541377702829,-12.76728277249,
    -21.94593709043));
#8948 = ADVANCED_FACE('',(#8949),#8954,.T.);
#8949 = FACE_BOUND('',#8950,.F.);
#8950 = EDGE_LOOP('',(#8951,#8952,#8953));
#8951 = ORIENTED_EDGE('',*,*,#6378,.T.);
#8952 = ORIENTED_EDGE('',*,*,#8900,.F.);
#8953 = ORIENTED_EDGE('',*,*,#2964,.F.);
#8954 = CONICAL_SURFACE('',#8955,17.,1.047197551197);
#8955 = AXIS2_PLACEMENT_3D('',#8956,#8957,#8958);
#8956 = CARTESIAN_POINT('',(4.655051069622E-31,-6.881197846483,
    7.602275321935E-15));
#8957 = DIRECTION('',(-2.719262146894E-32,-1.,-4.440892098501E-16));
#8958 = DIRECTION('',(1.,2.719262146894E-32,-1.224646799147E-16));
#8959 = ADVANCED_FACE('',(#8960),#8984,.T.);
#8960 = FACE_BOUND('',#8961,.F.);
#8961 = EDGE_LOOP('',(#8962,#8982,#8983));
#8962 = ORIENTED_EDGE('',*,*,#8963,.T.);
#8963 = EDGE_CURVE('',#2890,#6387,#8964,.T.);
#8964 = B_SPLINE_CURVE_WITH_KNOTS('',6,(#8965,#8966,#8967,#8968,#8969,
    #8970,#8971,#8972,#8973,#8974,#8975,#8976,#8977,#8978,#8979,#8980,
    #8981),.UNSPECIFIED.,.F.,.F.,(7,5,5,7),(0.,0.24554134772,
    0.675708691458,1.),.UNSPECIFIED.);
#8965 = CARTESIAN_POINT('',(-1.347675157286,-9.595033644246,
    -21.65861344537));
#8966 = CARTESIAN_POINT('',(-1.340147426423,-9.603639768478,
    -21.67401692058));
#8967 = CARTESIAN_POINT('',(-1.334205471631,-9.612749691788,
    -21.69019203339));
#8968 = CARTESIAN_POINT('',(-1.329948011451,-9.622247797523,
    -21.70693475449));
#8969 = CARTESIAN_POINT('',(-1.327437689132,-9.632008135356,
    -21.72402476379));
#8970 = CARTESIAN_POINT('',(-1.326699661787,-9.641899932245,
    -21.74123477285));
#8971 = CARTESIAN_POINT('',(-1.329508066546,-9.669125089192,
    -21.78830646765));
#8972 = CARTESIAN_POINT('',(-1.336693477534,-9.686461026859,
    -21.81795055491));
#8973 = CARTESIAN_POINT('',(-1.349204110154,-9.703101981512,
    -21.84606389789));
#8974 = CARTESIAN_POINT('',(-1.366610022363,-9.718352372916,
    -21.87145512851));
#8975 = CARTESIAN_POINT('',(-1.388130520512,-9.731614867745,
    -21.89311668029));
#8976 = CARTESIAN_POINT('',(-1.431341214256,-9.750625831773,
    -21.92332681177));
#8977 = CARTESIAN_POINT('',(-1.45168585879,-9.757420482789,
    -21.93379100507));
#8978 = CARTESIAN_POINT('',(-1.473374647283,-9.762650573417,
    -21.94142872426));
#8979 = CARTESIAN_POINT('',(-1.495907682784,-9.76618339262,
    -21.94603661422));
#8980 = CARTESIAN_POINT('',(-1.518751403774,-9.767949192431,
    -21.9475262535));
#8981 = CARTESIAN_POINT('',(-1.541377702829,-9.767949192431,
    -21.94593709043));
#8982 = ORIENTED_EDGE('',*,*,#6386,.T.);
#8983 = ORIENTED_EDGE('',*,*,#2898,.T.);
#8984 = CONICAL_SURFACE('',#8985,17.,1.047197551197);
#8985 = AXIS2_PLACEMENT_3D('',#8986,#8987,#8988);
#8986 = CARTESIAN_POINT('',(4.655051069622E-31,-6.881197846483,
    7.602275321935E-15));
#8987 = DIRECTION('',(-2.719262146894E-32,-1.,-4.440892098501E-16));
#8988 = DIRECTION('',(1.,2.719262146894E-32,-1.224646799147E-16));
#8989 = ADVANCED_FACE('',(#8990),#9002,.F.);
#8990 = FACE_BOUND('',#8991,.F.);
#8991 = EDGE_LOOP('',(#8992,#8993,#8994,#9001));
#8992 = ORIENTED_EDGE('',*,*,#2889,.F.);
#8993 = ORIENTED_EDGE('',*,*,#8470,.F.);
#8994 = ORIENTED_EDGE('',*,*,#8995,.T.);
#8995 = EDGE_CURVE('',#8471,#6387,#8996,.T.);
#8996 = ( BOUNDED_CURVE() B_SPLINE_CURVE(2,(#8997,#8998,#8999,#9000),
.UNSPECIFIED.,.F.,.F.) B_SPLINE_CURVE_WITH_KNOTS((3,1,3),(
    -0.352998490577,6.157075717328E-14,8.767282772495),.UNSPECIFIED.) 
CURVE() GEOMETRIC_REPRESENTATION_ITEM() RATIONAL_B_SPLINE_CURVE((
    1.056651799772,1.056651799772,1.056651799772,1.056651799772)) 
REPRESENTATION_ITEM('') );
#8997 = CARTESIAN_POINT('',(-1.541377702829,-3.647001509423,
    -21.94593709043));
#8998 = CARTESIAN_POINT('',(-1.541377702829,-3.823500754712,
    -21.94593709043));
#8999 = CARTESIAN_POINT('',(-1.541377702829,-8.383641386248,
    -21.94593709043));
#9000 = CARTESIAN_POINT('',(-1.541377702829,-12.76728277249,
    -21.94593709043));
#9001 = ORIENTED_EDGE('',*,*,#8963,.F.);
#9002 = ( BOUNDED_SURFACE() B_SPLINE_SURFACE(6,2,(
    (#9003,#9004,#9005,#9006)
    ,(#9007,#9008,#9009,#9010)
    ,(#9011,#9012,#9013,#9014)
    ,(#9015,#9016,#9017,#9018)
    ,(#9019,#9020,#9021,#9022)
    ,(#9023,#9024,#9025,#9026)
    ,(#9027,#9028,#9029,#9030
)),.UNSPECIFIED.,.F.,.F.,.F.) B_SPLINE_SURFACE_WITH_KNOTS((7,7),(3,1,3),
  (0.,8.767282772495),(-0.352998490577,6.157075717328E-14,8.767282772495
),.UNSPECIFIED.) GEOMETRIC_REPRESENTATION_ITEM() 
RATIONAL_B_SPLINE_SURFACE((
    (1.056651799772,1.056651799772,1.056651799772,1.056651799772)
    ,(1.017452375137,1.017452375137,1.017452375137,1.017452375137)
    ,(0.99632276822,0.99632276822,0.99632276822,0.99632276822)
    ,(0.98937924261,0.98937924261,0.98937924261,0.98937924261)
    ,(0.99632276822,0.99632276822,0.99632276822,0.99632276822)
    ,(1.017452375137,1.017452375137,1.017452375137,1.017452375137)
    ,(1.056651799772,1.056651799772,1.056651799772,1.056651799772
))) REPRESENTATION_ITEM('') SURFACE() );
#9003 = CARTESIAN_POINT('',(-1.347675157286,-3.647001509423,
    -21.65861344537));
#9004 = CARTESIAN_POINT('',(-1.347675157286,-3.823500754712,
    -21.65861344537));
#9005 = CARTESIAN_POINT('',(-1.347675157286,-8.383641386248,
    -21.65861344537));
#9006 = CARTESIAN_POINT('',(-1.347675157286,-12.76728277249,
    -21.65861344537));
#9007 = CARTESIAN_POINT('',(-1.315825146427,-3.647001509423,
    -21.72378592051));
#9008 = CARTESIAN_POINT('',(-1.315825146427,-3.823500754712,
    -21.72378592051));
#9009 = CARTESIAN_POINT('',(-1.315825146427,-8.383641386248,
    -21.72378592051));
#9010 = CARTESIAN_POINT('',(-1.315825146427,-12.76728277249,
    -21.72378592051));
#9011 = CARTESIAN_POINT('',(-1.313408665922,-3.647001509423,
    -21.79943535668));
#9012 = CARTESIAN_POINT('',(-1.313408665922,-3.823500754712,
    -21.79943535668));
#9013 = CARTESIAN_POINT('',(-1.313408665922,-8.383641386248,
    -21.79943535668));
#9014 = CARTESIAN_POINT('',(-1.313408665922,-12.76728277249,
    -21.79943535668));
#9015 = CARTESIAN_POINT('',(-1.342420932677,-3.647001509423,
    -21.87111086531));
#9016 = CARTESIAN_POINT('',(-1.342420932677,-3.823500754712,
    -21.87111086531));
#9017 = CARTESIAN_POINT('',(-1.342420932677,-8.383641386248,
    -21.87111086531));
#9018 = CARTESIAN_POINT('',(-1.342420932677,-12.76728277249,
    -21.87111086531));
#9019 = CARTESIAN_POINT('',(-1.397983472429,-3.647001509423,
    -21.92488720151));
#9020 = CARTESIAN_POINT('',(-1.397983472429,-3.823500754712,
    -21.92488720151));
#9021 = CARTESIAN_POINT('',(-1.397983472429,-8.383641386248,
    -21.92488720151));
#9022 = CARTESIAN_POINT('',(-1.397983472429,-12.76728277249,
    -21.92488720151));
#9023 = CARTESIAN_POINT('',(-1.469017179276,-3.647001509423,
    -21.95101934766));
#9024 = CARTESIAN_POINT('',(-1.469017179276,-3.823500754712,
    -21.95101934766));
#9025 = CARTESIAN_POINT('',(-1.469017179276,-8.383641386248,
    -21.95101934766));
#9026 = CARTESIAN_POINT('',(-1.469017179276,-12.76728277249,
    -21.95101934766));
#9027 = CARTESIAN_POINT('',(-1.541377702829,-3.647001509423,
    -21.94593709043));
#9028 = CARTESIAN_POINT('',(-1.541377702829,-3.823500754712,
    -21.94593709043));
#9029 = CARTESIAN_POINT('',(-1.541377702829,-8.383641386248,
    -21.94593709043));
#9030 = CARTESIAN_POINT('',(-1.541377702829,-12.76728277249,
    -21.94593709043));
#9031 = ADVANCED_FACE('',(#9032),#9037,.T.);
#9032 = FACE_BOUND('',#9033,.F.);
#9033 = EDGE_LOOP('',(#9034,#9035,#9036));
#9034 = ORIENTED_EDGE('',*,*,#5372,.F.);
#9035 = ORIENTED_EDGE('',*,*,#8757,.F.);
#9036 = ORIENTED_EDGE('',*,*,#2847,.F.);
#9037 = CONICAL_SURFACE('',#9038,25.,1.047197551197);
#9038 = AXIS2_PLACEMENT_3D('',#9039,#9040,#9041);
#9039 = CARTESIAN_POINT('',(2.03944661017E-31,-16.5,3.330669073875E-15)
  );
#9040 = DIRECTION('',(2.719262146894E-32,1.,4.440892098501E-16));
#9041 = DIRECTION('',(1.,2.719262146894E-32,-1.224646799147E-16));
#9042 = ADVANCED_FACE('',(#9043),#9067,.T.);
#9043 = FACE_BOUND('',#9044,.F.);
#9044 = EDGE_LOOP('',(#9045,#9065,#9066));
#9045 = ORIENTED_EDGE('',*,*,#9046,.T.);
#9046 = EDGE_CURVE('',#2773,#5381,#9047,.T.);
#9047 = B_SPLINE_CURVE_WITH_KNOTS('',6,(#9048,#9049,#9050,#9051,#9052,
    #9053,#9054,#9055,#9056,#9057,#9058,#9059,#9060,#9061,#9062,#9063,
    #9064),.UNSPECIFIED.,.F.,.F.,(7,5,5,7),(0.,0.245541347732,
    0.675708691471,1.),.UNSPECIFIED.);
#9048 = CARTESIAN_POINT('',(1.347675157286,-18.40496635575,
    -21.65861344537));
#9049 = CARTESIAN_POINT('',(1.340147426422,-18.39636023152,
    -21.67401692058));
#9050 = CARTESIAN_POINT('',(1.33420547163,-18.38725030821,
    -21.69019203339));
#9051 = CARTESIAN_POINT('',(1.329948011451,-18.37775220247,
    -21.70693475449));
#9052 = CARTESIAN_POINT('',(1.327437689131,-18.36799186464,
    -21.7240247638));
#9053 = CARTESIAN_POINT('',(1.326699661787,-18.35810006775,
    -21.74123477286));
#9054 = CARTESIAN_POINT('',(1.329508066547,-18.3308749108,
    -21.78830646766));
#9055 = CARTESIAN_POINT('',(1.336693477536,-18.31353897313,
    -21.81795055492));
#9056 = CARTESIAN_POINT('',(1.349204110157,-18.29689801848,
    -21.84606389789));
#9057 = CARTESIAN_POINT('',(1.366610022366,-18.28164762708,
    -21.87145512851));
#9058 = CARTESIAN_POINT('',(1.388130520516,-18.26838513225,
    -21.8931166803));
#9059 = CARTESIAN_POINT('',(1.43134121426,-18.24937416822,
    -21.92332681177));
#9060 = CARTESIAN_POINT('',(1.451685858793,-18.24257951721,
    -21.93379100508));
#9061 = CARTESIAN_POINT('',(1.473374647285,-18.23734942658,
    -21.94142872426));
#9062 = CARTESIAN_POINT('',(1.495907682785,-18.23381660738,
    -21.94603661422));
#9063 = CARTESIAN_POINT('',(1.518751403775,-18.23205080756,
    -21.9475262535));
#9064 = CARTESIAN_POINT('',(1.541377702829,-18.23205080756,
    -21.94593709043));
#9065 = ORIENTED_EDGE('',*,*,#5380,.F.);
#9066 = ORIENTED_EDGE('',*,*,#2781,.T.);
#9067 = CONICAL_SURFACE('',#9068,25.,1.047197551197);
#9068 = AXIS2_PLACEMENT_3D('',#9069,#9070,#9071);
#9069 = CARTESIAN_POINT('',(2.03944661017E-31,-16.5,3.330669073875E-15)
  );
#9070 = DIRECTION('',(2.719262146894E-32,1.,4.440892098501E-16));
#9071 = DIRECTION('',(1.,2.719262146894E-32,-1.224646799147E-16));
#9072 = ADVANCED_FACE('',(#9073),#9085,.T.);
#9073 = FACE_BOUND('',#9074,.T.);
#9074 = EDGE_LOOP('',(#9075,#9076,#9077,#9084));
#9075 = ORIENTED_EDGE('',*,*,#2772,.F.);
#9076 = ORIENTED_EDGE('',*,*,#9046,.T.);
#9077 = ORIENTED_EDGE('',*,*,#9078,.T.);
#9078 = EDGE_CURVE('',#5381,#3012,#9079,.T.);
#9079 = ( BOUNDED_CURVE() B_SPLINE_CURVE(2,(#9080,#9081,#9082,#9083),
.UNSPECIFIED.,.F.,.F.) B_SPLINE_CURVE_WITH_KNOTS((3,1,3),(
-2.999333580064,5.767949192431,6.120947683008),.UNSPECIFIED.) CURVE() 
GEOMETRIC_REPRESENTATION_ITEM() RATIONAL_B_SPLINE_CURVE((1.056651799772,
1.056651799772,1.056651799772,1.056651799772)) REPRESENTATION_ITEM('') 
  );
#9080 = CARTESIAN_POINT('',(1.541377702829,-15.2327172275,
    -21.94593709043));
#9081 = CARTESIAN_POINT('',(1.541377702829,-19.61635861375,
    -21.94593709043));
#9082 = CARTESIAN_POINT('',(1.541377702829,-24.17649924528,
    -21.94593709043));
#9083 = CARTESIAN_POINT('',(1.541377702829,-24.35299849057,
    -21.94593709043));
#9084 = ORIENTED_EDGE('',*,*,#3056,.T.);
#9085 = ( BOUNDED_SURFACE() B_SPLINE_SURFACE(6,2,(
    (#9086,#9087,#9088,#9089)
    ,(#9090,#9091,#9092,#9093)
    ,(#9094,#9095,#9096,#9097)
    ,(#9098,#9099,#9100,#9101)
    ,(#9102,#9103,#9104,#9105)
    ,(#9106,#9107,#9108,#9109)
    ,(#9110,#9111,#9112,#9113
)),.UNSPECIFIED.,.F.,.F.,.F.) B_SPLINE_SURFACE_WITH_KNOTS((7,7),(3,1,3),
  (0.,8.767282772495),(-2.999333580064,5.767949192431,6.120947683008),
.UNSPECIFIED.) GEOMETRIC_REPRESENTATION_ITEM() RATIONAL_B_SPLINE_SURFACE
((
    (1.056651799772,1.056651799772,1.056651799772,1.056651799772)
    ,(1.017452375137,1.017452375137,1.017452375137,1.017452375137)
    ,(0.99632276822,0.99632276822,0.99632276822,0.99632276822)
    ,(0.98937924261,0.98937924261,0.98937924261,0.98937924261)
    ,(0.99632276822,0.99632276822,0.99632276822,0.99632276822)
    ,(1.017452375137,1.017452375137,1.017452375137,1.017452375137)
    ,(1.056651799772,1.056651799772,1.056651799772,1.056651799772
))) REPRESENTATION_ITEM('') SURFACE() );
#9086 = CARTESIAN_POINT('',(1.347675157286,-15.2327172275,
    -21.65861344537));
#9087 = CARTESIAN_POINT('',(1.347675157286,-19.61635861375,
    -21.65861344537));
#9088 = CARTESIAN_POINT('',(1.347675157286,-24.17649924528,
    -21.65861344537));
#9089 = CARTESIAN_POINT('',(1.347675157286,-24.35299849057,
    -21.65861344537));
#9090 = CARTESIAN_POINT('',(1.315825146427,-15.2327172275,
    -21.72378592051));
#9091 = CARTESIAN_POINT('',(1.315825146427,-19.61635861375,
    -21.72378592051));
#9092 = CARTESIAN_POINT('',(1.315825146427,-24.17649924528,
    -21.72378592051));
#9093 = CARTESIAN_POINT('',(1.315825146427,-24.35299849057,
    -21.72378592051));
#9094 = CARTESIAN_POINT('',(1.313408665922,-15.2327172275,
    -21.79943535668));
#9095 = CARTESIAN_POINT('',(1.313408665922,-19.61635861375,
    -21.79943535668));
#9096 = CARTESIAN_POINT('',(1.313408665922,-24.17649924528,
    -21.79943535668));
#9097 = CARTESIAN_POINT('',(1.313408665922,-24.35299849057,
    -21.79943535668));
#9098 = CARTESIAN_POINT('',(1.342420932677,-15.2327172275,
    -21.87111086531));
#9099 = CARTESIAN_POINT('',(1.342420932677,-19.61635861375,
    -21.87111086531));
#9100 = CARTESIAN_POINT('',(1.342420932677,-24.17649924528,
    -21.87111086531));
#9101 = CARTESIAN_POINT('',(1.342420932677,-24.35299849057,
    -21.87111086531));
#9102 = CARTESIAN_POINT('',(1.397983472429,-15.2327172275,
    -21.92488720151));
#9103 = CARTESIAN_POINT('',(1.397983472429,-19.61635861375,
    -21.92488720151));
#9104 = CARTESIAN_POINT('',(1.397983472429,-24.17649924528,
    -21.92488720151));
#9105 = CARTESIAN_POINT('',(1.397983472429,-24.35299849057,
    -21.92488720151));
#9106 = CARTESIAN_POINT('',(1.469017179276,-15.2327172275,
    -21.95101934766));
#9107 = CARTESIAN_POINT('',(1.469017179276,-19.61635861375,
    -21.95101934766));
#9108 = CARTESIAN_POINT('',(1.469017179276,-24.17649924528,
    -21.95101934766));
#9109 = CARTESIAN_POINT('',(1.469017179276,-24.35299849057,
    -21.95101934766));
#9110 = CARTESIAN_POINT('',(1.541377702829,-15.2327172275,
    -21.94593709043));
#9111 = CARTESIAN_POINT('',(1.541377702829,-19.61635861375,
    -21.94593709043));
#9112 = CARTESIAN_POINT('',(1.541377702829,-24.17649924528,
    -21.94593709043));
#9113 = CARTESIAN_POINT('',(1.541377702829,-24.35299849057,
    -21.94593709043));
#9114 = ADVANCED_FACE('',(#9115),#9127,.T.);
#9115 = FACE_BOUND('',#9116,.F.);
#9116 = EDGE_LOOP('',(#9117,#9118,#9119,#9120));
#9117 = ORIENTED_EDGE('',*,*,#5389,.F.);
#9118 = ORIENTED_EDGE('',*,*,#9078,.T.);
#9119 = ORIENTED_EDGE('',*,*,#3011,.T.);
#9120 = ORIENTED_EDGE('',*,*,#9121,.F.);
#9121 = EDGE_CURVE('',#5390,#3014,#9122,.T.);
#9122 = ( BOUNDED_CURVE() B_SPLINE_CURVE(2,(#9123,#9124,#9125,#9126),
.UNSPECIFIED.,.F.,.F.) B_SPLINE_CURVE_WITH_KNOTS((3,1,3),(
-2.999333580064,5.767949192431,6.120947683008),.UNSPECIFIED.) CURVE() 
GEOMETRIC_REPRESENTATION_ITEM() RATIONAL_B_SPLINE_CURVE((1.056651799772,
1.056651799772,1.056651799772,1.056651799772)) REPRESENTATION_ITEM('') 
  );
#9123 = CARTESIAN_POINT('',(8.133251919308,-15.2327172275,
    -20.44138481652));
#9124 = CARTESIAN_POINT('',(8.133251919308,-19.61635861375,
    -20.44138481652));
#9125 = CARTESIAN_POINT('',(8.133251919308,-24.17649924528,
    -20.44138481652));
#9126 = CARTESIAN_POINT('',(8.133251919308,-24.35299849057,
    -20.44138481652));
#9127 = CYLINDRICAL_SURFACE('',#9128,22.);
#9128 = AXIS2_PLACEMENT_3D('',#9129,#9130,#9131);
#9129 = CARTESIAN_POINT('',(6.661338147751E-15,-4.,-4.440892098501E-15)
  );
#9130 = DIRECTION('',(-3.330669073875E-16,-1.,2.22044604925E-16));
#9131 = DIRECTION('',(-3.229739708E-16,2.22044604925E-16,1.));
#9132 = ADVANCED_FACE('',(#9133),#9158,.F.);
#9133 = FACE_BOUND('',#9134,.F.);
#9134 = EDGE_LOOP('',(#9135,#9136,#9156,#9157));
#9135 = ORIENTED_EDGE('',*,*,#3191,.F.);
#9136 = ORIENTED_EDGE('',*,*,#9137,.T.);
#9137 = EDGE_CURVE('',#3181,#5390,#9138,.T.);
#9138 = B_SPLINE_CURVE_WITH_KNOTS('',6,(#9139,#9140,#9141,#9142,#9143,
    #9144,#9145,#9146,#9147,#9148,#9149,#9150,#9151,#9152,#9153,#9154,
    #9155),.UNSPECIFIED.,.F.,.F.,(7,5,5,7),(0.,0.245541347766,
    0.675708691504,1.),.UNSPECIFIED.);
#9139 = CARTESIAN_POINT('',(8.183106825022,-18.40496635575,
    -20.09847077257));
#9140 = CARTESIAN_POINT('',(8.196572393596,-18.39636023152,
    -20.10908266418));
#9141 = CARTESIAN_POINT('',(8.208944028307,-18.3872503082,-20.1210778197
    ));
#9142 = CARTESIAN_POINT('',(8.220044261819,-18.37775220247,
    -20.13431524743));
#9143 = CARTESIAN_POINT('',(8.229721061219,-18.36799186463,
    -20.14862362574));
#9144 = CARTESIAN_POINT('',(8.23785314396,-18.35810006774,
    -20.16380909005));
#9145 = CARTESIAN_POINT('',(8.255746501649,-18.33087491079,
    -20.20743774279));
#9146 = CARTESIAN_POINT('',(8.262134757464,-18.31353897313,
    -20.23726377552));
#9147 = CARTESIAN_POINT('',(8.263060989321,-18.29689801847,
    -20.26802118237));
#9148 = CARTESIAN_POINT('',(8.258395646385,-18.28164762707,
    -20.29845003295));
#9149 = CARTESIAN_POINT('',(8.248404942612,-18.26838513224,
    -20.32730381094));
#9150 = CARTESIAN_POINT('',(8.222581137587,-18.24937416822,
    -20.37327061626));
#9151 = CARTESIAN_POINT('',(8.208791489553,-18.2425795172,
    -20.39152573909));
#9152 = CARTESIAN_POINT('',(8.192564448499,-18.23734942658,
    -20.40781749895));
#9153 = CARTESIAN_POINT('',(8.174262173539,-18.23381660737,
    -20.42174578204));
#9154 = CARTESIAN_POINT('',(8.154327022366,-18.23205080756,
    -20.43299941974));
#9155 = CARTESIAN_POINT('',(8.133251919308,-18.23205080756,
    -20.44138481652));
#9156 = ORIENTED_EDGE('',*,*,#9121,.T.);
#9157 = ORIENTED_EDGE('',*,*,#3022,.T.);
#9158 = ( BOUNDED_SURFACE() B_SPLINE_SURFACE(6,2,(
    (#9159,#9160,#9161,#9162)
    ,(#9163,#9164,#9165,#9166)
    ,(#9167,#9168,#9169,#9170)
    ,(#9171,#9172,#9173,#9174)
    ,(#9175,#9176,#9177,#9178)
    ,(#9179,#9180,#9181,#9182)
    ,(#9183,#9184,#9185,#9186
)),.UNSPECIFIED.,.F.,.F.,.F.) B_SPLINE_SURFACE_WITH_KNOTS((7,7),(3,1,3),
  (0.,8.767282772495),(-2.999333580064,5.767949192431,6.120947683008),
.UNSPECIFIED.) GEOMETRIC_REPRESENTATION_ITEM() RATIONAL_B_SPLINE_SURFACE
((
    (1.056651799772,1.056651799772,1.056651799772,1.056651799772)
    ,(1.017452375137,1.017452375137,1.017452375137,1.017452375137)
    ,(0.99632276822,0.99632276822,0.99632276822,0.99632276822)
    ,(0.98937924261,0.98937924261,0.98937924261,0.98937924261)
    ,(0.99632276822,0.99632276822,0.99632276822,0.99632276822)
    ,(1.017452375137,1.017452375137,1.017452375137,1.017452375137)
    ,(1.056651799772,1.056651799772,1.056651799772,1.056651799772
))) REPRESENTATION_ITEM('') SURFACE() );
#9159 = CARTESIAN_POINT('',(8.183106825022,-15.2327172275,
    -20.09847077257));
#9160 = CARTESIAN_POINT('',(8.183106825022,-19.61635861375,
    -20.09847077257));
#9161 = CARTESIAN_POINT('',(8.183106825022,-24.17649924528,
    -20.09847077257));
#9162 = CARTESIAN_POINT('',(8.183106825022,-24.35299849057,
    -20.09847077257));
#9163 = CARTESIAN_POINT('',(8.24007997045,-15.2327172275,-20.14336994191
    ));
#9164 = CARTESIAN_POINT('',(8.24007997045,-19.61635861375,
    -20.14336994191));
#9165 = CARTESIAN_POINT('',(8.24007997045,-24.17649924528,
    -20.14336994191));
#9166 = CARTESIAN_POINT('',(8.24007997045,-24.35299849057,
    -20.14336994191));
#9167 = CARTESIAN_POINT('',(8.275080204383,-15.2327172275,
    -20.21047925718));
#9168 = CARTESIAN_POINT('',(8.275080204383,-19.61635861375,
    -20.21047925718));
#9169 = CARTESIAN_POINT('',(8.275080204383,-24.17649924528,
    -20.21047925718));
#9170 = CARTESIAN_POINT('',(8.275080204383,-24.35299849057,
    -20.21047925718));
#9171 = CARTESIAN_POINT('',(8.280039892934,-15.2327172275,
    -20.28764460982));
#9172 = CARTESIAN_POINT('',(8.280039892934,-19.61635861375,
    -20.28764460982));
#9173 = CARTESIAN_POINT('',(8.280039892934,-24.17649924528,
    -20.28764460982));
#9174 = CARTESIAN_POINT('',(8.280039892934,-24.35299849057,
    -20.28764460982));
#9175 = CARTESIAN_POINT('',(8.253312452222,-15.2327172275,
    -20.36020309707));
#9176 = CARTESIAN_POINT('',(8.253312452222,-19.61635861375,
    -20.36020309707));
#9177 = CARTESIAN_POINT('',(8.253312452222,-24.17649924528,
    -20.36020309707));
#9178 = CARTESIAN_POINT('',(8.253312452222,-24.35299849057,
    -20.36020309707));
#9179 = CARTESIAN_POINT('',(8.200651607067,-15.2327172275,
    -20.41456771754));
#9180 = CARTESIAN_POINT('',(8.200651607067,-19.61635861375,
    -20.41456771754));
#9181 = CARTESIAN_POINT('',(8.200651607067,-24.17649924528,
    -20.41456771754));
#9182 = CARTESIAN_POINT('',(8.200651607067,-24.35299849057,
    -20.41456771754));
#9183 = CARTESIAN_POINT('',(8.133251919308,-15.2327172275,
    -20.44138481652));
#9184 = CARTESIAN_POINT('',(8.133251919308,-19.61635861375,
    -20.44138481652));
#9185 = CARTESIAN_POINT('',(8.133251919308,-24.17649924528,
    -20.44138481652));
#9186 = CARTESIAN_POINT('',(8.133251919308,-24.35299849057,
    -20.44138481652));
#9187 = ADVANCED_FACE('',(#9188),#9244,.T.);
#9188 = FACE_BOUND('',#9189,.T.);
#9189 = EDGE_LOOP('',(#9190,#9191,#9192,#9214,#9223,#9243));
#9190 = ORIENTED_EDGE('',*,*,#5842,.T.);
#9191 = ORIENTED_EDGE('',*,*,#3543,.T.);
#9192 = ORIENTED_EDGE('',*,*,#9193,.F.);
#9193 = EDGE_CURVE('',#9194,#3544,#9196,.T.);
#9194 = VERTEX_POINT('',#9195);
#9195 = CARTESIAN_POINT('',(16.196991251037,-4.4,-14.88816558256));
#9196 = B_SPLINE_CURVE_WITH_KNOTS('',6,(#9197,#9198,#9199,#9200,#9201,
    #9202,#9203,#9204,#9205,#9206,#9207,#9208,#9209,#9210,#9211,#9212,
    #9213),.UNSPECIFIED.,.F.,.F.,(7,5,5,7),(0.,0.316956850941,
    0.754284106122,1.),.UNSPECIFIED.);
#9197 = CARTESIAN_POINT('',(16.196991251037,-4.4,-14.88816558256));
#9198 = CARTESIAN_POINT('',(16.212014325907,-4.4,-14.87182182208));
#9199 = CARTESIAN_POINT('',(16.224861612009,-4.397070317437,
    -14.85347632237));
#9200 = CARTESIAN_POINT('',(16.235193649028,-4.391208924156,
    -14.83349507347));
#9201 = CARTESIAN_POINT('',(16.242761979496,-4.382528879531,
    -14.81232193378));
#9202 = CARTESIAN_POINT('',(16.247421383862,-4.371244413355,
    -14.79044238631));
#9203 = CARTESIAN_POINT('',(16.251516327925,-4.338909528265,
    -14.73786117132));
#9204 = CARTESIAN_POINT('',(16.248295378881,-4.315777243671,
    -14.7069644967));
#9205 = CARTESIAN_POINT('',(16.23939575273,-4.289046259308,
    -14.67694294237));
#9206 = CARTESIAN_POINT('',(16.225132936461,-4.259802772447,
    -14.64909783584));
#9207 = CARTESIAN_POINT('',(16.206200357116,-4.229304042866,
    -14.62455418064));
#9208 = CARTESIAN_POINT('',(16.170800626715,-4.1816796588,
    -14.59269597607));
#9209 = CARTESIAN_POINT('',(16.156888011947,-4.164549816942,
    -14.58254440587));
#9210 = CARTESIAN_POINT('',(16.141963767336,-4.14764644007,
    -14.57385194321));
#9211 = CARTESIAN_POINT('',(16.126219937774,-4.131194989747,
    -14.56674056469));
#9212 = CARTESIAN_POINT('',(16.109866583297,-4.115413123857,
    -14.56129931008));
#9213 = CARTESIAN_POINT('',(16.093124141416,-4.100501485124,
    -14.5575794717));
#9214 = ORIENTED_EDGE('',*,*,#9215,.F.);
#9215 = EDGE_CURVE('',#9216,#9194,#9218,.T.);
#9216 = VERTEX_POINT('',#9217);
#9217 = CARTESIAN_POINT('',(10.910718567164,-4.4,-19.10382737432));
#9218 = CIRCLE('',#9219,22.);
#9219 = AXIS2_PLACEMENT_3D('',#9220,#9221,#9222);
#9220 = CARTESIAN_POINT('',(6.528111384796E-15,-4.4,-6.528111384796E-15)
  );
#9221 = DIRECTION('',(-3.330669073875E-16,-1.,3.330669073875E-16));
#9222 = DIRECTION('',(-2.3415612883E-16,3.330669073875E-16,1.));
#9223 = ORIENTED_EDGE('',*,*,#9224,.T.);
#9224 = EDGE_CURVE('',#9216,#3309,#9225,.T.);
#9225 = B_SPLINE_CURVE_WITH_KNOTS('',6,(#9226,#9227,#9228,#9229,#9230,
    #9231,#9232,#9233,#9234,#9235,#9236,#9237,#9238,#9239,#9240,#9241,
    #9242),.UNSPECIFIED.,.F.,.F.,(7,5,5,7),(0.,0.3169568509,
    0.754284106082,1.),.UNSPECIFIED.);
#9226 = CARTESIAN_POINT('',(10.910718567164,-4.4,-19.10382737432));
#9227 = CARTESIAN_POINT('',(10.891441630235,-4.4,-19.1148369605));
#9228 = CARTESIAN_POINT('',(10.870697300406,-4.397070317438,
    -19.12327988058));
#9229 = CARTESIAN_POINT('',(10.848917928606,-4.391208924158,
    -19.12890662569));
#9230 = CARTESIAN_POINT('',(10.826591531778,-4.382528879535,
    -19.1315737355));
#9231 = CARTESIAN_POINT('',(10.804223735235,-4.371244413362,
    -19.13124766153));
#9232 = CARTESIAN_POINT('',(10.752049630302,-4.338909528277,
    -19.12353951573));
#9233 = CARTESIAN_POINT('',(10.722644328412,-4.315777243685,
    -19.11352416572));
#9234 = CARTESIAN_POINT('',(10.695355830253,-4.289046259323,
    -19.09816724747));
#9235 = CARTESIAN_POINT('',(10.671382633873,-4.259802772464,
    -19.07806591067));
#9236 = CARTESIAN_POINT('',(10.651667234589,-4.229304042883,
    -19.05414653354));
#9237 = CARTESIAN_POINT('',(10.628484962787,-4.181679658814,
    -19.01254523086));
#9238 = CARTESIAN_POINT('',(10.621683761677,-4.164549816953,
    -18.9967224975));
#9239 = CARTESIAN_POINT('',(10.616530194052,-4.147646440078,
    -18.98023817995));
#9240 = CARTESIAN_POINT('',(10.613100444291,-4.131194989752,
    -18.96330665047));
#9241 = CARTESIAN_POINT('',(10.611434577004,-4.115413123859,
    -18.94615251568));
#9242 = CARTESIAN_POINT('',(10.611533546543,-4.100501485124,
    -18.92900209985));
#9243 = ORIENTED_EDGE('',*,*,#3317,.T.);
#9244 = CONICAL_SURFACE('',#9245,21.6,0.785398163397);
#9245 = AXIS2_PLACEMENT_3D('',#9246,#9247,#9248);
#9246 = CARTESIAN_POINT('',(6.661338147751E-15,-4.,-6.661338147751E-15)
  );
#9247 = DIRECTION('',(-3.330669073875E-16,-1.,3.330669073875E-16));
#9248 = DIRECTION('',(-2.302684791815E-16,3.330669073875E-16,1.));
#9249 = ADVANCED_FACE('',(#9250),#9281,.T.);
#9250 = FACE_BOUND('',#9251,.T.);
#9251 = EDGE_LOOP('',(#9252,#9253,#9254,#9261));
#9252 = ORIENTED_EDGE('',*,*,#3308,.F.);
#9253 = ORIENTED_EDGE('',*,*,#9224,.F.);
#9254 = ORIENTED_EDGE('',*,*,#9255,.T.);
#9255 = EDGE_CURVE('',#9216,#6344,#9256,.T.);
#9256 = ( BOUNDED_CURVE() B_SPLINE_CURVE(2,(#9257,#9258,#9259,#9260),
.UNSPECIFIED.,.F.,.F.) B_SPLINE_CURVE_WITH_KNOTS((3,1,3),(
    -0.352998490577,6.168843056153E-14,8.767282772495),.UNSPECIFIED.) 
CURVE() GEOMETRIC_REPRESENTATION_ITEM() RATIONAL_B_SPLINE_CURVE((
    1.056651799772,1.056651799772,1.056651799772,1.056651799772)) 
REPRESENTATION_ITEM('') );
#9257 = CARTESIAN_POINT('',(10.910718567164,-3.647001509423,
    -19.10382737432));
#9258 = CARTESIAN_POINT('',(10.910718567164,-3.823500754712,
    -19.10382737432));
#9259 = CARTESIAN_POINT('',(10.910718567164,-8.383641386248,
    -19.10382737432));
#9260 = CARTESIAN_POINT('',(10.910718567164,-12.76728277249,
    -19.10382737432));
#9261 = ORIENTED_EDGE('',*,*,#9262,.F.);
#9262 = EDGE_CURVE('',#3298,#6344,#9263,.T.);
#9263 = B_SPLINE_CURVE_WITH_KNOTS('',6,(#9264,#9265,#9266,#9267,#9268,
    #9269,#9270,#9271,#9272,#9273,#9274,#9275,#9276,#9277,#9278,#9279,
    #9280),.UNSPECIFIED.,.F.,.F.,(7,5,5,7),(0.,0.245541347766,
    0.675708691505,1.),.UNSPECIFIED.);
#9264 = CARTESIAN_POINT('',(10.611533546543,-9.595033644246,
    -18.92900209985));
#9265 = CARTESIAN_POINT('',(10.611434612806,-9.60363976848,
    -18.94614631149));
#9266 = CARTESIAN_POINT('',(10.613099214952,-9.612749691792,
    -18.96329770213));
#9267 = CARTESIAN_POINT('',(10.616527770307,-9.622247797528,
    -18.98022961535));
#9268 = CARTESIAN_POINT('',(10.621681125191,-9.632008135363,
    -18.99671636973));
#9269 = CARTESIAN_POINT('',(10.628483328612,-9.641899932255,
    -19.01254227017));
#9270 = CARTESIAN_POINT('',(10.651437256822,-9.669125089204,
    -19.05373388059));
#9271 = CARTESIAN_POINT('',(10.67077317585,-9.68646102687,
    -19.07732464734));
#9272 = CARTESIAN_POINT('',(10.694242788729,-9.703101981523,
    -19.09722573407));
#9273 = CARTESIAN_POINT('',(10.720941815832,-9.718352372925,
    -19.1125503001));
#9274 = CARTESIAN_POINT('',(10.74972970977,-9.731614867753,
    -19.12272928968));
#9275 = CARTESIAN_POINT('',(10.801768884393,-9.750625831778,
    -19.13119926026));
#9276 = CARTESIAN_POINT('',(10.824639019063,-9.757420482792,
    -19.13179996221));
#9277 = CARTESIAN_POINT('',(10.847493824433,-9.762650573418,
    -19.12927089677));
#9278 = CARTESIAN_POINT('',(10.869794676439,-9.766183392621,
    -19.12364574447));
#9279 = CARTESIAN_POINT('',(10.891022488139,-9.767949192431,
    -19.11507634402));
#9280 = CARTESIAN_POINT('',(10.910718567164,-9.767949192431,
    -19.10382737432));
#9281 = ( BOUNDED_SURFACE() B_SPLINE_SURFACE(6,2,(
    (#9282,#9283,#9284,#9285)
    ,(#9286,#9287,#9288,#9289)
    ,(#9290,#9291,#9292,#9293)
    ,(#9294,#9295,#9296,#9297)
    ,(#9298,#9299,#9300,#9301)
    ,(#9302,#9303,#9304,#9305)
    ,(#9306,#9307,#9308,#9309
)),.UNSPECIFIED.,.F.,.F.,.F.) B_SPLINE_SURFACE_WITH_KNOTS((7,7),(3,1,3),
  (0.,8.767282772495),(-0.352998490577,6.168843056153E-14,8.767282772495
),.UNSPECIFIED.) GEOMETRIC_REPRESENTATION_ITEM() 
RATIONAL_B_SPLINE_SURFACE((
    (1.056651799772,1.056651799772,1.056651799772,1.056651799772)
    ,(1.017452375137,1.017452375137,1.017452375137,1.017452375137)
    ,(0.99632276822,0.99632276822,0.99632276822,0.99632276822)
    ,(0.98937924261,0.98937924261,0.98937924261,0.98937924261)
    ,(0.99632276822,0.99632276822,0.99632276822,0.99632276822)
    ,(1.017452375137,1.017452375137,1.017452375137,1.017452375137)
    ,(1.056651799772,1.056651799772,1.056651799772,1.056651799772
))) REPRESENTATION_ITEM('') SURFACE() );
#9282 = CARTESIAN_POINT('',(10.611533546543,-3.647001509423,
    -18.92900209985));
#9283 = CARTESIAN_POINT('',(10.611533546543,-3.823500754712,
    -18.92900209985));
#9284 = CARTESIAN_POINT('',(10.611533546543,-8.383641386248,
    -18.92900209985));
#9285 = CARTESIAN_POINT('',(10.611533546543,-12.76728277249,
    -18.92900209985));
#9286 = CARTESIAN_POINT('',(10.611114955517,-3.647001509423,
    -19.0015396728));
#9287 = CARTESIAN_POINT('',(10.611114955517,-3.823500754712,
    -19.0015396728));
#9288 = CARTESIAN_POINT('',(10.611114955517,-8.383641386248,
    -19.0015396728));
#9289 = CARTESIAN_POINT('',(10.611114955517,-12.76728277249,
    -19.0015396728));
#9290 = CARTESIAN_POINT('',(10.64176084204,-3.647001509423,
    -19.07074593126));
#9291 = CARTESIAN_POINT('',(10.64176084204,-3.823500754712,
    -19.07074593126));
#9292 = CARTESIAN_POINT('',(10.64176084204,-8.383641386248,
    -19.07074593126));
#9293 = CARTESIAN_POINT('',(10.64176084204,-12.76728277249,
    -19.07074593126));
#9294 = CARTESIAN_POINT('',(10.698998828859,-3.647001509423,
    -19.12273538234));
#9295 = CARTESIAN_POINT('',(10.698998828859,-3.823500754712,
    -19.12273538234));
#9296 = CARTESIAN_POINT('',(10.698998828859,-8.383641386248,
    -19.12273538234));
#9297 = CARTESIAN_POINT('',(10.698998828859,-12.76728277249,
    -19.12273538234));
#9298 = CARTESIAN_POINT('',(10.772391625224,-3.647001509423,
    -19.14707850459));
#9299 = CARTESIAN_POINT('',(10.772391625224,-3.823500754712,
    -19.14707850459));
#9300 = CARTESIAN_POINT('',(10.772391625224,-8.383641386248,
    -19.14707850459));
#9301 = CARTESIAN_POINT('',(10.772391625224,-12.76728277249,
    -19.14707850459));
#9302 = CARTESIAN_POINT('',(10.84772909695,-3.647001509423,
    -19.1398023844));
#9303 = CARTESIAN_POINT('',(10.84772909695,-3.823500754712,
    -19.1398023844));
#9304 = CARTESIAN_POINT('',(10.84772909695,-8.383641386248,
    -19.1398023844));
#9305 = CARTESIAN_POINT('',(10.84772909695,-12.76728277249,
    -19.1398023844));
#9306 = CARTESIAN_POINT('',(10.910718567164,-3.647001509423,
    -19.10382737432));
#9307 = CARTESIAN_POINT('',(10.910718567164,-3.823500754712,
    -19.10382737432));
#9308 = CARTESIAN_POINT('',(10.910718567164,-8.383641386248,
    -19.10382737432));
#9309 = CARTESIAN_POINT('',(10.910718567164,-12.76728277249,
    -19.10382737432));
#9310 = ADVANCED_FACE('',(#9311),#9316,.T.);
#9311 = FACE_BOUND('',#9312,.F.);
#9312 = EDGE_LOOP('',(#9313,#9314,#9315));
#9313 = ORIENTED_EDGE('',*,*,#6352,.T.);
#9314 = ORIENTED_EDGE('',*,*,#9262,.F.);
#9315 = ORIENTED_EDGE('',*,*,#3297,.F.);
#9316 = CONICAL_SURFACE('',#9317,17.,1.047197551197);
#9317 = AXIS2_PLACEMENT_3D('',#9318,#9319,#9320);
#9318 = CARTESIAN_POINT('',(-1.649251821241E-15,-6.881197846483,
    7.22584435611E-15));
#9319 = DIRECTION('',(9.634154343575E-17,-1.,-4.220998812482E-16));
#9320 = DIRECTION('',(0.900968867902,-9.634154343575E-17,0.433883739118)
  );
#9321 = ADVANCED_FACE('',(#9322),#9346,.T.);
#9322 = FACE_BOUND('',#9323,.F.);
#9323 = EDGE_LOOP('',(#9324,#9344,#9345));
#9324 = ORIENTED_EDGE('',*,*,#9325,.T.);
#9325 = EDGE_CURVE('',#3223,#6361,#9326,.T.);
#9326 = B_SPLINE_CURVE_WITH_KNOTS('',6,(#9327,#9328,#9329,#9330,#9331,
    #9332,#9333,#9334,#9335,#9336,#9337,#9338,#9339,#9340,#9341,#9342,
    #9343),.UNSPECIFIED.,.F.,.F.,(7,5,5,7),(0.,0.24554134772,
    0.675708691458,1.),.UNSPECIFIED.);
#9327 = CARTESIAN_POINT('',(8.183106825022,-9.595033644246,
    -20.09847077257));
#9328 = CARTESIAN_POINT('',(8.196572393594,-9.603639768478,
    -20.10908266418));
#9329 = CARTESIAN_POINT('',(8.208944028303,-9.612749691788,
    -20.12107781969));
#9330 = CARTESIAN_POINT('',(8.220044261813,-9.622247797523,
    -20.13431524742));
#9331 = CARTESIAN_POINT('',(8.229721061211,-9.632008135356,
    -20.14862362572));
#9332 = CARTESIAN_POINT('',(8.237853143952,-9.641899932245,
    -20.16380909004));
#9333 = CARTESIAN_POINT('',(8.255746501644,-9.669125089192,
    -20.20743774277));
#9334 = CARTESIAN_POINT('',(8.262134757463,-9.686461026859,
    -20.2372637755));
#9335 = CARTESIAN_POINT('',(8.263060989322,-9.703101981512,
    -20.26802118235));
#9336 = CARTESIAN_POINT('',(8.258395646389,-9.718352372916,
    -20.29845003293));
#9337 = CARTESIAN_POINT('',(8.248404942619,-9.731614867745,
    -20.32730381092));
#9338 = CARTESIAN_POINT('',(8.222581137597,-9.750625831773,
    -20.37327061624));
#9339 = CARTESIAN_POINT('',(8.208791489563,-9.757420482789,
    -20.39152573909));
#9340 = CARTESIAN_POINT('',(8.192564448507,-9.762650573417,
    -20.40781749894));
#9341 = CARTESIAN_POINT('',(8.174262173545,-9.76618339262,
    -20.42174578204));
#9342 = CARTESIAN_POINT('',(8.154327022369,-9.767949192431,
    -20.43299941974));
#9343 = CARTESIAN_POINT('',(8.133251919308,-9.767949192431,
    -20.44138481652));
#9344 = ORIENTED_EDGE('',*,*,#6360,.T.);
#9345 = ORIENTED_EDGE('',*,*,#3231,.T.);
#9346 = CONICAL_SURFACE('',#9347,17.,1.047197551197);
#9347 = AXIS2_PLACEMENT_3D('',#9348,#9349,#9350);
#9348 = CARTESIAN_POINT('',(-1.649251821241E-15,-6.881197846483,
    7.22584435611E-15));
#9349 = DIRECTION('',(9.634154343575E-17,-1.,-4.220998812482E-16));
#9350 = DIRECTION('',(0.900968867902,-9.634154343575E-17,0.433883739118)
  );
#9351 = ADVANCED_FACE('',(#9352),#9364,.F.);
#9352 = FACE_BOUND('',#9353,.F.);
#9353 = EDGE_LOOP('',(#9354,#9355,#9356,#9363));
#9354 = ORIENTED_EDGE('',*,*,#3222,.F.);
#9355 = ORIENTED_EDGE('',*,*,#8831,.F.);
#9356 = ORIENTED_EDGE('',*,*,#9357,.T.);
#9357 = EDGE_CURVE('',#8832,#6361,#9358,.T.);
#9358 = ( BOUNDED_CURVE() B_SPLINE_CURVE(2,(#9359,#9360,#9361,#9362),
.UNSPECIFIED.,.F.,.F.) B_SPLINE_CURVE_WITH_KNOTS((3,1,3),(
    -0.352998490577,6.157075717328E-14,8.767282772495),.UNSPECIFIED.) 
CURVE() GEOMETRIC_REPRESENTATION_ITEM() RATIONAL_B_SPLINE_CURVE((
    1.056651799772,1.056651799772,1.056651799772,1.056651799772)) 
REPRESENTATION_ITEM('') );
#9359 = CARTESIAN_POINT('',(8.133251919308,-3.647001509423,
    -20.44138481652));
#9360 = CARTESIAN_POINT('',(8.133251919308,-3.823500754712,
    -20.44138481652));
#9361 = CARTESIAN_POINT('',(8.133251919308,-8.383641386248,
    -20.44138481652));
#9362 = CARTESIAN_POINT('',(8.133251919308,-12.76728277249,
    -20.44138481652));
#9363 = ORIENTED_EDGE('',*,*,#9325,.F.);
#9364 = ( BOUNDED_SURFACE() B_SPLINE_SURFACE(6,2,(
    (#9365,#9366,#9367,#9368)
    ,(#9369,#9370,#9371,#9372)
    ,(#9373,#9374,#9375,#9376)
    ,(#9377,#9378,#9379,#9380)
    ,(#9381,#9382,#9383,#9384)
    ,(#9385,#9386,#9387,#9388)
    ,(#9389,#9390,#9391,#9392
)),.UNSPECIFIED.,.F.,.F.,.F.) B_SPLINE_SURFACE_WITH_KNOTS((7,7),(3,1,3),
  (0.,8.767282772495),(-0.352998490577,6.157075717328E-14,8.767282772495
),.UNSPECIFIED.) GEOMETRIC_REPRESENTATION_ITEM() 
RATIONAL_B_SPLINE_SURFACE((
    (1.056651799772,1.056651799772,1.056651799772,1.056651799772)
    ,(1.017452375137,1.017452375137,1.017452375137,1.017452375137)
    ,(0.99632276822,0.99632276822,0.99632276822,0.99632276822)
    ,(0.98937924261,0.98937924261,0.98937924261,0.98937924261)
    ,(0.99632276822,0.99632276822,0.99632276822,0.99632276822)
    ,(1.017452375137,1.017452375137,1.017452375137,1.017452375137)
    ,(1.056651799772,1.056651799772,1.056651799772,1.056651799772
))) REPRESENTATION_ITEM('') SURFACE() );
#9365 = CARTESIAN_POINT('',(8.183106825022,-3.647001509423,
    -20.09847077257));
#9366 = CARTESIAN_POINT('',(8.183106825022,-3.823500754712,
    -20.09847077257));
#9367 = CARTESIAN_POINT('',(8.183106825022,-8.383641386248,
    -20.09847077257));
#9368 = CARTESIAN_POINT('',(8.183106825022,-12.76728277249,
    -20.09847077257));
#9369 = CARTESIAN_POINT('',(8.24007997045,-3.647001509423,
    -20.14336994191));
#9370 = CARTESIAN_POINT('',(8.24007997045,-3.823500754712,
    -20.14336994191));
#9371 = CARTESIAN_POINT('',(8.24007997045,-8.383641386248,
    -20.14336994191));
#9372 = CARTESIAN_POINT('',(8.24007997045,-12.76728277249,
    -20.14336994191));
#9373 = CARTESIAN_POINT('',(8.275080204383,-3.647001509423,
    -20.21047925718));
#9374 = CARTESIAN_POINT('',(8.275080204383,-3.823500754712,
    -20.21047925718));
#9375 = CARTESIAN_POINT('',(8.275080204383,-8.383641386248,
    -20.21047925718));
#9376 = CARTESIAN_POINT('',(8.275080204383,-12.76728277249,
    -20.21047925718));
#9377 = CARTESIAN_POINT('',(8.280039892934,-3.647001509423,
    -20.28764460982));
#9378 = CARTESIAN_POINT('',(8.280039892934,-3.823500754712,
    -20.28764460982));
#9379 = CARTESIAN_POINT('',(8.280039892934,-8.383641386248,
    -20.28764460982));
#9380 = CARTESIAN_POINT('',(8.280039892934,-12.76728277249,
    -20.28764460982));
#9381 = CARTESIAN_POINT('',(8.253312452222,-3.647001509423,
    -20.36020309707));
#9382 = CARTESIAN_POINT('',(8.253312452222,-3.823500754712,
    -20.36020309707));
#9383 = CARTESIAN_POINT('',(8.253312452222,-8.383641386248,
    -20.36020309707));
#9384 = CARTESIAN_POINT('',(8.253312452222,-12.76728277249,
    -20.36020309707));
#9385 = CARTESIAN_POINT('',(8.200651607067,-3.647001509423,
    -20.41456771754));
#9386 = CARTESIAN_POINT('',(8.200651607067,-3.823500754712,
    -20.41456771754));
#9387 = CARTESIAN_POINT('',(8.200651607067,-8.383641386248,
    -20.41456771754));
#9388 = CARTESIAN_POINT('',(8.200651607067,-12.76728277249,
    -20.41456771754));
#9389 = CARTESIAN_POINT('',(8.133251919308,-3.647001509423,
    -20.44138481652));
#9390 = CARTESIAN_POINT('',(8.133251919308,-3.823500754712,
    -20.44138481652));
#9391 = CARTESIAN_POINT('',(8.133251919308,-8.383641386248,
    -20.44138481652));
#9392 = CARTESIAN_POINT('',(8.133251919308,-12.76728277249,
    -20.44138481652));
#9393 = ADVANCED_FACE('',(#9394),#9399,.T.);
#9394 = FACE_BOUND('',#9395,.F.);
#9395 = EDGE_LOOP('',(#9396,#9397,#9398));
#9396 = ORIENTED_EDGE('',*,*,#5398,.F.);
#9397 = ORIENTED_EDGE('',*,*,#9137,.F.);
#9398 = ORIENTED_EDGE('',*,*,#3180,.F.);
#9399 = CONICAL_SURFACE('',#9400,25.,1.047197551197);
#9400 = AXIS2_PLACEMENT_3D('',#9401,#9402,#9403);
#9401 = CARTESIAN_POINT('',(-7.225615757682E-16,-16.5,3.165749109361E-15
    ));
#9402 = DIRECTION('',(-9.634154343575E-17,1.,4.220998812482E-16));
#9403 = DIRECTION('',(0.900968867902,-9.634154343575E-17,0.433883739118)
  );
#9404 = ADVANCED_FACE('',(#9405),#9429,.T.);
#9405 = FACE_BOUND('',#9406,.F.);
#9406 = EDGE_LOOP('',(#9407,#9427,#9428));
#9407 = ORIENTED_EDGE('',*,*,#9408,.T.);
#9408 = EDGE_CURVE('',#3106,#5407,#9409,.T.);
#9409 = B_SPLINE_CURVE_WITH_KNOTS('',6,(#9410,#9411,#9412,#9413,#9414,
    #9415,#9416,#9417,#9418,#9419,#9420,#9421,#9422,#9423,#9424,#9425,
    #9426),.UNSPECIFIED.,.F.,.F.,(7,5,5,7),(0.,0.245541347732,
    0.675708691471,1.),.UNSPECIFIED.);
#9410 = CARTESIAN_POINT('',(10.611533546543,-18.40496635575,
    -18.92900209985));
#9411 = CARTESIAN_POINT('',(10.611434612806,-18.39636023152,
    -18.94614631149));
#9412 = CARTESIAN_POINT('',(10.613099214951,-18.38725030821,
    -18.96329770213));
#9413 = CARTESIAN_POINT('',(10.616527770306,-18.37775220247,
    -18.98022961534));
#9414 = CARTESIAN_POINT('',(10.621681125188,-18.36799186464,
    -18.99671636972));
#9415 = CARTESIAN_POINT('',(10.628483328608,-18.35810006775,
    -19.01254227016));
#9416 = CARTESIAN_POINT('',(10.651437256813,-18.3308749108,
    -19.05373388058));
#9417 = CARTESIAN_POINT('',(10.67077317584,-18.31353897313,
    -19.07732464733));
#9418 = CARTESIAN_POINT('',(10.694242788717,-18.29689801848,
    -19.09722573406));
#9419 = CARTESIAN_POINT('',(10.720941815819,-18.28164762708,
    -19.1125503001));
#9420 = CARTESIAN_POINT('',(10.749729709756,-18.26838513225,
    -19.12272928968));
#9421 = CARTESIAN_POINT('',(10.801768884381,-18.24937416822,
    -19.13119926026));
#9422 = CARTESIAN_POINT('',(10.824639019054,-18.24257951721,
    -19.13179996221));
#9423 = CARTESIAN_POINT('',(10.847493824426,-18.23734942658,
    -19.12927089677));
#9424 = CARTESIAN_POINT('',(10.869794676435,-18.23381660738,
    -19.12364574447));
#9425 = CARTESIAN_POINT('',(10.891022488137,-18.23205080756,
    -19.11507634402));
#9426 = CARTESIAN_POINT('',(10.910718567164,-18.23205080756,
    -19.10382737432));
#9427 = ORIENTED_EDGE('',*,*,#5406,.F.);
#9428 = ORIENTED_EDGE('',*,*,#3114,.T.);
#9429 = CONICAL_SURFACE('',#9430,25.,1.047197551197);
#9430 = AXIS2_PLACEMENT_3D('',#9431,#9432,#9433);
#9431 = CARTESIAN_POINT('',(-7.225615757682E-16,-16.5,3.165749109361E-15
    ));
#9432 = DIRECTION('',(-9.634154343575E-17,1.,4.220998812482E-16));
#9433 = DIRECTION('',(0.900968867902,-9.634154343575E-17,0.433883739118)
  );
#9434 = ADVANCED_FACE('',(#9435),#9447,.T.);
#9435 = FACE_BOUND('',#9436,.T.);
#9436 = EDGE_LOOP('',(#9437,#9438,#9439,#9446));
#9437 = ORIENTED_EDGE('',*,*,#3105,.F.);
#9438 = ORIENTED_EDGE('',*,*,#9408,.T.);
#9439 = ORIENTED_EDGE('',*,*,#9440,.T.);
#9440 = EDGE_CURVE('',#5407,#3345,#9441,.T.);
#9441 = ( BOUNDED_CURVE() B_SPLINE_CURVE(2,(#9442,#9443,#9444,#9445),
.UNSPECIFIED.,.F.,.F.) B_SPLINE_CURVE_WITH_KNOTS((3,1,3),(
-2.999333580064,5.767949192431,6.120947683008),.UNSPECIFIED.) CURVE() 
GEOMETRIC_REPRESENTATION_ITEM() RATIONAL_B_SPLINE_CURVE((1.056651799772,
1.056651799772,1.056651799772,1.056651799772)) REPRESENTATION_ITEM('') 
  );
#9442 = CARTESIAN_POINT('',(10.910718567164,-15.2327172275,
    -19.10382737432));
#9443 = CARTESIAN_POINT('',(10.910718567164,-19.61635861375,
    -19.10382737432));
#9444 = CARTESIAN_POINT('',(10.910718567164,-24.17649924528,
    -19.10382737432));
#9445 = CARTESIAN_POINT('',(10.910718567164,-24.35299849057,
    -19.10382737432));
#9446 = ORIENTED_EDGE('',*,*,#3389,.T.);
#9447 = ( BOUNDED_SURFACE() B_SPLINE_SURFACE(6,2,(
    (#9448,#9449,#9450,#9451)
    ,(#9452,#9453,#9454,#9455)
    ,(#9456,#9457,#9458,#9459)
    ,(#9460,#9461,#9462,#9463)
    ,(#9464,#9465,#9466,#9467)
    ,(#9468,#9469,#9470,#9471)
    ,(#9472,#9473,#9474,#9475
)),.UNSPECIFIED.,.F.,.F.,.F.) B_SPLINE_SURFACE_WITH_KNOTS((7,7),(3,1,3),
  (0.,8.767282772495),(-2.999333580064,5.767949192431,6.120947683008),
.UNSPECIFIED.) GEOMETRIC_REPRESENTATION_ITEM() RATIONAL_B_SPLINE_SURFACE
((
    (1.056651799772,1.056651799772,1.056651799772,1.056651799772)
    ,(1.017452375137,1.017452375137,1.017452375137,1.017452375137)
    ,(0.99632276822,0.99632276822,0.99632276822,0.99632276822)
    ,(0.98937924261,0.98937924261,0.98937924261,0.98937924261)
    ,(0.99632276822,0.99632276822,0.99632276822,0.99632276822)
    ,(1.017452375137,1.017452375137,1.017452375137,1.017452375137)
    ,(1.056651799772,1.056651799772,1.056651799772,1.056651799772
))) REPRESENTATION_ITEM('') SURFACE() );
#9448 = CARTESIAN_POINT('',(10.611533546543,-15.2327172275,
    -18.92900209985));
#9449 = CARTESIAN_POINT('',(10.611533546543,-19.61635861375,
    -18.92900209985));
#9450 = CARTESIAN_POINT('',(10.611533546543,-24.17649924528,
    -18.92900209985));
#9451 = CARTESIAN_POINT('',(10.611533546543,-24.35299849057,
    -18.92900209985));
#9452 = CARTESIAN_POINT('',(10.611114955517,-15.2327172275,
    -19.0015396728));
#9453 = CARTESIAN_POINT('',(10.611114955517,-19.61635861375,
    -19.0015396728));
#9454 = CARTESIAN_POINT('',(10.611114955517,-24.17649924528,
    -19.0015396728));
#9455 = CARTESIAN_POINT('',(10.611114955517,-24.35299849057,
    -19.0015396728));
#9456 = CARTESIAN_POINT('',(10.64176084204,-15.2327172275,
    -19.07074593126));
#9457 = CARTESIAN_POINT('',(10.64176084204,-19.61635861375,
    -19.07074593126));
#9458 = CARTESIAN_POINT('',(10.64176084204,-24.17649924528,
    -19.07074593126));
#9459 = CARTESIAN_POINT('',(10.64176084204,-24.35299849057,
    -19.07074593126));
#9460 = CARTESIAN_POINT('',(10.698998828859,-15.2327172275,
    -19.12273538234));
#9461 = CARTESIAN_POINT('',(10.698998828859,-19.61635861375,
    -19.12273538234));
#9462 = CARTESIAN_POINT('',(10.698998828859,-24.17649924528,
    -19.12273538234));
#9463 = CARTESIAN_POINT('',(10.698998828859,-24.35299849057,
    -19.12273538234));
#9464 = CARTESIAN_POINT('',(10.772391625224,-15.2327172275,
    -19.14707850459));
#9465 = CARTESIAN_POINT('',(10.772391625224,-19.61635861375,
    -19.14707850459));
#9466 = CARTESIAN_POINT('',(10.772391625224,-24.17649924528,
    -19.14707850459));
#9467 = CARTESIAN_POINT('',(10.772391625224,-24.35299849057,
    -19.14707850459));
#9468 = CARTESIAN_POINT('',(10.84772909695,-15.2327172275,-19.1398023844
    ));
#9469 = CARTESIAN_POINT('',(10.84772909695,-19.61635861375,
    -19.1398023844));
#9470 = CARTESIAN_POINT('',(10.84772909695,-24.17649924528,
    -19.1398023844));
#9471 = CARTESIAN_POINT('',(10.84772909695,-24.35299849057,
    -19.1398023844));
#9472 = CARTESIAN_POINT('',(10.910718567164,-15.2327172275,
    -19.10382737432));
#9473 = CARTESIAN_POINT('',(10.910718567164,-19.61635861375,
    -19.10382737432));
#9474 = CARTESIAN_POINT('',(10.910718567164,-24.17649924528,
    -19.10382737432));
#9475 = CARTESIAN_POINT('',(10.910718567164,-24.35299849057,
    -19.10382737432));
#9476 = ADVANCED_FACE('',(#9477),#9489,.T.);
#9477 = FACE_BOUND('',#9478,.F.);
#9478 = EDGE_LOOP('',(#9479,#9480,#9481,#9482));
#9479 = ORIENTED_EDGE('',*,*,#5415,.F.);
#9480 = ORIENTED_EDGE('',*,*,#9440,.T.);
#9481 = ORIENTED_EDGE('',*,*,#3344,.T.);
#9482 = ORIENTED_EDGE('',*,*,#9483,.F.);
#9483 = EDGE_CURVE('',#5416,#3347,#9484,.T.);
#9484 = ( BOUNDED_CURVE() B_SPLINE_CURVE(2,(#9485,#9486,#9487,#9488),
.UNSPECIFIED.,.F.,.F.) B_SPLINE_CURVE_WITH_KNOTS((3,1,3),(
-2.999333580064,5.767949192431,6.120947683008),.UNSPECIFIED.) CURVE() 
GEOMETRIC_REPRESENTATION_ITEM() RATIONAL_B_SPLINE_CURVE((1.056651799772,
1.056651799772,1.056651799772,1.056651799772)) REPRESENTATION_ITEM('') 
  );
#9485 = CARTESIAN_POINT('',(16.196991251037,-15.2327172275,
    -14.88816558256));
#9486 = CARTESIAN_POINT('',(16.196991251037,-19.61635861375,
    -14.88816558256));
#9487 = CARTESIAN_POINT('',(16.196991251037,-24.17649924528,
    -14.88816558256));
#9488 = CARTESIAN_POINT('',(16.196991251037,-24.35299849057,
    -14.88816558256));
#9489 = CYLINDRICAL_SURFACE('',#9490,22.);
#9490 = AXIS2_PLACEMENT_3D('',#9491,#9492,#9493);
#9491 = CARTESIAN_POINT('',(6.661338147751E-15,-4.,-4.440892098501E-15)
  );
#9492 = DIRECTION('',(-3.330669073875E-16,-1.,2.22044604925E-16));
#9493 = DIRECTION('',(-3.229739708E-16,2.22044604925E-16,1.));
#9494 = ADVANCED_FACE('',(#9495),#9520,.F.);
#9495 = FACE_BOUND('',#9496,.F.);
#9496 = EDGE_LOOP('',(#9497,#9498,#9518,#9519));
#9497 = ORIENTED_EDGE('',*,*,#3524,.F.);
#9498 = ORIENTED_EDGE('',*,*,#9499,.T.);
#9499 = EDGE_CURVE('',#3514,#5416,#9500,.T.);
#9500 = B_SPLINE_CURVE_WITH_KNOTS('',6,(#9501,#9502,#9503,#9504,#9505,
    #9506,#9507,#9508,#9509,#9510,#9511,#9512,#9513,#9514,#9515,#9516,
    #9517),.UNSPECIFIED.,.F.,.F.,(7,5,5,7),(0.,0.245541347766,
    0.675708691504,1.),.UNSPECIFIED.);
#9501 = CARTESIAN_POINT('',(16.093124141416,-18.40496635575,
    -14.5575794717));
#9502 = CARTESIAN_POINT('',(16.109860526699,-18.39636023152,
    -14.56129796442));
#9503 = CARTESIAN_POINT('',(16.126211487345,-18.3872503082,
    -14.56673737498));
#9504 = CARTESIAN_POINT('',(16.141955956806,-18.37775220247,
    -14.57384767444));
#9505 = CARTESIAN_POINT('',(16.156882624487,-18.36799186463,
    -14.58254047193));
#9506 = CARTESIAN_POINT('',(16.170798103906,-18.35810006774,
    -14.59269372406));
#9507 = CARTESIAN_POINT('',(16.205849225109,-18.33087491079,
    -14.62423814499));
#9508 = CARTESIAN_POINT('',(16.224545875321,-18.31353897313,
    -14.64833871161));
#9509 = CARTESIAN_POINT('',(16.238725520079,-18.29689801847,
    -14.6756483007));
#9510 = CARTESIAN_POINT('',(16.247724774803,-18.28164762707,
    -14.70508796419));
#9511 = CARTESIAN_POINT('',(16.251242646817,-18.26838513224,
    -14.7354191238));
#9512 = CARTESIAN_POINT('',(16.247920451805,-18.24937416822,
    -14.78803831343));
#9513 = CARTESIAN_POINT('',(16.243417009182,-18.2425795172,
    -14.81046871483));
#9514 = CARTESIAN_POINT('',(16.235865680055,-18.23734942658,
    -14.83218773251));
#9515 = CARTESIAN_POINT('',(16.225419155652,-18.23381660737,
    -14.85267774145));
#9516 = CARTESIAN_POINT('',(16.212340975472,-18.23205080756,
    -14.8714664566));
#9517 = CARTESIAN_POINT('',(16.196991251037,-18.23205080756,
    -14.88816558256));
#9518 = ORIENTED_EDGE('',*,*,#9483,.T.);
#9519 = ORIENTED_EDGE('',*,*,#3355,.T.);
#9520 = ( BOUNDED_SURFACE() B_SPLINE_SURFACE(6,2,(
    (#9521,#9522,#9523,#9524)
    ,(#9525,#9526,#9527,#9528)
    ,(#9529,#9530,#9531,#9532)
    ,(#9533,#9534,#9535,#9536)
    ,(#9537,#9538,#9539,#9540)
    ,(#9541,#9542,#9543,#9544)
    ,(#9545,#9546,#9547,#9548
)),.UNSPECIFIED.,.F.,.F.,.F.) B_SPLINE_SURFACE_WITH_KNOTS((7,7),(3,1,3),
  (0.,8.767282772495),(-2.999333580064,5.767949192431,6.120947683008),
.UNSPECIFIED.) GEOMETRIC_REPRESENTATION_ITEM() RATIONAL_B_SPLINE_SURFACE
((
    (1.056651799772,1.056651799772,1.056651799772,1.056651799772)
    ,(1.017452375137,1.017452375137,1.017452375137,1.017452375137)
    ,(0.99632276822,0.99632276822,0.99632276822,0.99632276822)
    ,(0.98937924261,0.98937924261,0.98937924261,0.98937924261)
    ,(0.99632276822,0.99632276822,0.99632276822,0.99632276822)
    ,(1.017452375137,1.017452375137,1.017452375137,1.017452375137)
    ,(1.056651799772,1.056651799772,1.056651799772,1.056651799772
))) REPRESENTATION_ITEM('') SURFACE() );
#9521 = CARTESIAN_POINT('',(16.093124141416,-15.2327172275,
    -14.5575794717));
#9522 = CARTESIAN_POINT('',(16.093124141416,-19.61635861375,
    -14.5575794717));
#9523 = CARTESIAN_POINT('',(16.093124141416,-24.17649924528,
    -14.5575794717));
#9524 = CARTESIAN_POINT('',(16.093124141416,-24.35299849057,
    -14.5575794717));
#9525 = CARTESIAN_POINT('',(16.16393619123,-15.2327172275,-14.5733125041
    ));
#9526 = CARTESIAN_POINT('',(16.16393619123,-19.61635861375,
    -14.5733125041));
#9527 = CARTESIAN_POINT('',(16.16393619123,-24.17649924528,
    -14.5733125041));
#9528 = CARTESIAN_POINT('',(16.16393619123,-24.35299849057,
    -14.5733125041));
#9529 = CARTESIAN_POINT('',(16.224587953011,-15.2327172275,
    -14.61858987553));
#9530 = CARTESIAN_POINT('',(16.224587953011,-19.61635861375,
    -14.61858987553));
#9531 = CARTESIAN_POINT('',(16.224587953011,-24.17649924528,
    -14.61858987553));
#9532 = CARTESIAN_POINT('',(16.224587953011,-24.35299849057,
    -14.61858987553));
#9533 = CARTESIAN_POINT('',(16.262537269724,-15.2327172275,
    -14.68596152773));
#9534 = CARTESIAN_POINT('',(16.262537269724,-19.61635861375,
    -14.68596152773));
#9535 = CARTESIAN_POINT('',(16.262537269724,-24.17649924528,
    -14.68596152773));
#9536 = CARTESIAN_POINT('',(16.262537269724,-24.35299849057,
    -14.68596152773));
#9537 = CARTESIAN_POINT('',(16.269938625476,-15.2327172275,
    -14.76293106776));
#9538 = CARTESIAN_POINT('',(16.269938625476,-19.61635861375,
    -14.76293106776));
#9539 = CARTESIAN_POINT('',(16.269938625476,-24.17649924528,
    -14.76293106776));
#9540 = CARTESIAN_POINT('',(16.269938625476,-24.35299849057,
    -14.76293106776));
#9541 = CARTESIAN_POINT('',(16.246080768238,-15.2327172275,
    -14.83476058271));
#9542 = CARTESIAN_POINT('',(16.246080768238,-19.61635861375,
    -14.83476058271));
#9543 = CARTESIAN_POINT('',(16.246080768238,-24.17649924528,
    -14.83476058271));
#9544 = CARTESIAN_POINT('',(16.246080768238,-24.35299849057,
    -14.83476058271));
#9545 = CARTESIAN_POINT('',(16.196991251037,-15.2327172275,
    -14.88816558256));
#9546 = CARTESIAN_POINT('',(16.196991251037,-19.61635861375,
    -14.88816558256));
#9547 = CARTESIAN_POINT('',(16.196991251037,-24.17649924528,
    -14.88816558256));
#9548 = CARTESIAN_POINT('',(16.196991251037,-24.35299849057,
    -14.88816558256));
#9549 = ADVANCED_FACE('',(#9550),#9606,.T.);
#9550 = FACE_BOUND('',#9551,.T.);
#9551 = EDGE_LOOP('',(#9552,#9553,#9554,#9576,#9585,#9605));
#9552 = ORIENTED_EDGE('',*,*,#5851,.T.);
#9553 = ORIENTED_EDGE('',*,*,#3876,.T.);
#9554 = ORIENTED_EDGE('',*,*,#9555,.F.);
#9555 = EDGE_CURVE('',#9556,#3877,#9558,.T.);
#9556 = VERTEX_POINT('',#9557);
#9557 = CARTESIAN_POINT('',(21.052717822436,-4.4,-6.386162563612));
#9558 = B_SPLINE_CURVE_WITH_KNOTS('',6,(#9559,#9560,#9561,#9562,#9563,
    #9564,#9565,#9566,#9567,#9568,#9569,#9570,#9571,#9572,#9573,#9574,
    #9575),.UNSPECIFIED.,.F.,.F.,(7,5,5,7),(0.,0.316956850957,
    0.754284106139,1.),.UNSPECIFIED.);
#9559 = CARTESIAN_POINT('',(21.052717822436,-4.4,-6.386162563612));
#9560 = CARTESIAN_POINT('',(21.059161853287,-4.4,-6.364919076338));
#9561 = CARTESIAN_POINT('',(21.062777044092,-4.397070317437,
    -6.342816123702));
#9562 = CARTESIAN_POINT('',(21.063416348802,-4.391208924155,
    -6.320330737642));
#9563 = CARTESIAN_POINT('',(21.061048497919,-4.382528879529,
    -6.297970622427));
#9564 = CARTESIAN_POINT('',(21.055753296329,-4.371244413352,
    -6.276236191524));
#9565 = CARTESIAN_POINT('',(21.036628579273,-4.33890952826,
    -6.227085424132));
#9566 = CARTESIAN_POINT('',(21.020321039749,-4.315777243665,
    -6.200645999595));
#9567 = CARTESIAN_POINT('',(20.999276889405,-4.289046259301,
    -6.177458916852));
#9568 = CARTESIAN_POINT('',(20.974344997039,-4.259802772441,
    -6.158559746797));
#9569 = CARTESIAN_POINT('',(20.94663823957,-4.229304042859,
    -6.144661215877));
#9570 = CARTESIAN_POINT('',(20.900921427627,-4.181679658794,
    -6.131317332764));
#9571 = CARTESIAN_POINT('',(20.883981993615,-4.164549816937,
    -6.128207541371));
#9572 = CARTESIAN_POINT('',(20.866764195644,-4.147646440067,
    -6.126851290185));
#9573 = CARTESIAN_POINT('',(20.849493983843,-4.131194989745,
    -6.127275151165));
#9574 = CARTESIAN_POINT('',(20.832399248678,-4.115413123856,
    -6.129468204745));
#9575 = CARTESIAN_POINT('',(20.815700852387,-4.100501485124,
    -6.133381019457));
#9576 = ORIENTED_EDGE('',*,*,#9577,.F.);
#9577 = EDGE_CURVE('',#9578,#9556,#9580,.T.);
#9578 = VERTEX_POINT('',#9579);
#9579 = CARTESIAN_POINT('',(18.119057808089,-4.4,-12.47797035367));
#9580 = CIRCLE('',#9581,22.);
#9581 = AXIS2_PLACEMENT_3D('',#9582,#9583,#9584);
#9582 = CARTESIAN_POINT('',(6.528111384796E-15,-4.4,-6.528111384796E-15)
  );
#9583 = DIRECTION('',(-3.330669073875E-16,-1.,3.330669073875E-16));
#9584 = DIRECTION('',(-2.3415612883E-16,3.330669073875E-16,1.));
#9585 = ORIENTED_EDGE('',*,*,#9586,.T.);
#9586 = EDGE_CURVE('',#9578,#3642,#9587,.T.);
#9587 = B_SPLINE_CURVE_WITH_KNOTS('',6,(#9588,#9589,#9590,#9591,#9592,
    #9593,#9594,#9595,#9596,#9597,#9598,#9599,#9600,#9601,#9602,#9603,
    #9604),.UNSPECIFIED.,.F.,.F.,(7,5,5,7),(0.,0.316956850948,
    0.75428410613,1.),.UNSPECIFIED.);
#9588 = CARTESIAN_POINT('',(18.119057808089,-4.4,-12.47797035367));
#9589 = CARTESIAN_POINT('',(18.10646676846,-4.4,-12.49625359753));
#9590 = CARTESIAN_POINT('',(18.091440018833,-4.397070317437,
    -12.51286103308));
#9591 = CARTESIAN_POINT('',(18.074258836083,-4.391208924155,
    -12.52738027053));
#9592 = CARTESIAN_POINT('',(18.05530066318,-4.38252887953,
    -12.53947031396));
#9593 = CARTESIAN_POINT('',(18.035006496656,-4.371244413354,
    -12.54888155467));
#9594 = CARTESIAN_POINT('',(17.984654813275,-4.338909528262,
    -12.56457425101));
#9595 = CARTESIAN_POINT('',(17.953816054207,-4.315777243668,
    -12.56830921477));
#9596 = CARTESIAN_POINT('',(17.922566849803,-4.289046259305,
    -12.56631314514));
#9597 = CARTESIAN_POINT('',(17.892246103031,-4.259802772444,
    -12.55860404656));
#9598 = CARTESIAN_POINT('',(17.864104913272,-4.229304042863,
    -12.54560762359));
#9599 = CARTESIAN_POINT('',(17.825168279335,-4.181679658798,
    -12.51818455577));
#9600 = CARTESIAN_POINT('',(17.812175382164,-4.16454981694,
    -12.50687969618));
#9601 = CARTESIAN_POINT('',(17.800379900842,-4.147646440069,
    -12.49426388845));
#9602 = CARTESIAN_POINT('',(17.789943487767,-4.131194989746,
    -12.48049722016));
#9603 = CARTESIAN_POINT('',(17.780999693058,-4.115413123856,
    -12.46576467148));
#9604 = CARTESIAN_POINT('',(17.773647574988,-4.100501485124,
    -12.45026973948));
#9605 = ORIENTED_EDGE('',*,*,#3650,.T.);
#9606 = CONICAL_SURFACE('',#9607,21.6,0.785398163397);
#9607 = AXIS2_PLACEMENT_3D('',#9608,#9609,#9610);
#9608 = CARTESIAN_POINT('',(6.661338147751E-15,-4.,-6.661338147751E-15)
  );
#9609 = DIRECTION('',(-3.330669073875E-16,-1.,3.330669073875E-16));
#9610 = DIRECTION('',(-2.302684791815E-16,3.330669073875E-16,1.));
#9611 = ADVANCED_FACE('',(#9612),#9643,.T.);
#9612 = FACE_BOUND('',#9613,.T.);
#9613 = EDGE_LOOP('',(#9614,#9615,#9616,#9623));
#9614 = ORIENTED_EDGE('',*,*,#3641,.F.);
#9615 = ORIENTED_EDGE('',*,*,#9586,.F.);
#9616 = ORIENTED_EDGE('',*,*,#9617,.T.);
#9617 = EDGE_CURVE('',#9578,#6318,#9618,.T.);
#9618 = ( BOUNDED_CURVE() B_SPLINE_CURVE(2,(#9619,#9620,#9621,#9622),
.UNSPECIFIED.,.F.,.F.) B_SPLINE_CURVE_WITH_KNOTS((3,1,3),(
    -0.352998490577,6.168843056153E-14,8.767282772495),.UNSPECIFIED.) 
CURVE() GEOMETRIC_REPRESENTATION_ITEM() RATIONAL_B_SPLINE_CURVE((
    1.056651799772,1.056651799772,1.056651799772,1.056651799772)) 
REPRESENTATION_ITEM('') );
#9619 = CARTESIAN_POINT('',(18.119057808089,-3.647001509423,
    -12.47797035367));
#9620 = CARTESIAN_POINT('',(18.119057808089,-3.823500754712,
    -12.47797035367));
#9621 = CARTESIAN_POINT('',(18.119057808089,-8.383641386248,
    -12.47797035367));
#9622 = CARTESIAN_POINT('',(18.119057808089,-12.76728277249,
    -12.47797035367));
#9623 = ORIENTED_EDGE('',*,*,#9624,.F.);
#9624 = EDGE_CURVE('',#3631,#6318,#9625,.T.);
#9625 = B_SPLINE_CURVE_WITH_KNOTS('',6,(#9626,#9627,#9628,#9629,#9630,
    #9631,#9632,#9633,#9634,#9635,#9636,#9637,#9638,#9639,#9640,#9641,
    #9642),.UNSPECIFIED.,.F.,.F.,(7,5,5,7),(0.,0.245541347766,
    0.675708691505,1.),.UNSPECIFIED.);
#9626 = CARTESIAN_POINT('',(17.773647574988,-9.595033644246,
    -12.45026973948));
#9627 = CARTESIAN_POINT('',(17.78099703342,-9.60363976848,
    -12.46575906617));
#9628 = CARTESIAN_POINT('',(17.789938497634,-9.612749691792,
    -12.48048969138));
#9629 = CARTESIAN_POINT('',(17.800374001088,-9.622247797528,
    -12.49425722364));
#9630 = CARTESIAN_POINT('',(17.812170348038,-9.632008135363,
    -12.50687531918));
#9631 = CARTESIAN_POINT('',(17.825165522413,-9.641899932255,
    -12.51818259733));
#9632 = CARTESIAN_POINT('',(17.863718667075,-9.669125089204,
    -12.54533561974));
#9633 = CARTESIAN_POINT('',(17.891375378237,-9.68646102687,
    -12.5582006253));
#9634 = CARTESIAN_POINT('',(17.921155526705,-9.703101981523,
    -12.56594780149));
#9635 = CARTESIAN_POINT('',(17.95185959894,-9.718352372925,
    -12.5681704847));
#9636 = CARTESIAN_POINT('',(17.982213093211,-9.731614867753,
    -12.56485083835));
#9637 = CARTESIAN_POINT('',(18.032773751961,-9.750625831778,
    -12.54990306648));
#9638 = CARTESIAN_POINT('',(18.053639666114,-9.757420482792,
    -12.5405213007));
#9639 = CARTESIAN_POINT('',(18.073133813863,-9.762650573418,
    -12.52832636306));
#9640 = CARTESIAN_POINT('',(18.090785525136,-9.766183392621,
    -12.51358229891));
#9641 = CARTESIAN_POINT('',(18.106192999099,-9.767949192431,
    -12.49665113357));
#9642 = CARTESIAN_POINT('',(18.119057808089,-9.767949192431,
    -12.47797035367));
#9643 = ( BOUNDED_SURFACE() B_SPLINE_SURFACE(6,2,(
    (#9644,#9645,#9646,#9647)
    ,(#9648,#9649,#9650,#9651)
    ,(#9652,#9653,#9654,#9655)
    ,(#9656,#9657,#9658,#9659)
    ,(#9660,#9661,#9662,#9663)
    ,(#9664,#9665,#9666,#9667)
    ,(#9668,#9669,#9670,#9671
)),.UNSPECIFIED.,.F.,.F.,.F.) B_SPLINE_SURFACE_WITH_KNOTS((7,7),(3,1,3),
  (0.,8.767282772495),(-0.352998490577,6.168843056153E-14,8.767282772495
),.UNSPECIFIED.) GEOMETRIC_REPRESENTATION_ITEM() 
RATIONAL_B_SPLINE_SURFACE((
    (1.056651799772,1.056651799772,1.056651799772,1.056651799772)
    ,(1.017452375137,1.017452375137,1.017452375137,1.017452375137)
    ,(0.99632276822,0.99632276822,0.99632276822,0.99632276822)
    ,(0.98937924261,0.98937924261,0.98937924261,0.98937924261)
    ,(0.99632276822,0.99632276822,0.99632276822,0.99632276822)
    ,(1.017452375137,1.017452375137,1.017452375137,1.017452375137)
    ,(1.056651799772,1.056651799772,1.056651799772,1.056651799772
))) REPRESENTATION_ITEM('') SURFACE() );
#9644 = CARTESIAN_POINT('',(17.773647574988,-3.647001509423,
    -12.45026973948));
#9645 = CARTESIAN_POINT('',(17.773647574988,-3.823500754712,
    -12.45026973948));
#9646 = CARTESIAN_POINT('',(17.773647574988,-8.383641386248,
    -12.45026973948));
#9647 = CARTESIAN_POINT('',(17.773647574988,-12.76728277249,
    -12.45026973948));
#9648 = CARTESIAN_POINT('',(17.804743310882,-3.647001509423,
    -12.5158054543));
#9649 = CARTESIAN_POINT('',(17.804743310882,-3.823500754712,
    -12.5158054543));
#9650 = CARTESIAN_POINT('',(17.804743310882,-8.383641386248,
    -12.5158054543));
#9651 = CARTESIAN_POINT('',(17.804743310882,-12.76728277249,
    -12.5158054543));
#9652 = CARTESIAN_POINT('',(17.862381770761,-3.647001509423,
    -12.56486138681));
#9653 = CARTESIAN_POINT('',(17.862381770761,-3.823500754712,
    -12.56486138681));
#9654 = CARTESIAN_POINT('',(17.862381770761,-8.383641386248,
    -12.56486138681));
#9655 = CARTESIAN_POINT('',(17.862381770761,-12.76728277249,
    -12.56486138681));
#9656 = CARTESIAN_POINT('',(17.936508792376,-3.647001509423,
    -12.58686763195));
#9657 = CARTESIAN_POINT('',(17.936508792376,-3.823500754712,
    -12.58686763195));
#9658 = CARTESIAN_POINT('',(17.936508792376,-8.383641386248,
    -12.58686763195));
#9659 = CARTESIAN_POINT('',(17.936508792376,-12.76728277249,
    -12.58686763195));
#9660 = CARTESIAN_POINT('',(18.01319550193,-3.647001509423,
    -12.57695608633));
#9661 = CARTESIAN_POINT('',(18.01319550193,-3.823500754712,
    -12.57695608633));
#9662 = CARTESIAN_POINT('',(18.01319550193,-8.383641386248,
    -12.57695608633));
#9663 = CARTESIAN_POINT('',(18.01319550193,-12.76728277249,
    -12.57695608633));
#9664 = CARTESIAN_POINT('',(18.077915228306,-3.647001509423,
    -12.53771282463));
#9665 = CARTESIAN_POINT('',(18.077915228306,-3.823500754712,
    -12.53771282463));
#9666 = CARTESIAN_POINT('',(18.077915228306,-8.383641386248,
    -12.53771282463));
#9667 = CARTESIAN_POINT('',(18.077915228306,-12.76728277249,
    -12.53771282463));
#9668 = CARTESIAN_POINT('',(18.119057808089,-3.647001509423,
    -12.47797035367));
#9669 = CARTESIAN_POINT('',(18.119057808089,-3.823500754712,
    -12.47797035367));
#9670 = CARTESIAN_POINT('',(18.119057808089,-8.383641386248,
    -12.47797035367));
#9671 = CARTESIAN_POINT('',(18.119057808089,-12.76728277249,
    -12.47797035367));
#9672 = ADVANCED_FACE('',(#9673),#9678,.T.);
#9673 = FACE_BOUND('',#9674,.F.);
#9674 = EDGE_LOOP('',(#9675,#9676,#9677));
#9675 = ORIENTED_EDGE('',*,*,#6326,.T.);
#9676 = ORIENTED_EDGE('',*,*,#9624,.F.);
#9677 = ORIENTED_EDGE('',*,*,#3630,.F.);
#9678 = CONICAL_SURFACE('',#9679,17.,1.047197551197);
#9679 = AXIS2_PLACEMENT_3D('',#9680,#9681,#9682);
#9680 = CARTESIAN_POINT('',(-2.971849092539E-15,-6.881197846483,
    6.171108228042E-15));
#9681 = DIRECTION('',(1.736014626426E-16,-1.,-3.604871516535E-16));
#9682 = DIRECTION('',(0.623489801859,-1.736014626426E-16,0.781831482468)
  );
#9683 = ADVANCED_FACE('',(#9684),#9708,.T.);
#9684 = FACE_BOUND('',#9685,.F.);
#9685 = EDGE_LOOP('',(#9686,#9706,#9707));
#9686 = ORIENTED_EDGE('',*,*,#9687,.T.);
#9687 = EDGE_CURVE('',#3556,#6335,#9688,.T.);
#9688 = B_SPLINE_CURVE_WITH_KNOTS('',6,(#9689,#9690,#9691,#9692,#9693,
    #9694,#9695,#9696,#9697,#9698,#9699,#9700,#9701,#9702,#9703,#9704,
    #9705),.UNSPECIFIED.,.F.,.F.,(7,5,5,7),(0.,0.24554134772,
    0.675708691458,1.),.UNSPECIFIED.);
#9689 = CARTESIAN_POINT('',(16.093124141416,-9.595033644246,
    -14.5575794717));
#9690 = CARTESIAN_POINT('',(16.109860526696,-9.603639768478,
    -14.56129796442));
#9691 = CARTESIAN_POINT('',(16.126211487339,-9.612749691788,
    -14.56673737498));
#9692 = CARTESIAN_POINT('',(16.141955956798,-9.622247797523,
    -14.57384767443));
#9693 = CARTESIAN_POINT('',(16.156882624476,-9.632008135356,
    -14.58254047193));
#9694 = CARTESIAN_POINT('',(16.170798103893,-9.641899932245,
    -14.59269372405));
#9695 = CARTESIAN_POINT('',(16.205849225097,-9.669125089192,
    -14.62423814497));
#9696 = CARTESIAN_POINT('',(16.224545875311,-9.686461026859,
    -14.64833871159));
#9697 = CARTESIAN_POINT('',(16.238725520071,-9.703101981512,
    -14.67564830068));
#9698 = CARTESIAN_POINT('',(16.247724774798,-9.718352372916,
    -14.70508796417));
#9699 = CARTESIAN_POINT('',(16.251242646816,-9.731614867745,
    -14.73541912378));
#9700 = CARTESIAN_POINT('',(16.247920451809,-9.750625831773,
    -14.78803831341));
#9701 = CARTESIAN_POINT('',(16.243417009186,-9.757420482789,
    -14.81046871482));
#9702 = CARTESIAN_POINT('',(16.23586568006,-9.762650573417,
    -14.8321877325));
#9703 = CARTESIAN_POINT('',(16.225419155656,-9.76618339262,
    -14.85267774145));
#9704 = CARTESIAN_POINT('',(16.212340975474,-9.767949192431,
    -14.8714664566));
#9705 = CARTESIAN_POINT('',(16.196991251037,-9.767949192431,
    -14.88816558256));
#9706 = ORIENTED_EDGE('',*,*,#6334,.T.);
#9707 = ORIENTED_EDGE('',*,*,#3564,.T.);
#9708 = CONICAL_SURFACE('',#9709,17.,1.047197551197);
#9709 = AXIS2_PLACEMENT_3D('',#9710,#9711,#9712);
#9710 = CARTESIAN_POINT('',(-2.971849092539E-15,-6.881197846483,
    6.171108228042E-15));
#9711 = DIRECTION('',(1.736014626426E-16,-1.,-3.604871516535E-16));
#9712 = DIRECTION('',(0.623489801859,-1.736014626426E-16,0.781831482468)
  );
#9713 = ADVANCED_FACE('',(#9714),#9726,.F.);
#9714 = FACE_BOUND('',#9715,.F.);
#9715 = EDGE_LOOP('',(#9716,#9717,#9718,#9725));
#9716 = ORIENTED_EDGE('',*,*,#3555,.F.);
#9717 = ORIENTED_EDGE('',*,*,#9193,.F.);
#9718 = ORIENTED_EDGE('',*,*,#9719,.T.);
#9719 = EDGE_CURVE('',#9194,#6335,#9720,.T.);
#9720 = ( BOUNDED_CURVE() B_SPLINE_CURVE(2,(#9721,#9722,#9723,#9724),
.UNSPECIFIED.,.F.,.F.) B_SPLINE_CURVE_WITH_KNOTS((3,1,3),(
    -0.352998490577,6.157075717328E-14,8.767282772495),.UNSPECIFIED.) 
CURVE() GEOMETRIC_REPRESENTATION_ITEM() RATIONAL_B_SPLINE_CURVE((
    1.056651799772,1.056651799772,1.056651799772,1.056651799772)) 
REPRESENTATION_ITEM('') );
#9721 = CARTESIAN_POINT('',(16.196991251037,-3.647001509423,
    -14.88816558256));
#9722 = CARTESIAN_POINT('',(16.196991251037,-3.823500754712,
    -14.88816558256));
#9723 = CARTESIAN_POINT('',(16.196991251037,-8.383641386248,
    -14.88816558256));
#9724 = CARTESIAN_POINT('',(16.196991251037,-12.76728277249,
    -14.88816558256));
#9725 = ORIENTED_EDGE('',*,*,#9687,.F.);
#9726 = ( BOUNDED_SURFACE() B_SPLINE_SURFACE(6,2,(
    (#9727,#9728,#9729,#9730)
    ,(#9731,#9732,#9733,#9734)
    ,(#9735,#9736,#9737,#9738)
    ,(#9739,#9740,#9741,#9742)
    ,(#9743,#9744,#9745,#9746)
    ,(#9747,#9748,#9749,#9750)
    ,(#9751,#9752,#9753,#9754
)),.UNSPECIFIED.,.F.,.F.,.F.) B_SPLINE_SURFACE_WITH_KNOTS((7,7),(3,1,3),
  (0.,8.767282772495),(-0.352998490577,6.157075717328E-14,8.767282772495
),.UNSPECIFIED.) GEOMETRIC_REPRESENTATION_ITEM() 
RATIONAL_B_SPLINE_SURFACE((
    (1.056651799772,1.056651799772,1.056651799772,1.056651799772)
    ,(1.017452375137,1.017452375137,1.017452375137,1.017452375137)
    ,(0.99632276822,0.99632276822,0.99632276822,0.99632276822)
    ,(0.98937924261,0.98937924261,0.98937924261,0.98937924261)
    ,(0.99632276822,0.99632276822,0.99632276822,0.99632276822)
    ,(1.017452375137,1.017452375137,1.017452375137,1.017452375137)
    ,(1.056651799772,1.056651799772,1.056651799772,1.056651799772
))) REPRESENTATION_ITEM('') SURFACE() );
#9727 = CARTESIAN_POINT('',(16.093124141416,-3.647001509423,
    -14.5575794717));
#9728 = CARTESIAN_POINT('',(16.093124141416,-3.823500754712,
    -14.5575794717));
#9729 = CARTESIAN_POINT('',(16.093124141416,-8.383641386248,
    -14.5575794717));
#9730 = CARTESIAN_POINT('',(16.093124141416,-12.76728277249,
    -14.5575794717));
#9731 = CARTESIAN_POINT('',(16.16393619123,-3.647001509423,
    -14.5733125041));
#9732 = CARTESIAN_POINT('',(16.16393619123,-3.823500754712,
    -14.5733125041));
#9733 = CARTESIAN_POINT('',(16.16393619123,-8.383641386248,
    -14.5733125041));
#9734 = CARTESIAN_POINT('',(16.16393619123,-12.76728277249,
    -14.5733125041));
#9735 = CARTESIAN_POINT('',(16.224587953011,-3.647001509423,
    -14.61858987553));
#9736 = CARTESIAN_POINT('',(16.224587953011,-3.823500754712,
    -14.61858987553));
#9737 = CARTESIAN_POINT('',(16.224587953011,-8.383641386248,
    -14.61858987553));
#9738 = CARTESIAN_POINT('',(16.224587953011,-12.76728277249,
    -14.61858987553));
#9739 = CARTESIAN_POINT('',(16.262537269724,-3.647001509423,
    -14.68596152773));
#9740 = CARTESIAN_POINT('',(16.262537269724,-3.823500754712,
    -14.68596152773));
#9741 = CARTESIAN_POINT('',(16.262537269724,-8.383641386248,
    -14.68596152773));
#9742 = CARTESIAN_POINT('',(16.262537269724,-12.76728277249,
    -14.68596152773));
#9743 = CARTESIAN_POINT('',(16.269938625476,-3.647001509423,
    -14.76293106776));
#9744 = CARTESIAN_POINT('',(16.269938625476,-3.823500754712,
    -14.76293106776));
#9745 = CARTESIAN_POINT('',(16.269938625476,-8.383641386248,
    -14.76293106776));
#9746 = CARTESIAN_POINT('',(16.269938625476,-12.76728277249,
    -14.76293106776));
#9747 = CARTESIAN_POINT('',(16.246080768238,-3.647001509423,
    -14.83476058271));
#9748 = CARTESIAN_POINT('',(16.246080768238,-3.823500754712,
    -14.83476058271));
#9749 = CARTESIAN_POINT('',(16.246080768238,-8.383641386248,
    -14.83476058271));
#9750 = CARTESIAN_POINT('',(16.246080768238,-12.76728277249,
    -14.83476058271));
#9751 = CARTESIAN_POINT('',(16.196991251037,-3.647001509423,
    -14.88816558256));
#9752 = CARTESIAN_POINT('',(16.196991251037,-3.823500754712,
    -14.88816558256));
#9753 = CARTESIAN_POINT('',(16.196991251037,-8.383641386248,
    -14.88816558256));
#9754 = CARTESIAN_POINT('',(16.196991251037,-12.76728277249,
    -14.88816558256));
#9755 = ADVANCED_FACE('',(#9756),#9761,.T.);
#9756 = FACE_BOUND('',#9757,.F.);
#9757 = EDGE_LOOP('',(#9758,#9759,#9760));
#9758 = ORIENTED_EDGE('',*,*,#5424,.F.);
#9759 = ORIENTED_EDGE('',*,*,#9499,.F.);
#9760 = ORIENTED_EDGE('',*,*,#3513,.F.);
#9761 = CONICAL_SURFACE('',#9762,25.,1.047197551197);
#9762 = AXIS2_PLACEMENT_3D('',#9763,#9764,#9765);
#9763 = CARTESIAN_POINT('',(-1.302010969819E-15,-16.5,2.703653637402E-15
    ));
#9764 = DIRECTION('',(-1.736014626426E-16,1.,3.604871516535E-16));
#9765 = DIRECTION('',(0.623489801859,-1.736014626426E-16,0.781831482468)
  );
#9766 = ADVANCED_FACE('',(#9767),#9791,.T.);
#9767 = FACE_BOUND('',#9768,.F.);
#9768 = EDGE_LOOP('',(#9769,#9789,#9790));
#9769 = ORIENTED_EDGE('',*,*,#9770,.T.);
#9770 = EDGE_CURVE('',#3439,#5433,#9771,.T.);
#9771 = B_SPLINE_CURVE_WITH_KNOTS('',6,(#9772,#9773,#9774,#9775,#9776,
    #9777,#9778,#9779,#9780,#9781,#9782,#9783,#9784,#9785,#9786,#9787,
    #9788),.UNSPECIFIED.,.F.,.F.,(7,5,5,7),(0.,0.245541347732,
    0.675708691471,1.),.UNSPECIFIED.);
#9772 = CARTESIAN_POINT('',(17.773647574988,-18.40496635575,
    -12.45026973948));
#9773 = CARTESIAN_POINT('',(17.780997033419,-18.39636023152,
    -12.46575906617));
#9774 = CARTESIAN_POINT('',(17.789938497632,-18.38725030821,
    -12.48048969137));
#9775 = CARTESIAN_POINT('',(17.800374001084,-18.37775220247,
    -12.49425722364));
#9776 = CARTESIAN_POINT('',(17.812170348032,-18.36799186464,
    -12.50687531918));
#9777 = CARTESIAN_POINT('',(17.825165522404,-18.35810006775,
    -12.51818259733));
#9778 = CARTESIAN_POINT('',(17.863718667062,-18.3308749108,
    -12.54533561974));
#9779 = CARTESIAN_POINT('',(17.891375378223,-18.31353897313,
    -12.5582006253));
#9780 = CARTESIAN_POINT('',(17.921155526691,-18.29689801848,
    -12.56594780149));
#9781 = CARTESIAN_POINT('',(17.951859598926,-18.28164762708,
    -12.5681704847));
#9782 = CARTESIAN_POINT('',(17.982213093197,-18.26838513225,
    -12.56485083835));
#9783 = CARTESIAN_POINT('',(18.03277375195,-18.24937416822,
    -12.54990306649));
#9784 = CARTESIAN_POINT('',(18.053639666106,-18.24257951721,
    -12.54052130071));
#9785 = CARTESIAN_POINT('',(18.073133813858,-18.23734942658,
    -12.52832636307));
#9786 = CARTESIAN_POINT('',(18.090785525133,-18.23381660738,
    -12.51358229891));
#9787 = CARTESIAN_POINT('',(18.106192999098,-18.23205080756,
    -12.49665113357));
#9788 = CARTESIAN_POINT('',(18.119057808089,-18.23205080756,
    -12.47797035367));
#9789 = ORIENTED_EDGE('',*,*,#5432,.F.);
#9790 = ORIENTED_EDGE('',*,*,#3447,.T.);
#9791 = CONICAL_SURFACE('',#9792,25.,1.047197551197);
#9792 = AXIS2_PLACEMENT_3D('',#9793,#9794,#9795);
#9793 = CARTESIAN_POINT('',(-1.302010969819E-15,-16.5,2.703653637402E-15
    ));
#9794 = DIRECTION('',(-1.736014626426E-16,1.,3.604871516535E-16));
#9795 = DIRECTION('',(0.623489801859,-1.736014626426E-16,0.781831482468)
  );
#9796 = ADVANCED_FACE('',(#9797),#9809,.T.);
#9797 = FACE_BOUND('',#9798,.T.);
#9798 = EDGE_LOOP('',(#9799,#9800,#9801,#9808));
#9799 = ORIENTED_EDGE('',*,*,#3438,.F.);
#9800 = ORIENTED_EDGE('',*,*,#9770,.T.);
#9801 = ORIENTED_EDGE('',*,*,#9802,.T.);
#9802 = EDGE_CURVE('',#5433,#3678,#9803,.T.);
#9803 = ( BOUNDED_CURVE() B_SPLINE_CURVE(2,(#9804,#9805,#9806,#9807),
.UNSPECIFIED.,.F.,.F.) B_SPLINE_CURVE_WITH_KNOTS((3,1,3),(
-2.999333580064,5.767949192431,6.120947683008),.UNSPECIFIED.) CURVE() 
GEOMETRIC_REPRESENTATION_ITEM() RATIONAL_B_SPLINE_CURVE((1.056651799772,
1.056651799772,1.056651799772,1.056651799772)) REPRESENTATION_ITEM('') 
  );
#9804 = CARTESIAN_POINT('',(18.119057808089,-15.2327172275,
    -12.47797035367));
#9805 = CARTESIAN_POINT('',(18.119057808089,-19.61635861375,
    -12.47797035367));
#9806 = CARTESIAN_POINT('',(18.119057808089,-24.17649924528,
    -12.47797035367));
#9807 = CARTESIAN_POINT('',(18.119057808089,-24.35299849057,
    -12.47797035367));
#9808 = ORIENTED_EDGE('',*,*,#3722,.T.);
#9809 = ( BOUNDED_SURFACE() B_SPLINE_SURFACE(6,2,(
    (#9810,#9811,#9812,#9813)
    ,(#9814,#9815,#9816,#9817)
    ,(#9818,#9819,#9820,#9821)
    ,(#9822,#9823,#9824,#9825)
    ,(#9826,#9827,#9828,#9829)
    ,(#9830,#9831,#9832,#9833)
    ,(#9834,#9835,#9836,#9837
)),.UNSPECIFIED.,.F.,.F.,.F.) B_SPLINE_SURFACE_WITH_KNOTS((7,7),(3,1,3),
  (0.,8.767282772495),(-2.999333580064,5.767949192431,6.120947683008),
.UNSPECIFIED.) GEOMETRIC_REPRESENTATION_ITEM() RATIONAL_B_SPLINE_SURFACE
((
    (1.056651799772,1.056651799772,1.056651799772,1.056651799772)
    ,(1.017452375137,1.017452375137,1.017452375137,1.017452375137)
    ,(0.99632276822,0.99632276822,0.99632276822,0.99632276822)
    ,(0.98937924261,0.98937924261,0.98937924261,0.98937924261)
    ,(0.99632276822,0.99632276822,0.99632276822,0.99632276822)
    ,(1.017452375137,1.017452375137,1.017452375137,1.017452375137)
    ,(1.056651799772,1.056651799772,1.056651799772,1.056651799772
))) REPRESENTATION_ITEM('') SURFACE() );
#9810 = CARTESIAN_POINT('',(17.773647574988,-15.2327172275,
    -12.45026973948));
#9811 = CARTESIAN_POINT('',(17.773647574988,-19.61635861375,
    -12.45026973948));
#9812 = CARTESIAN_POINT('',(17.773647574988,-24.17649924528,
    -12.45026973948));
#9813 = CARTESIAN_POINT('',(17.773647574988,-24.35299849057,
    -12.45026973948));
#9814 = CARTESIAN_POINT('',(17.804743310882,-15.2327172275,
    -12.5158054543));
#9815 = CARTESIAN_POINT('',(17.804743310882,-19.61635861375,
    -12.5158054543));
#9816 = CARTESIAN_POINT('',(17.804743310882,-24.17649924528,
    -12.5158054543));
#9817 = CARTESIAN_POINT('',(17.804743310882,-24.35299849057,
    -12.5158054543));
#9818 = CARTESIAN_POINT('',(17.862381770761,-15.2327172275,
    -12.56486138681));
#9819 = CARTESIAN_POINT('',(17.862381770761,-19.61635861375,
    -12.56486138681));
#9820 = CARTESIAN_POINT('',(17.862381770761,-24.17649924528,
    -12.56486138681));
#9821 = CARTESIAN_POINT('',(17.862381770761,-24.35299849057,
    -12.56486138681));
#9822 = CARTESIAN_POINT('',(17.936508792376,-15.2327172275,
    -12.58686763195));
#9823 = CARTESIAN_POINT('',(17.936508792376,-19.61635861375,
    -12.58686763195));
#9824 = CARTESIAN_POINT('',(17.936508792376,-24.17649924528,
    -12.58686763195));
#9825 = CARTESIAN_POINT('',(17.936508792376,-24.35299849057,
    -12.58686763195));
#9826 = CARTESIAN_POINT('',(18.01319550193,-15.2327172275,
    -12.57695608633));
#9827 = CARTESIAN_POINT('',(18.01319550193,-19.61635861375,
    -12.57695608633));
#9828 = CARTESIAN_POINT('',(18.01319550193,-24.17649924528,
    -12.57695608633));
#9829 = CARTESIAN_POINT('',(18.01319550193,-24.35299849057,
    -12.57695608633));
#9830 = CARTESIAN_POINT('',(18.077915228306,-15.2327172275,
    -12.53771282463));
#9831 = CARTESIAN_POINT('',(18.077915228306,-19.61635861375,
    -12.53771282463));
#9832 = CARTESIAN_POINT('',(18.077915228306,-24.17649924528,
    -12.53771282463));
#9833 = CARTESIAN_POINT('',(18.077915228306,-24.35299849057,
    -12.53771282463));
#9834 = CARTESIAN_POINT('',(18.119057808089,-15.2327172275,
    -12.47797035367));
#9835 = CARTESIAN_POINT('',(18.119057808089,-19.61635861375,
    -12.47797035367));
#9836 = CARTESIAN_POINT('',(18.119057808089,-24.17649924528,
    -12.47797035367));
#9837 = CARTESIAN_POINT('',(18.119057808089,-24.35299849057,
    -12.47797035367));
#9838 = ADVANCED_FACE('',(#9839),#9851,.T.);
#9839 = FACE_BOUND('',#9840,.F.);
#9840 = EDGE_LOOP('',(#9841,#9842,#9843,#9844));
#9841 = ORIENTED_EDGE('',*,*,#5441,.F.);
#9842 = ORIENTED_EDGE('',*,*,#9802,.T.);
#9843 = ORIENTED_EDGE('',*,*,#3677,.T.);
#9844 = ORIENTED_EDGE('',*,*,#9845,.F.);
#9845 = EDGE_CURVE('',#5442,#3680,#9846,.T.);
#9846 = ( BOUNDED_CURVE() B_SPLINE_CURVE(2,(#9847,#9848,#9849,#9850),
.UNSPECIFIED.,.F.,.F.) B_SPLINE_CURVE_WITH_KNOTS((3,1,3),(
-2.999333580064,5.767949192431,6.120947683008),.UNSPECIFIED.) CURVE() 
GEOMETRIC_REPRESENTATION_ITEM() RATIONAL_B_SPLINE_CURVE((1.056651799772,
1.056651799772,1.056651799772,1.056651799772)) REPRESENTATION_ITEM('') 
  );
#9847 = CARTESIAN_POINT('',(21.052717822436,-15.2327172275,
    -6.386162563612));
#9848 = CARTESIAN_POINT('',(21.052717822436,-19.61635861375,
    -6.386162563612));
#9849 = CARTESIAN_POINT('',(21.052717822436,-24.17649924528,
    -6.386162563612));
#9850 = CARTESIAN_POINT('',(21.052717822436,-24.35299849057,
    -6.386162563612));
#9851 = CYLINDRICAL_SURFACE('',#9852,22.);
#9852 = AXIS2_PLACEMENT_3D('',#9853,#9854,#9855);
#9853 = CARTESIAN_POINT('',(6.661338147751E-15,-4.,-4.440892098501E-15)
  );
#9854 = DIRECTION('',(-3.330669073875E-16,-1.,2.22044604925E-16));
#9855 = DIRECTION('',(-3.229739708E-16,2.22044604925E-16,1.));
#9856 = ADVANCED_FACE('',(#9857),#9882,.F.);
#9857 = FACE_BOUND('',#9858,.F.);
#9858 = EDGE_LOOP('',(#9859,#9860,#9880,#9881));
#9859 = ORIENTED_EDGE('',*,*,#3857,.F.);
#9860 = ORIENTED_EDGE('',*,*,#9861,.T.);
#9861 = EDGE_CURVE('',#3847,#5442,#9862,.T.);
#9862 = B_SPLINE_CURVE_WITH_KNOTS('',6,(#9863,#9864,#9865,#9866,#9867,
    #9868,#9869,#9870,#9871,#9872,#9873,#9874,#9875,#9876,#9877,#9878,
    #9879),.UNSPECIFIED.,.F.,.F.,(7,5,5,7),(0.,0.245541347766,
    0.675708691504,1.),.UNSPECIFIED.);
#9863 = CARTESIAN_POINT('',(20.815700852387,-18.40496635575,
    -6.133381019457));
#9864 = CARTESIAN_POINT('',(20.832393208015,-18.39636023152,
    -6.129469620211));
#9865 = CARTESIAN_POINT('',(20.849484986309,-18.3872503082,
    -6.12727594384));
#9866 = CARTESIAN_POINT('',(20.86675530645,-18.37775220247,
    -6.126850833012));
#9867 = CARTESIAN_POINT('',(20.883975432815,-18.36799186463,
    -6.128206334548));
#9868 = CARTESIAN_POINT('',(20.90091817755,-18.35810006774,
    -6.13131639838));
#9869 = CARTESIAN_POINT('',(20.94618475784,-18.33087491079,
    -6.144528828064));
#9870 = CARTESIAN_POINT('',(20.973486701573,-18.31353897313,
    -6.158130515783));
#9871 = CARTESIAN_POINT('',(20.998111306686,-18.29689801847,
    -6.176583288061));
#9872 = CARTESIAN_POINT('',(21.018992746303,-18.28164762707,
    -6.199202878065));
#9873 = CARTESIAN_POINT('',(21.035322436409,-18.26838513224,
    -6.22500396113));
#9874 = CARTESIAN_POINT('',(21.055159852876,-18.24937416822,
    -6.273853659234));
#9875 = CARTESIAN_POINT('',(21.060834577706,-18.2425795172,
    -6.296016723119));
#9876 = CARTESIAN_POINT('',(21.063454593852,-18.23734942658,
    -6.318861280806));
#9877 = CARTESIAN_POINT('',(21.062932882281,-18.23381660737,
    -6.341854718035));
#9878 = CARTESIAN_POINT('',(21.059301967071,-18.23205080756,
    -6.364457175169));
#9879 = CARTESIAN_POINT('',(21.052717822436,-18.23205080756,
    -6.386162563612));
#9880 = ORIENTED_EDGE('',*,*,#9845,.T.);
#9881 = ORIENTED_EDGE('',*,*,#3688,.T.);
#9882 = ( BOUNDED_SURFACE() B_SPLINE_SURFACE(6,2,(
    (#9883,#9884,#9885,#9886)
    ,(#9887,#9888,#9889,#9890)
    ,(#9891,#9892,#9893,#9894)
    ,(#9895,#9896,#9897,#9898)
    ,(#9899,#9900,#9901,#9902)
    ,(#9903,#9904,#9905,#9906)
    ,(#9907,#9908,#9909,#9910
)),.UNSPECIFIED.,.F.,.F.,.F.) B_SPLINE_SURFACE_WITH_KNOTS((7,7),(3,1,3),
  (0.,8.767282772495),(-2.999333580064,5.767949192431,6.120947683008),
.UNSPECIFIED.) GEOMETRIC_REPRESENTATION_ITEM() RATIONAL_B_SPLINE_SURFACE
((
    (1.056651799772,1.056651799772,1.056651799772,1.056651799772)
    ,(1.017452375137,1.017452375137,1.017452375137,1.017452375137)
    ,(0.99632276822,0.99632276822,0.99632276822,0.99632276822)
    ,(0.98937924261,0.98937924261,0.98937924261,0.98937924261)
    ,(0.99632276822,0.99632276822,0.99632276822,0.99632276822)
    ,(1.017452375137,1.017452375137,1.017452375137,1.017452375137)
    ,(1.056651799772,1.056651799772,1.056651799772,1.056651799772
))) REPRESENTATION_ITEM('') SURFACE() );
#9883 = CARTESIAN_POINT('',(20.815700852387,-15.2327172275,
    -6.133381019457));
#9884 = CARTESIAN_POINT('',(20.815700852387,-19.61635861375,
    -6.133381019457));
#9885 = CARTESIAN_POINT('',(20.815700852387,-24.17649924528,
    -6.133381019457));
#9886 = CARTESIAN_POINT('',(20.815700852387,-24.35299849057,
    -6.133381019457));
#9887 = CARTESIAN_POINT('',(20.886326611668,-15.2327172275,
    -6.116831794903));
#9888 = CARTESIAN_POINT('',(20.886326611669,-19.61635861375,
    -6.116831794903));
#9889 = CARTESIAN_POINT('',(20.886326611669,-24.17649924528,
    -6.116831794903));
#9890 = CARTESIAN_POINT('',(20.886326611669,-24.35299849057,
    -6.116831794903));
#9891 = CARTESIAN_POINT('',(20.960617076032,-15.2327172275,
    -6.131309483799));
#9892 = CARTESIAN_POINT('',(20.960617076032,-19.61635861375,
    -6.131309483799));
#9893 = CARTESIAN_POINT('',(20.960617076032,-24.17649924528,
    -6.131309483799));
#9894 = CARTESIAN_POINT('',(20.960617076032,-24.35299849057,
    -6.131309483799));
#9895 = CARTESIAN_POINT('',(21.024039693315,-15.2327172275,
    -6.175543653575));
#9896 = CARTESIAN_POINT('',(21.024039693315,-19.61635861375,
    -6.175543653575));
#9897 = CARTESIAN_POINT('',(21.024039693315,-24.17649924528,
    -6.175543653575));
#9898 = CARTESIAN_POINT('',(21.024039693315,-24.35299849057,
    -6.175543653575));
#9899 = CARTESIAN_POINT('',(21.064103916252,-15.2327172275,
    -6.241679485008));
#9900 = CARTESIAN_POINT('',(21.064103916252,-19.61635861375,
    -6.241679485008));
#9901 = CARTESIAN_POINT('',(21.064103916252,-24.17649924528,
    -6.241679485008));
#9902 = CARTESIAN_POINT('',(21.064103916252,-24.35299849057,
    -6.241679485008));
#9903 = CARTESIAN_POINT('',(21.073774388155,-15.2327172275,
    -6.316747178087));
#9904 = CARTESIAN_POINT('',(21.073774388155,-19.61635861375,
    -6.316747178087));
#9905 = CARTESIAN_POINT('',(21.073774388155,-24.17649924528,
    -6.316747178087));
#9906 = CARTESIAN_POINT('',(21.073774388155,-24.35299849057,
    -6.316747178087));
#9907 = CARTESIAN_POINT('',(21.052717822436,-15.2327172275,
    -6.386162563612));
#9908 = CARTESIAN_POINT('',(21.052717822436,-19.61635861375,
    -6.386162563612));
#9909 = CARTESIAN_POINT('',(21.052717822436,-24.17649924528,
    -6.386162563612));
#9910 = CARTESIAN_POINT('',(21.052717822436,-24.35299849057,
    -6.386162563612));
#9911 = ADVANCED_FACE('',(#9912),#9968,.T.);
#9912 = FACE_BOUND('',#9913,.T.);
#9913 = EDGE_LOOP('',(#9914,#9915,#9916,#9938,#9947,#9967));
#9914 = ORIENTED_EDGE('',*,*,#5860,.T.);
#9915 = ORIENTED_EDGE('',*,*,#4209,.T.);
#9916 = ORIENTED_EDGE('',*,*,#9917,.F.);
#9917 = EDGE_CURVE('',#9918,#4210,#9920,.T.);
#9918 = VERTEX_POINT('',#9919);
#9919 = CARTESIAN_POINT('',(21.738695434462,-4.4,3.380698272207));
#9920 = B_SPLINE_CURVE_WITH_KNOTS('',6,(#9921,#9922,#9923,#9924,#9925,
    #9926,#9927,#9928,#9929,#9930,#9931,#9932,#9933,#9934,#9935,#9936,
    #9937),.UNSPECIFIED.,.F.,.F.,(7,5,5,7),(0.,0.316956850884,
    0.754284106066,1.),.UNSPECIFIED.);
#9921 = CARTESIAN_POINT('',(21.738695434462,-4.4,3.380698272207));
#9922 = CARTESIAN_POINT('',(21.735284101953,-4.4,3.402633953082));
#9923 = CARTESIAN_POINT('',(21.728951164587,-4.397070317438,
    3.424116597796));
#9924 = CARTESIAN_POINT('',(21.719771114851,-4.391208924159,
    3.444652614532));
#9925 = CARTESIAN_POINT('',(21.707936064531,-4.382528879537,
    3.463771010225));
#9926 = CARTESIAN_POINT('',(21.693735036606,-4.371244413365,
    3.481055553963));
#9927 = CARTESIAN_POINT('',(21.655178543204,-4.338909528282,
    3.517040961473));
#9928 = CARTESIAN_POINT('',(21.629014321405,-4.315777243691,
    3.533786483645));
#9929 = CARTESIAN_POINT('',(21.599993698935,-4.28904625933,
    3.545546608701));
#9930 = CARTESIAN_POINT('',(21.569330797527,-4.25980277247,
    3.551756629871));
#9931 = CARTESIAN_POINT('',(21.538337525053,-4.22930404289,
    3.552257262015));
#9932 = CARTESIAN_POINT('',(21.491358406847,-4.18167965882,
    3.544443903977));
#9933 = CARTESIAN_POINT('',(21.47474721624,-4.164549816957,
    3.539895984241));
#9934 = CARTESIAN_POINT('',(21.458646060952,-4.147646440081,
    3.533647401773));
#9935 = CARTESIAN_POINT('',(21.44327004416,-4.131194989754,
    3.525772252153));
#9936 = CARTESIAN_POINT('',(21.428819750254,-4.11541312386,
    3.516379251536));
#9937 = CARTESIAN_POINT('',(21.415472721725,-4.100501485124,
    3.505608764672));
#9938 = ORIENTED_EDGE('',*,*,#9939,.F.);
#9939 = EDGE_CURVE('',#9940,#9918,#9942,.T.);
#9940 = VERTEX_POINT('',#9941);
#9941 = CARTESIAN_POINT('',(21.738695434462,-4.4,-3.380698272207));
#9942 = CIRCLE('',#9943,22.);
#9943 = AXIS2_PLACEMENT_3D('',#9944,#9945,#9946);
#9944 = CARTESIAN_POINT('',(6.528111384796E-15,-4.4,-6.528111384796E-15)
  );
#9945 = DIRECTION('',(-3.330669073875E-16,-1.,3.330669073875E-16));
#9946 = DIRECTION('',(-2.3415612883E-16,3.330669073875E-16,1.));
#9947 = ORIENTED_EDGE('',*,*,#9948,.T.);
#9948 = EDGE_CURVE('',#9940,#3975,#9949,.T.);
#9949 = B_SPLINE_CURVE_WITH_KNOTS('',6,(#9950,#9951,#9952,#9953,#9954,
    #9955,#9956,#9957,#9958,#9959,#9960,#9961,#9962,#9963,#9964,#9965,
    #9966),.UNSPECIFIED.,.F.,.F.,(7,5,5,7),(0.,0.316956850941,
    0.754284106122,1.),.UNSPECIFIED.);
#9950 = CARTESIAN_POINT('',(21.738695434462,-4.4,-3.380698272207));
#9951 = CARTESIAN_POINT('',(21.735284101952,-4.4,-3.402633953086));
#9952 = CARTESIAN_POINT('',(21.728951164585,-4.397070317437,
    -3.424116597803));
#9953 = CARTESIAN_POINT('',(21.719771114846,-4.391208924156,
    -3.444652614543));
#9954 = CARTESIAN_POINT('',(21.707936064522,-4.382528879531,
    -3.463771010239));
#9955 = CARTESIAN_POINT('',(21.693735036593,-4.371244413355,
    -3.481055553978));
#9956 = CARTESIAN_POINT('',(21.655178543184,-4.338909528265,
    -3.517040961487));
#9957 = CARTESIAN_POINT('',(21.629014321383,-4.315777243671,
    -3.533786483656));
#9958 = CARTESIAN_POINT('',(21.599993698912,-4.289046259308,
    -3.545546608708));
#9959 = CARTESIAN_POINT('',(21.569330797503,-4.259802772447,
    -3.551756629875));
#9960 = CARTESIAN_POINT('',(21.538337525029,-4.229304042866,
    -3.552257262015));
#9961 = CARTESIAN_POINT('',(21.491358406828,-4.1816796588,
    -3.544443903971));
#9962 = CARTESIAN_POINT('',(21.474747216225,-4.164549816942,
    -3.539895984235));
#9963 = CARTESIAN_POINT('',(21.458646060942,-4.14764644007,
    -3.533647401767));
#9964 = CARTESIAN_POINT('',(21.443270044153,-4.131194989747,
    -3.525772252148));
#9965 = CARTESIAN_POINT('',(21.428819750251,-4.115413123857,
    -3.516379251534));
#9966 = CARTESIAN_POINT('',(21.415472721725,-4.100501485124,
    -3.505608764672));
#9967 = ORIENTED_EDGE('',*,*,#3983,.T.);
#9968 = CONICAL_SURFACE('',#9969,21.6,0.785398163397);
#9969 = AXIS2_PLACEMENT_3D('',#9970,#9971,#9972);
#9970 = CARTESIAN_POINT('',(6.661338147751E-15,-4.,-6.661338147751E-15)
  );
#9971 = DIRECTION('',(-3.330669073875E-16,-1.,3.330669073875E-16));
#9972 = DIRECTION('',(-2.302684791815E-16,3.330669073875E-16,1.));
#9973 = ADVANCED_FACE('',(#9974),#10005,.T.);
#9974 = FACE_BOUND('',#9975,.T.);
#9975 = EDGE_LOOP('',(#9976,#9977,#9978,#9985));
#9976 = ORIENTED_EDGE('',*,*,#3974,.F.);
#9977 = ORIENTED_EDGE('',*,*,#9948,.F.);
#9978 = ORIENTED_EDGE('',*,*,#9979,.T.);
#9979 = EDGE_CURVE('',#9940,#6292,#9980,.T.);
#9980 = ( BOUNDED_CURVE() B_SPLINE_CURVE(2,(#9981,#9982,#9983,#9984),
.UNSPECIFIED.,.F.,.F.) B_SPLINE_CURVE_WITH_KNOTS((3,1,3),(
    -0.352998490577,6.168843056153E-14,8.767282772495),.UNSPECIFIED.) 
CURVE() GEOMETRIC_REPRESENTATION_ITEM() RATIONAL_B_SPLINE_CURVE((
    1.056651799772,1.056651799772,1.056651799772,1.056651799772)) 
REPRESENTATION_ITEM('') );
#9981 = CARTESIAN_POINT('',(21.738695434462,-3.647001509423,
    -3.380698272207));
#9982 = CARTESIAN_POINT('',(21.738695434462,-3.823500754712,
    -3.380698272207));
#9983 = CARTESIAN_POINT('',(21.738695434462,-8.383641386248,
    -3.380698272207));
#9984 = CARTESIAN_POINT('',(21.738695434462,-12.76728277249,
    -3.380698272207));
#9985 = ORIENTED_EDGE('',*,*,#9986,.F.);
#9986 = EDGE_CURVE('',#3964,#6292,#9987,.T.);
#9987 = B_SPLINE_CURVE_WITH_KNOTS('',6,(#9988,#9989,#9990,#9991,#9992,
    #9993,#9994,#9995,#9996,#9997,#9998,#9999,#10000,#10001,#10002,
    #10003,#10004),.UNSPECIFIED.,.F.,.F.,(7,5,5,7),(0.,0.245541347766,
    0.675708691505,1.),.UNSPECIFIED.);
#9988 = CARTESIAN_POINT('',(21.415472721725,-9.595033644246,
    -3.505608764672));
#9989 = CARTESIAN_POINT('',(21.428814921948,-9.60363976848,
    -3.516375355297));
#9990 = CARTESIAN_POINT('',(21.443262281582,-9.612749691792,
    -3.525767634088));
#9991 = CARTESIAN_POINT('',(21.458637853692,-9.622247797528,
    -3.533643956788));
#9992 = CARTESIAN_POINT('',(21.474740781523,-9.632008135363,
    -3.539894224919));
#9993 = CARTESIAN_POINT('',(21.491355073191,-9.641899932255,
    -3.544443335665));
#9994 = CARTESIAN_POINT('',(21.537871511182,-9.669125089204,
    -3.552179780964));
#9995 = CARTESIAN_POINT('',(21.568371263645,-9.68646102687,
    -3.551770953211));
#9996 = CARTESIAN_POINT('',(21.598563624069,-9.703101981523,
    -3.545829795602));
#9997 = CARTESIAN_POINT('',(21.627191423369,-9.718352372925,
    -3.534510366303));
#9998 = CARTESIAN_POINT('',(21.653098636171,-9.731614867753,
    -3.518349580705));
#9999 = CARTESIAN_POINT('',(21.692166620496,-9.750625831778,
    -3.482944655938));
#10000 = CARTESIAN_POINT('',(21.70689556393,-9.757420482792,
    -3.465438596188));
#10001 = CARTESIAN_POINT('',(21.719167999018,-9.762650573418,
    -3.445993143313));
#10002 = CARTESIAN_POINT('',(21.728674431655,-9.766183392621,
    -3.425050410036));
#10003 = CARTESIAN_POINT('',(21.735209928703,-9.767949192431,
    -3.403110904753));
#10004 = CARTESIAN_POINT('',(21.738695434462,-9.767949192431,
    -3.380698272207));
#10005 = ( BOUNDED_SURFACE() B_SPLINE_SURFACE(6,2,(
    (#10006,#10007,#10008,#10009)
    ,(#10010,#10011,#10012,#10013)
    ,(#10014,#10015,#10016,#10017)
    ,(#10018,#10019,#10020,#10021)
    ,(#10022,#10023,#10024,#10025)
    ,(#10026,#10027,#10028,#10029)
    ,(#10030,#10031,#10032,#10033
)),.UNSPECIFIED.,.F.,.F.,.F.) B_SPLINE_SURFACE_WITH_KNOTS((7,7),(3,1,3),
  (0.,8.767282772495),(-0.352998490577,6.168843056153E-14,8.767282772495
),.UNSPECIFIED.) GEOMETRIC_REPRESENTATION_ITEM() 
RATIONAL_B_SPLINE_SURFACE((
    (1.056651799772,1.056651799772,1.056651799772,1.056651799772)
    ,(1.017452375137,1.017452375137,1.017452375137,1.017452375137)
    ,(0.99632276822,0.99632276822,0.99632276822,0.99632276822)
    ,(0.98937924261,0.98937924261,0.98937924261,0.98937924261)
    ,(0.99632276822,0.99632276822,0.99632276822,0.99632276822)
    ,(1.017452375137,1.017452375137,1.017452375137,1.017452375137)
    ,(1.056651799772,1.056651799772,1.056651799772,1.056651799772
))) REPRESENTATION_ITEM('') SURFACE() );
#10006 = CARTESIAN_POINT('',(21.415472721725,-3.647001509423,
    -3.505608764672));
#10007 = CARTESIAN_POINT('',(21.415472721725,-3.823500754712,
    -3.505608764672));
#10008 = CARTESIAN_POINT('',(21.415472721725,-8.383641386248,
    -3.505608764672));
#10009 = CARTESIAN_POINT('',(21.415472721725,-12.76728277249,
    -3.505608764672));
#10010 = CARTESIAN_POINT('',(21.471923892681,-3.647001509423,
    -3.551162469298));
#10011 = CARTESIAN_POINT('',(21.471923892681,-3.823500754712,
    -3.551162469298));
#10012 = CARTESIAN_POINT('',(21.471923892681,-8.383641386248,
    -3.551162469298));
#10013 = CARTESIAN_POINT('',(21.471923892681,-12.76728277249,
    -3.551162469298));
#10014 = CARTESIAN_POINT('',(21.545138922046,-3.647001509423,
    -3.570351946782));
#10015 = CARTESIAN_POINT('',(21.545138922046,-3.823500754712,
    -3.570351946782));
#10016 = CARTESIAN_POINT('',(21.545138922046,-8.383641386248,
    -3.570351946782));
#10017 = CARTESIAN_POINT('',(21.545138922046,-12.76728277249,
    -3.570351946782));
#10018 = CARTESIAN_POINT('',(21.621473212718,-3.647001509423,
    -3.558016379247));
#10019 = CARTESIAN_POINT('',(21.621473212718,-3.823500754712,
    -3.558016379247));
#10020 = CARTESIAN_POINT('',(21.621473212718,-8.383641386248,
    -3.558016379247));
#10021 = CARTESIAN_POINT('',(21.621473212718,-12.76728277249,
    -3.558016379247));
#10022 = CARTESIAN_POINT('',(21.686265092133,-3.647001509423,
    -3.515813268927));
#10023 = CARTESIAN_POINT('',(21.686265092133,-3.823500754712,
    -3.515813268927));
#10024 = CARTESIAN_POINT('',(21.686265092133,-8.383641386248,
    -3.515813268927));
#10025 = CARTESIAN_POINT('',(21.686265092133,-12.76728277249,
    -3.515813268927));
#10026 = CARTESIAN_POINT('',(21.727548537615,-3.647001509423,
    -3.452375474985));
#10027 = CARTESIAN_POINT('',(21.727548537615,-3.823500754712,
    -3.452375474985));
#10028 = CARTESIAN_POINT('',(21.727548537615,-8.383641386248,
    -3.452375474985));
#10029 = CARTESIAN_POINT('',(21.727548537615,-12.76728277249,
    -3.452375474985));
#10030 = CARTESIAN_POINT('',(21.738695434462,-3.647001509423,
    -3.380698272207));
#10031 = CARTESIAN_POINT('',(21.738695434462,-3.823500754712,
    -3.380698272207));
#10032 = CARTESIAN_POINT('',(21.738695434462,-8.383641386248,
    -3.380698272207));
#10033 = CARTESIAN_POINT('',(21.738695434462,-12.76728277249,
    -3.380698272207));
#10034 = ADVANCED_FACE('',(#10035),#10040,.T.);
#10035 = FACE_BOUND('',#10036,.F.);
#10036 = EDGE_LOOP('',(#10037,#10038,#10039));
#10037 = ORIENTED_EDGE('',*,*,#6300,.T.);
#10038 = ORIENTED_EDGE('',*,*,#9986,.F.);
#10039 = ORIENTED_EDGE('',*,*,#3963,.F.);
#10040 = CONICAL_SURFACE('',#10041,17.,1.047197551197);
#10041 = AXIS2_PLACEMENT_3D('',#10042,#10043,#10044);
#10042 = CARTESIAN_POINT('',(-3.705835203723E-15,-6.881197846483,
    4.646970363382E-15));
#10043 = DIRECTION('',(2.164774830908E-16,-1.,-2.714541777929E-16));
#10044 = DIRECTION('',(0.222520933956,-2.164774830908E-16,0.974927912182
    ));
#10045 = ADVANCED_FACE('',(#10046),#10070,.T.);
#10046 = FACE_BOUND('',#10047,.F.);
#10047 = EDGE_LOOP('',(#10048,#10068,#10069));
#10048 = ORIENTED_EDGE('',*,*,#10049,.T.);
#10049 = EDGE_CURVE('',#3889,#6309,#10050,.T.);
#10050 = B_SPLINE_CURVE_WITH_KNOTS('',6,(#10051,#10052,#10053,#10054,
    #10055,#10056,#10057,#10058,#10059,#10060,#10061,#10062,#10063,
    #10064,#10065,#10066,#10067),.UNSPECIFIED.,.F.,.F.,(7,5,5,7),(0.,
    0.24554134772,0.675708691458,1.),.UNSPECIFIED.);
#10051 = CARTESIAN_POINT('',(20.815700852387,-9.595033644246,
    -6.133381019457));
#10052 = CARTESIAN_POINT('',(20.832393208012,-9.603639768478,
    -6.129469620211));
#10053 = CARTESIAN_POINT('',(20.849484986303,-9.612749691788,
    -6.127275943841));
#10054 = CARTESIAN_POINT('',(20.866755306441,-9.622247797523,
    -6.126850833013));
#10055 = CARTESIAN_POINT('',(20.883975432802,-9.632008135356,
    -6.128206334547));
#10056 = CARTESIAN_POINT('',(20.900918177534,-9.641899932245,
    -6.131316398378));
#10057 = CARTESIAN_POINT('',(20.946184757822,-9.669125089192,
    -6.144528828056));
#10058 = CARTESIAN_POINT('',(20.973486701557,-9.686461026859,
    -6.158130515772));
#10059 = CARTESIAN_POINT('',(20.998111306671,-9.703101981512,
    -6.176583288048));
#10060 = CARTESIAN_POINT('',(21.01899274629,-9.718352372916,
    -6.199202878049));
#10061 = CARTESIAN_POINT('',(21.035322436399,-9.731614867745,
    -6.225003961113));
#10062 = CARTESIAN_POINT('',(21.055159852872,-9.750625831773,
    -6.273853659219));
#10063 = CARTESIAN_POINT('',(21.060834577705,-9.757420482789,
    -6.296016723106));
#10064 = CARTESIAN_POINT('',(21.063454593852,-9.762650573417,
    -6.318861280796));
#10065 = CARTESIAN_POINT('',(21.062932882282,-9.76618339262,
    -6.341854718029));
#10066 = CARTESIAN_POINT('',(21.059301967072,-9.767949192431,
    -6.364457175166));
#10067 = CARTESIAN_POINT('',(21.052717822436,-9.767949192431,
    -6.386162563612));
#10068 = ORIENTED_EDGE('',*,*,#6308,.T.);
#10069 = ORIENTED_EDGE('',*,*,#3897,.T.);
#10070 = CONICAL_SURFACE('',#10071,17.,1.047197551197);
#10071 = AXIS2_PLACEMENT_3D('',#10072,#10073,#10074);
#10072 = CARTESIAN_POINT('',(-3.705835203723E-15,-6.881197846483,
    4.646970363382E-15));
#10073 = DIRECTION('',(2.164774830908E-16,-1.,-2.714541777929E-16));
#10074 = DIRECTION('',(0.222520933956,-2.164774830908E-16,0.974927912182
    ));
#10075 = ADVANCED_FACE('',(#10076),#10088,.F.);
#10076 = FACE_BOUND('',#10077,.F.);
#10077 = EDGE_LOOP('',(#10078,#10079,#10080,#10087));
#10078 = ORIENTED_EDGE('',*,*,#3888,.F.);
#10079 = ORIENTED_EDGE('',*,*,#9555,.F.);
#10080 = ORIENTED_EDGE('',*,*,#10081,.T.);
#10081 = EDGE_CURVE('',#9556,#6309,#10082,.T.);
#10082 = ( BOUNDED_CURVE() B_SPLINE_CURVE(2,(#10083,#10084,#10085,#10086
),.UNSPECIFIED.,.F.,.F.) B_SPLINE_CURVE_WITH_KNOTS((3,1,3),(
    -0.352998490577,6.157075717328E-14,8.767282772495),.UNSPECIFIED.) 
CURVE() GEOMETRIC_REPRESENTATION_ITEM() RATIONAL_B_SPLINE_CURVE((
    1.056651799772,1.056651799772,1.056651799772,1.056651799772)) 
REPRESENTATION_ITEM('') );
#10083 = CARTESIAN_POINT('',(21.052717822436,-3.647001509423,
    -6.386162563612));
#10084 = CARTESIAN_POINT('',(21.052717822436,-3.823500754712,
    -6.386162563612));
#10085 = CARTESIAN_POINT('',(21.052717822436,-8.383641386248,
    -6.386162563612));
#10086 = CARTESIAN_POINT('',(21.052717822436,-12.76728277249,
    -6.386162563612));
#10087 = ORIENTED_EDGE('',*,*,#10049,.F.);
#10088 = ( BOUNDED_SURFACE() B_SPLINE_SURFACE(6,2,(
    (#10089,#10090,#10091,#10092)
    ,(#10093,#10094,#10095,#10096)
    ,(#10097,#10098,#10099,#10100)
    ,(#10101,#10102,#10103,#10104)
    ,(#10105,#10106,#10107,#10108)
    ,(#10109,#10110,#10111,#10112)
    ,(#10113,#10114,#10115,#10116
)),.UNSPECIFIED.,.F.,.F.,.F.) B_SPLINE_SURFACE_WITH_KNOTS((7,7),(3,1,3),
  (0.,8.767282772495),(-0.352998490577,6.157075717328E-14,8.767282772495
),.UNSPECIFIED.) GEOMETRIC_REPRESENTATION_ITEM() 
RATIONAL_B_SPLINE_SURFACE((
    (1.056651799772,1.056651799772,1.056651799772,1.056651799772)
    ,(1.017452375137,1.017452375137,1.017452375137,1.017452375137)
    ,(0.99632276822,0.99632276822,0.99632276822,0.99632276822)
    ,(0.98937924261,0.98937924261,0.98937924261,0.98937924261)
    ,(0.99632276822,0.99632276822,0.99632276822,0.99632276822)
    ,(1.017452375137,1.017452375137,1.017452375137,1.017452375137)
    ,(1.056651799772,1.056651799772,1.056651799772,1.056651799772
))) REPRESENTATION_ITEM('') SURFACE() );
#10089 = CARTESIAN_POINT('',(20.815700852387,-3.647001509423,
    -6.133381019457));
#10090 = CARTESIAN_POINT('',(20.815700852387,-3.823500754712,
    -6.133381019457));
#10091 = CARTESIAN_POINT('',(20.815700852387,-8.383641386248,
    -6.133381019457));
#10092 = CARTESIAN_POINT('',(20.815700852387,-12.76728277249,
    -6.133381019457));
#10093 = CARTESIAN_POINT('',(20.886326611668,-3.647001509423,
    -6.116831794903));
#10094 = CARTESIAN_POINT('',(20.886326611668,-3.823500754712,
    -6.116831794903));
#10095 = CARTESIAN_POINT('',(20.886326611668,-8.383641386248,
    -6.116831794903));
#10096 = CARTESIAN_POINT('',(20.886326611668,-12.76728277249,
    -6.116831794903));
#10097 = CARTESIAN_POINT('',(20.960617076032,-3.647001509423,
    -6.131309483799));
#10098 = CARTESIAN_POINT('',(20.960617076032,-3.823500754712,
    -6.131309483799));
#10099 = CARTESIAN_POINT('',(20.960617076032,-8.383641386248,
    -6.131309483799));
#10100 = CARTESIAN_POINT('',(20.960617076032,-12.76728277249,
    -6.131309483799));
#10101 = CARTESIAN_POINT('',(21.024039693315,-3.647001509423,
    -6.175543653575));
#10102 = CARTESIAN_POINT('',(21.024039693315,-3.823500754712,
    -6.175543653575));
#10103 = CARTESIAN_POINT('',(21.024039693315,-8.383641386248,
    -6.175543653575));
#10104 = CARTESIAN_POINT('',(21.024039693315,-12.76728277249,
    -6.175543653575));
#10105 = CARTESIAN_POINT('',(21.064103916252,-3.647001509423,
    -6.241679485008));
#10106 = CARTESIAN_POINT('',(21.064103916252,-3.823500754712,
    -6.241679485008));
#10107 = CARTESIAN_POINT('',(21.064103916252,-8.383641386248,
    -6.241679485008));
#10108 = CARTESIAN_POINT('',(21.064103916252,-12.76728277249,
    -6.241679485008));
#10109 = CARTESIAN_POINT('',(21.073774388155,-3.647001509423,
    -6.316747178087));
#10110 = CARTESIAN_POINT('',(21.073774388155,-3.823500754712,
    -6.316747178087));
#10111 = CARTESIAN_POINT('',(21.073774388155,-8.383641386248,
    -6.316747178087));
#10112 = CARTESIAN_POINT('',(21.073774388155,-12.76728277249,
    -6.316747178087));
#10113 = CARTESIAN_POINT('',(21.052717822436,-3.647001509423,
    -6.386162563612));
#10114 = CARTESIAN_POINT('',(21.052717822436,-3.823500754712,
    -6.386162563612));
#10115 = CARTESIAN_POINT('',(21.052717822436,-8.383641386248,
    -6.386162563612));
#10116 = CARTESIAN_POINT('',(21.052717822436,-12.76728277249,
    -6.386162563612));
#10117 = ADVANCED_FACE('',(#10118),#10123,.T.);
#10118 = FACE_BOUND('',#10119,.F.);
#10119 = EDGE_LOOP('',(#10120,#10121,#10122));
#10120 = ORIENTED_EDGE('',*,*,#5450,.F.);
#10121 = ORIENTED_EDGE('',*,*,#9861,.F.);
#10122 = ORIENTED_EDGE('',*,*,#3846,.F.);
#10123 = CONICAL_SURFACE('',#10124,25.,1.047197551197);
#10124 = AXIS2_PLACEMENT_3D('',#10125,#10126,#10127);
#10125 = CARTESIAN_POINT('',(-1.623581123181E-15,-16.5,
    2.035906333447E-15));
#10126 = DIRECTION('',(-2.164774830908E-16,1.,2.714541777929E-16));
#10127 = DIRECTION('',(0.222520933956,-2.164774830908E-16,0.974927912182
    ));
#10128 = ADVANCED_FACE('',(#10129),#10153,.T.);
#10129 = FACE_BOUND('',#10130,.F.);
#10130 = EDGE_LOOP('',(#10131,#10151,#10152));
#10131 = ORIENTED_EDGE('',*,*,#10132,.T.);
#10132 = EDGE_CURVE('',#3772,#5459,#10133,.T.);
#10133 = B_SPLINE_CURVE_WITH_KNOTS('',6,(#10134,#10135,#10136,#10137,
    #10138,#10139,#10140,#10141,#10142,#10143,#10144,#10145,#10146,
    #10147,#10148,#10149,#10150),.UNSPECIFIED.,.F.,.F.,(7,5,5,7),(0.,
    0.245541347732,0.675708691471,1.),.UNSPECIFIED.);
#10134 = CARTESIAN_POINT('',(21.415472721725,-18.40496635575,
    -3.505608764672));
#10135 = CARTESIAN_POINT('',(21.428814921946,-18.39636023152,
    -3.516375355296));
#10136 = CARTESIAN_POINT('',(21.443262281578,-18.38725030821,
    -3.525767634085));
#10137 = CARTESIAN_POINT('',(21.458637853686,-18.37775220247,
    -3.533643956784));
#10138 = CARTESIAN_POINT('',(21.474740781514,-18.36799186464,
    -3.539894224915));
#10139 = CARTESIAN_POINT('',(21.491355073179,-18.35810006775,
    -3.544443335662));
#10140 = CARTESIAN_POINT('',(21.537871511168,-18.3308749108,
    -3.552179780963));
#10141 = CARTESIAN_POINT('',(21.568371263631,-18.31353897313,
    -3.551770953213));
#10142 = CARTESIAN_POINT('',(21.598563624055,-18.29689801848,
    -3.545829795606));
#10143 = CARTESIAN_POINT('',(21.627191423356,-18.28164762708,
    -3.534510366309));
#10144 = CARTESIAN_POINT('',(21.653098636159,-18.26838513225,
    -3.518349580713));
#10145 = CARTESIAN_POINT('',(21.692166620488,-18.24937416822,
    -3.482944655947));
#10146 = CARTESIAN_POINT('',(21.706895563925,-18.24257951721,
    -3.465438596196));
#10147 = CARTESIAN_POINT('',(21.719167999015,-18.23734942658,
    -3.44599314332));
#10148 = CARTESIAN_POINT('',(21.728674431654,-18.23381660738,
    -3.425050410041));
#10149 = CARTESIAN_POINT('',(21.735209928703,-18.23205080756,
    -3.403110904756));
#10150 = CARTESIAN_POINT('',(21.738695434462,-18.23205080756,
    -3.380698272207));
#10151 = ORIENTED_EDGE('',*,*,#5458,.F.);
#10152 = ORIENTED_EDGE('',*,*,#3780,.T.);
#10153 = CONICAL_SURFACE('',#10154,25.,1.047197551197);
#10154 = AXIS2_PLACEMENT_3D('',#10155,#10156,#10157);
#10155 = CARTESIAN_POINT('',(-1.623581123181E-15,-16.5,
    2.035906333447E-15));
#10156 = DIRECTION('',(-2.164774830908E-16,1.,2.714541777929E-16));
#10157 = DIRECTION('',(0.222520933956,-2.164774830908E-16,0.974927912182
    ));
#10158 = ADVANCED_FACE('',(#10159),#10171,.T.);
#10159 = FACE_BOUND('',#10160,.T.);
#10160 = EDGE_LOOP('',(#10161,#10162,#10163,#10170));
#10161 = ORIENTED_EDGE('',*,*,#3771,.F.);
#10162 = ORIENTED_EDGE('',*,*,#10132,.T.);
#10163 = ORIENTED_EDGE('',*,*,#10164,.T.);
#10164 = EDGE_CURVE('',#5459,#4011,#10165,.T.);
#10165 = ( BOUNDED_CURVE() B_SPLINE_CURVE(2,(#10166,#10167,#10168,#10169
),.UNSPECIFIED.,.F.,.F.) B_SPLINE_CURVE_WITH_KNOTS((3,1,3),(
-2.999333580064,5.767949192431,6.120947683008),.UNSPECIFIED.) CURVE() 
GEOMETRIC_REPRESENTATION_ITEM() RATIONAL_B_SPLINE_CURVE((1.056651799772,
1.056651799772,1.056651799772,1.056651799772)) REPRESENTATION_ITEM('') 
  );
#10166 = CARTESIAN_POINT('',(21.738695434462,-15.2327172275,
    -3.380698272207));
#10167 = CARTESIAN_POINT('',(21.738695434462,-19.61635861375,
    -3.380698272207));
#10168 = CARTESIAN_POINT('',(21.738695434462,-24.17649924528,
    -3.380698272207));
#10169 = CARTESIAN_POINT('',(21.738695434462,-24.35299849057,
    -3.380698272207));
#10170 = ORIENTED_EDGE('',*,*,#4055,.T.);
#10171 = ( BOUNDED_SURFACE() B_SPLINE_SURFACE(6,2,(
    (#10172,#10173,#10174,#10175)
    ,(#10176,#10177,#10178,#10179)
    ,(#10180,#10181,#10182,#10183)
    ,(#10184,#10185,#10186,#10187)
    ,(#10188,#10189,#10190,#10191)
    ,(#10192,#10193,#10194,#10195)
    ,(#10196,#10197,#10198,#10199
)),.UNSPECIFIED.,.F.,.F.,.F.) B_SPLINE_SURFACE_WITH_KNOTS((7,7),(3,1,3),
  (0.,8.767282772495),(-2.999333580064,5.767949192431,6.120947683008),
.UNSPECIFIED.) GEOMETRIC_REPRESENTATION_ITEM() RATIONAL_B_SPLINE_SURFACE
((
    (1.056651799772,1.056651799772,1.056651799772,1.056651799772)
    ,(1.017452375137,1.017452375137,1.017452375137,1.017452375137)
    ,(0.99632276822,0.99632276822,0.99632276822,0.99632276822)
    ,(0.98937924261,0.98937924261,0.98937924261,0.98937924261)
    ,(0.99632276822,0.99632276822,0.99632276822,0.99632276822)
    ,(1.017452375137,1.017452375137,1.017452375137,1.017452375137)
    ,(1.056651799772,1.056651799772,1.056651799772,1.056651799772
))) REPRESENTATION_ITEM('') SURFACE() );
#10172 = CARTESIAN_POINT('',(21.415472721725,-15.2327172275,
    -3.505608764672));
#10173 = CARTESIAN_POINT('',(21.415472721725,-19.61635861375,
    -3.505608764672));
#10174 = CARTESIAN_POINT('',(21.415472721725,-24.17649924528,
    -3.505608764672));
#10175 = CARTESIAN_POINT('',(21.415472721725,-24.35299849057,
    -3.505608764672));
#10176 = CARTESIAN_POINT('',(21.471923892681,-15.2327172275,
    -3.551162469298));
#10177 = CARTESIAN_POINT('',(21.471923892681,-19.61635861375,
    -3.551162469298));
#10178 = CARTESIAN_POINT('',(21.471923892681,-24.17649924528,
    -3.551162469298));
#10179 = CARTESIAN_POINT('',(21.471923892681,-24.35299849057,
    -3.551162469298));
#10180 = CARTESIAN_POINT('',(21.545138922046,-15.2327172275,
    -3.570351946782));
#10181 = CARTESIAN_POINT('',(21.545138922046,-19.61635861375,
    -3.570351946782));
#10182 = CARTESIAN_POINT('',(21.545138922046,-24.17649924528,
    -3.570351946782));
#10183 = CARTESIAN_POINT('',(21.545138922046,-24.35299849057,
    -3.570351946782));
#10184 = CARTESIAN_POINT('',(21.621473212718,-15.2327172275,
    -3.558016379247));
#10185 = CARTESIAN_POINT('',(21.621473212718,-19.61635861375,
    -3.558016379247));
#10186 = CARTESIAN_POINT('',(21.621473212718,-24.17649924528,
    -3.558016379247));
#10187 = CARTESIAN_POINT('',(21.621473212718,-24.35299849057,
    -3.558016379247));
#10188 = CARTESIAN_POINT('',(21.686265092133,-15.2327172275,
    -3.515813268927));
#10189 = CARTESIAN_POINT('',(21.686265092133,-19.61635861375,
    -3.515813268927));
#10190 = CARTESIAN_POINT('',(21.686265092133,-24.17649924528,
    -3.515813268927));
#10191 = CARTESIAN_POINT('',(21.686265092133,-24.35299849057,
    -3.515813268927));
#10192 = CARTESIAN_POINT('',(21.727548537615,-15.2327172275,
    -3.452375474985));
#10193 = CARTESIAN_POINT('',(21.727548537615,-19.61635861375,
    -3.452375474985));
#10194 = CARTESIAN_POINT('',(21.727548537615,-24.17649924528,
    -3.452375474985));
#10195 = CARTESIAN_POINT('',(21.727548537615,-24.35299849057,
    -3.452375474985));
#10196 = CARTESIAN_POINT('',(21.738695434462,-15.2327172275,
    -3.380698272207));
#10197 = CARTESIAN_POINT('',(21.738695434462,-19.61635861375,
    -3.380698272207));
#10198 = CARTESIAN_POINT('',(21.738695434462,-24.17649924528,
    -3.380698272207));
#10199 = CARTESIAN_POINT('',(21.738695434462,-24.35299849057,
    -3.380698272207));
#10200 = ADVANCED_FACE('',(#10201),#10242,.T.);
#10201 = FACE_BOUND('',#10202,.F.);
#10202 = EDGE_LOOP('',(#10203,#10204,#10205,#10206,#10213,#10214,#10229)
  );
#10203 = ORIENTED_EDGE('',*,*,#5467,.F.);
#10204 = ORIENTED_EDGE('',*,*,#10164,.T.);
#10205 = ORIENTED_EDGE('',*,*,#4010,.T.);
#10206 = ORIENTED_EDGE('',*,*,#10207,.F.);
#10207 = EDGE_CURVE('',#5624,#4013,#10208,.T.);
#10208 = ( BOUNDED_CURVE() B_SPLINE_CURVE(2,(#10209,#10210,#10211,#10212
),.UNSPECIFIED.,.F.,.F.) B_SPLINE_CURVE_WITH_KNOTS((3,1,3),(
-2.999333580064,5.767949192431,6.120947683008),.UNSPECIFIED.) CURVE() 
GEOMETRIC_REPRESENTATION_ITEM() RATIONAL_B_SPLINE_CURVE((1.056651799772,
1.056651799772,1.056651799772,1.056651799772)) REPRESENTATION_ITEM('') 
  );
#10209 = CARTESIAN_POINT('',(21.738695434462,-15.2327172275,
    3.380698272207));
#10210 = CARTESIAN_POINT('',(21.738695434462,-19.61635861375,
    3.380698272207));
#10211 = CARTESIAN_POINT('',(21.738695434462,-24.17649924528,
    3.380698272207));
#10212 = CARTESIAN_POINT('',(21.738695434462,-24.35299849057,
    3.380698272207));
#10213 = ORIENTED_EDGE('',*,*,#5623,.F.);
#10214 = ORIENTED_EDGE('',*,*,#10215,.F.);
#10215 = EDGE_CURVE('',#10216,#5477,#10218,.T.);
#10216 = VERTEX_POINT('',#10217);
#10217 = CARTESIAN_POINT('',(22.,-18.45,9.103828801926E-15));
#10218 = B_SPLINE_CURVE_WITH_KNOTS('',5,(#10219,#10220,#10221,#10222,
    #10223,#10224,#10225,#10226,#10227,#10228),.UNSPECIFIED.,.F.,.F.,(6,
    4,6),(0.,0.613133272935,1.),.UNSPECIFIED.);
#10219 = CARTESIAN_POINT('',(22.,-18.45,8.045668594709E-15));
#10220 = CARTESIAN_POINT('',(22.,-18.45,8.328759838663E-02));
#10221 = CARTESIAN_POINT('',(21.999606099487,-18.44087200248,
    0.166422313105));
#10222 = CARTESIAN_POINT('',(21.998819647426,-18.42268687441,
    0.247622454662));
#10223 = CARTESIAN_POINT('',(21.997716406132,-18.39618305504,
    0.325174512506));
#10224 = CARTESIAN_POINT('',(21.995576823651,-18.34163204405,
    0.443504802766));
#10225 = CARTESIAN_POINT('',(21.994664747599,-18.31773796383,
    0.487349068603));
#10226 = CARTESIAN_POINT('',(21.993692796828,-18.29131821202,
    0.529058629703));
#10227 = CARTESIAN_POINT('',(21.992685320087,-18.2626553789,0.5684739907
    ));
#10228 = CARTESIAN_POINT('',(21.991666546817,-18.23205020756,
    0.605477079334));
#10229 = ORIENTED_EDGE('',*,*,#10230,.F.);
#10230 = EDGE_CURVE('',#5468,#10216,#10231,.T.);
#10231 = B_SPLINE_CURVE_WITH_KNOTS('',5,(#10232,#10233,#10234,#10235,
    #10236,#10237,#10238,#10239,#10240,#10241),.UNSPECIFIED.,.F.,.F.,(6,
    4,6),(0.,0.398316398379,1.),.UNSPECIFIED.);
#10232 = CARTESIAN_POINT('',(21.991666546817,-18.23205020756,
    -0.605477079334));
#10233 = CARTESIAN_POINT('',(21.992715442801,-18.26356030137,
    -0.567379896966));
#10234 = CARTESIAN_POINT('',(21.993752429815,-18.29301287917,
    -0.526723989978));
#10235 = CARTESIAN_POINT('',(21.994750964089,-18.32007805785,
    -0.483639434934));
#10236 = CARTESIAN_POINT('',(21.995684451588,-18.34444723977,
    -0.438303099146));
#10237 = CARTESIAN_POINT('',(21.997797837885,-18.39813790657,
    -0.319391453369));
#10238 = CARTESIAN_POINT('',(21.998863256118,-18.42369451732,
    -0.243083927038));
#10239 = CARTESIAN_POINT('',(21.999620725641,-18.44121166994,
    -0.163316657088));
#10240 = CARTESIAN_POINT('',(22.,-18.45,-8.172361899089E-02));
#10241 = CARTESIAN_POINT('',(22.,-18.45,7.993605777301E-15));
#10242 = CYLINDRICAL_SURFACE('',#10243,22.);
#10243 = AXIS2_PLACEMENT_3D('',#10244,#10245,#10246);
#10244 = CARTESIAN_POINT('',(6.661338147751E-15,-4.,-4.440892098501E-15)
  );
#10245 = DIRECTION('',(-3.330669073875E-16,-1.,2.22044604925E-16));
#10246 = DIRECTION('',(-3.229739708E-16,2.22044604925E-16,1.));
#10247 = ADVANCED_FACE('',(#10248),#10273,.F.);
#10248 = FACE_BOUND('',#10249,.F.);
#10249 = EDGE_LOOP('',(#10250,#10251,#10271,#10272));
#10250 = ORIENTED_EDGE('',*,*,#4190,.F.);
#10251 = ORIENTED_EDGE('',*,*,#10252,.T.);
#10252 = EDGE_CURVE('',#4180,#5624,#10253,.T.);
#10253 = B_SPLINE_CURVE_WITH_KNOTS('',6,(#10254,#10255,#10256,#10257,
    #10258,#10259,#10260,#10261,#10262,#10263,#10264,#10265,#10266,
    #10267,#10268,#10269,#10270),.UNSPECIFIED.,.F.,.F.,(7,5,5,7),(0.,
    0.245541347766,0.675708691504,1.),.UNSPECIFIED.);
#10254 = CARTESIAN_POINT('',(21.415472721725,-18.40496635575,
    3.505608764672));
#10255 = CARTESIAN_POINT('',(21.428814921948,-18.39636023152,
    3.516375355297));
#10256 = CARTESIAN_POINT('',(21.443262281582,-18.3872503082,
    3.525767634088));
#10257 = CARTESIAN_POINT('',(21.458637853692,-18.37775220247,
    3.533643956788));
#10258 = CARTESIAN_POINT('',(21.474740781523,-18.36799186463,
    3.539894224919));
#10259 = CARTESIAN_POINT('',(21.49135507319,-18.35810006774,
    3.544443335665));
#10260 = CARTESIAN_POINT('',(21.537871511182,-18.33087491079,
    3.552179780964));
#10261 = CARTESIAN_POINT('',(21.568371263645,-18.31353897313,
    3.551770953211));
#10262 = CARTESIAN_POINT('',(21.598563624069,-18.29689801847,
    3.545829795602));
#10263 = CARTESIAN_POINT('',(21.627191423369,-18.28164762707,
    3.534510366303));
#10264 = CARTESIAN_POINT('',(21.653098636171,-18.26838513224,
    3.518349580706));
#10265 = CARTESIAN_POINT('',(21.692166620495,-18.24937416822,
    3.482944655938));
#10266 = CARTESIAN_POINT('',(21.70689556393,-18.2425795172,
    3.465438596188));
#10267 = CARTESIAN_POINT('',(21.719167999018,-18.23734942658,
    3.445993143313));
#10268 = CARTESIAN_POINT('',(21.728674431655,-18.23381660737,
    3.425050410037));
#10269 = CARTESIAN_POINT('',(21.735209928703,-18.23205080756,
    3.403110904753));
#10270 = CARTESIAN_POINT('',(21.738695434462,-18.23205080756,
    3.380698272207));
#10271 = ORIENTED_EDGE('',*,*,#10207,.T.);
#10272 = ORIENTED_EDGE('',*,*,#4021,.T.);
#10273 = ( BOUNDED_SURFACE() B_SPLINE_SURFACE(6,2,(
    (#10274,#10275,#10276,#10277)
    ,(#10278,#10279,#10280,#10281)
    ,(#10282,#10283,#10284,#10285)
    ,(#10286,#10287,#10288,#10289)
    ,(#10290,#10291,#10292,#10293)
    ,(#10294,#10295,#10296,#10297)
    ,(#10298,#10299,#10300,#10301
)),.UNSPECIFIED.,.F.,.F.,.F.) B_SPLINE_SURFACE_WITH_KNOTS((7,7),(3,1,3),
  (0.,8.767282772495),(-2.999333580064,5.767949192431,6.120947683008),
.UNSPECIFIED.) GEOMETRIC_REPRESENTATION_ITEM() RATIONAL_B_SPLINE_SURFACE
((
    (1.056651799772,1.056651799772,1.056651799772,1.056651799772)
    ,(1.017452375137,1.017452375137,1.017452375137,1.017452375137)
    ,(0.99632276822,0.99632276822,0.99632276822,0.99632276822)
    ,(0.98937924261,0.98937924261,0.98937924261,0.98937924261)
    ,(0.99632276822,0.99632276822,0.99632276822,0.99632276822)
    ,(1.017452375137,1.017452375137,1.017452375137,1.017452375137)
    ,(1.056651799772,1.056651799772,1.056651799772,1.056651799772
))) REPRESENTATION_ITEM('') SURFACE() );
#10274 = CARTESIAN_POINT('',(21.415472721725,-15.2327172275,
    3.505608764672));
#10275 = CARTESIAN_POINT('',(21.415472721725,-19.61635861375,
    3.505608764672));
#10276 = CARTESIAN_POINT('',(21.415472721725,-24.17649924528,
    3.505608764672));
#10277 = CARTESIAN_POINT('',(21.415472721725,-24.35299849057,
    3.505608764672));
#10278 = CARTESIAN_POINT('',(21.471923892681,-15.2327172275,
    3.551162469298));
#10279 = CARTESIAN_POINT('',(21.471923892681,-19.61635861375,
    3.551162469298));
#10280 = CARTESIAN_POINT('',(21.471923892681,-24.17649924528,
    3.551162469298));
#10281 = CARTESIAN_POINT('',(21.471923892681,-24.35299849057,
    3.551162469298));
#10282 = CARTESIAN_POINT('',(21.545138922046,-15.2327172275,
    3.570351946782));
#10283 = CARTESIAN_POINT('',(21.545138922046,-19.61635861375,
    3.570351946782));
#10284 = CARTESIAN_POINT('',(21.545138922046,-24.17649924528,
    3.570351946782));
#10285 = CARTESIAN_POINT('',(21.545138922046,-24.35299849057,
    3.570351946782));
#10286 = CARTESIAN_POINT('',(21.621473212718,-15.2327172275,
    3.558016379247));
#10287 = CARTESIAN_POINT('',(21.621473212718,-19.61635861375,
    3.558016379247));
#10288 = CARTESIAN_POINT('',(21.621473212718,-24.17649924528,
    3.558016379247));
#10289 = CARTESIAN_POINT('',(21.621473212718,-24.35299849057,
    3.558016379247));
#10290 = CARTESIAN_POINT('',(21.686265092133,-15.2327172275,
    3.515813268927));
#10291 = CARTESIAN_POINT('',(21.686265092133,-19.61635861375,
    3.515813268927));
#10292 = CARTESIAN_POINT('',(21.686265092133,-24.17649924528,
    3.515813268927));
#10293 = CARTESIAN_POINT('',(21.686265092133,-24.35299849057,
    3.515813268927));
#10294 = CARTESIAN_POINT('',(21.727548537615,-15.2327172275,
    3.452375474985));
#10295 = CARTESIAN_POINT('',(21.727548537615,-19.61635861375,
    3.452375474985));
#10296 = CARTESIAN_POINT('',(21.727548537615,-24.17649924528,
    3.452375474985));
#10297 = CARTESIAN_POINT('',(21.727548537615,-24.35299849057,
    3.452375474985));
#10298 = CARTESIAN_POINT('',(21.738695434462,-15.2327172275,
    3.380698272207));
#10299 = CARTESIAN_POINT('',(21.738695434462,-19.61635861375,
    3.380698272207));
#10300 = CARTESIAN_POINT('',(21.738695434462,-24.17649924528,
    3.380698272207));
#10301 = CARTESIAN_POINT('',(21.738695434462,-24.35299849057,
    3.380698272207));
#10302 = ADVANCED_FACE('',(#10303),#10359,.T.);
#10303 = FACE_BOUND('',#10304,.T.);
#10304 = EDGE_LOOP('',(#10305,#10306,#10307,#10329,#10338,#10358));
#10305 = ORIENTED_EDGE('',*,*,#5869,.T.);
#10306 = ORIENTED_EDGE('',*,*,#4542,.T.);
#10307 = ORIENTED_EDGE('',*,*,#10308,.F.);
#10308 = EDGE_CURVE('',#10309,#4543,#10311,.T.);
#10309 = VERTEX_POINT('',#10310);
#10310 = CARTESIAN_POINT('',(18.119057808089,-4.4,12.477970353672));
#10311 = B_SPLINE_CURVE_WITH_KNOTS('',6,(#10312,#10313,#10314,#10315,
    #10316,#10317,#10318,#10319,#10320,#10321,#10322,#10323,#10324,
    #10325,#10326,#10327,#10328),.UNSPECIFIED.,.F.,.F.,(7,5,5,7),(0.,
    0.316956850876,0.754284106099,1.),.UNSPECIFIED.);
#10312 = CARTESIAN_POINT('',(18.11905780812,-4.4,12.477970353628));
#10313 = CARTESIAN_POINT('',(18.10646676849,-4.399999999996,
    12.496253597484));
#10314 = CARTESIAN_POINT('',(18.09144001874,-4.39707031743,
    12.512861033204));
#10315 = CARTESIAN_POINT('',(18.074258836038,-4.391208924148,
    12.527380270582));
#10316 = CARTESIAN_POINT('',(18.05530066322,-4.382528879524,
    12.539470313899));
#10317 = CARTESIAN_POINT('',(18.035006496652,-4.371244413351,
    12.548881554678));
#10318 = CARTESIAN_POINT('',(17.984654813278,-4.338909528265,
    12.564574251012));
#10319 = CARTESIAN_POINT('',(17.95381605421,-4.315777243671,
    12.568309214777));
#10320 = CARTESIAN_POINT('',(17.922566849806,-4.289046259308,
    12.566313145142));
#10321 = CARTESIAN_POINT('',(17.892246103034,-4.259802772447,
    12.558604046567));
#10322 = CARTESIAN_POINT('',(17.864104913275,-4.229304042866,
    12.545607623591));
#10323 = CARTESIAN_POINT('',(17.825168279337,-4.1816796588,
    12.518184555775));
#10324 = CARTESIAN_POINT('',(17.812175382166,-4.164549816942,
    12.506879696188));
#10325 = CARTESIAN_POINT('',(17.800379900843,-4.14764644007,
    12.494263888458));
#10326 = CARTESIAN_POINT('',(17.789943487767,-4.131194989747,
    12.480497220164));
#10327 = CARTESIAN_POINT('',(17.780999693058,-4.115413123857,
    12.465764671485));
#10328 = CARTESIAN_POINT('',(17.773647574988,-4.100501485124,
    12.450269739487));
#10329 = ORIENTED_EDGE('',*,*,#10330,.F.);
#10330 = EDGE_CURVE('',#10331,#10309,#10333,.T.);
#10331 = VERTEX_POINT('',#10332);
#10332 = CARTESIAN_POINT('',(21.052717822436,-4.4,6.386162563612));
#10333 = CIRCLE('',#10334,22.);
#10334 = AXIS2_PLACEMENT_3D('',#10335,#10336,#10337);
#10335 = CARTESIAN_POINT('',(6.528111384796E-15,-4.4,-6.528111384796E-15
    ));
#10336 = DIRECTION('',(-3.330669073875E-16,-1.,3.330669073875E-16));
#10337 = DIRECTION('',(-2.3415612883E-16,3.330669073875E-16,1.));
#10338 = ORIENTED_EDGE('',*,*,#10339,.T.);
#10339 = EDGE_CURVE('',#10331,#4308,#10340,.T.);
#10340 = B_SPLINE_CURVE_WITH_KNOTS('',6,(#10341,#10342,#10343,#10344,
    #10345,#10346,#10347,#10348,#10349,#10350,#10351,#10352,#10353,
    #10354,#10355,#10356,#10357),.UNSPECIFIED.,.F.,.F.,(7,5,5,7),(0.,
    0.316956850903,0.754284106085,1.),.UNSPECIFIED.);
#10341 = CARTESIAN_POINT('',(21.052717822436,-4.4,6.386162563612));
#10342 = CARTESIAN_POINT('',(21.059161853286,-4.4,6.364919076342));
#10343 = CARTESIAN_POINT('',(21.062777044091,-4.397070317438,
    6.342816123709));
#10344 = CARTESIAN_POINT('',(21.063416348801,-4.391208924158,
    6.320330737653));
#10345 = CARTESIAN_POINT('',(21.061048497921,-4.382528879535,
    6.297970622443));
#10346 = CARTESIAN_POINT('',(21.055753296334,-4.371244413362,
    6.276236191542));
#10347 = CARTESIAN_POINT('',(21.036628579285,-4.338909528276,
    6.227085424152));
#10348 = CARTESIAN_POINT('',(21.020321039764,-4.315777243684,
    6.200645999613));
#10349 = CARTESIAN_POINT('',(20.999276889422,-4.289046259322,
    6.177458916868));
#10350 = CARTESIAN_POINT('',(20.974344997058,-4.259802772463,
    6.15855974681));
#10351 = CARTESIAN_POINT('',(20.94663823959,-4.229304042882,
    6.144661215887));
#10352 = CARTESIAN_POINT('',(20.900921427645,-4.181679658813,
    6.131317332768));
#10353 = CARTESIAN_POINT('',(20.88398199363,-4.164549816952,
    6.128207541372));
#10354 = CARTESIAN_POINT('',(20.866764195655,-4.147646440077,
    6.126851290185));
#10355 = CARTESIAN_POINT('',(20.849493983851,-4.131194989752,
    6.127275151164));
#10356 = CARTESIAN_POINT('',(20.832399248682,-4.115413123859,
    6.129468204745));
#10357 = CARTESIAN_POINT('',(20.815700852387,-4.100501485124,
    6.133381019457));
#10358 = ORIENTED_EDGE('',*,*,#4316,.T.);
#10359 = CONICAL_SURFACE('',#10360,21.6,0.785398163397);
#10360 = AXIS2_PLACEMENT_3D('',#10361,#10362,#10363);
#10361 = CARTESIAN_POINT('',(6.661338147751E-15,-4.,-6.661338147751E-15)
  );
#10362 = DIRECTION('',(-3.330669073875E-16,-1.,3.330669073875E-16));
#10363 = DIRECTION('',(-2.302684791815E-16,3.330669073875E-16,1.));
#10364 = ADVANCED_FACE('',(#10365),#10396,.T.);
#10365 = FACE_BOUND('',#10366,.T.);
#10366 = EDGE_LOOP('',(#10367,#10368,#10369,#10376));
#10367 = ORIENTED_EDGE('',*,*,#4307,.F.);
#10368 = ORIENTED_EDGE('',*,*,#10339,.F.);
#10369 = ORIENTED_EDGE('',*,*,#10370,.T.);
#10370 = EDGE_CURVE('',#10331,#6266,#10371,.T.);
#10371 = ( BOUNDED_CURVE() B_SPLINE_CURVE(2,(#10372,#10373,#10374,#10375
),.UNSPECIFIED.,.F.,.F.) B_SPLINE_CURVE_WITH_KNOTS((3,1,3),(
    -0.352998490577,6.168843056153E-14,8.767282772495),.UNSPECIFIED.) 
CURVE() GEOMETRIC_REPRESENTATION_ITEM() RATIONAL_B_SPLINE_CURVE((
    1.056651799772,1.056651799772,1.056651799772,1.056651799772)) 
REPRESENTATION_ITEM('') );
#10372 = CARTESIAN_POINT('',(21.052717822436,-3.647001509423,
    6.386162563612));
#10373 = CARTESIAN_POINT('',(21.052717822436,-3.823500754712,
    6.386162563612));
#10374 = CARTESIAN_POINT('',(21.052717822436,-8.383641386248,
    6.386162563612));
#10375 = CARTESIAN_POINT('',(21.052717822436,-12.76728277249,
    6.386162563612));
#10376 = ORIENTED_EDGE('',*,*,#10377,.F.);
#10377 = EDGE_CURVE('',#4297,#6266,#10378,.T.);
#10378 = B_SPLINE_CURVE_WITH_KNOTS('',6,(#10379,#10380,#10381,#10382,
    #10383,#10384,#10385,#10386,#10387,#10388,#10389,#10390,#10391,
    #10392,#10393,#10394,#10395),.UNSPECIFIED.,.F.,.F.,(7,5,5,7),(0.,
    0.245541347766,0.675708691505,1.),.UNSPECIFIED.);
#10379 = CARTESIAN_POINT('',(20.815700852387,-9.595033644246,
    6.133381019457));
#10380 = CARTESIAN_POINT('',(20.832393208015,-9.60363976848,
    6.129469620211));
#10381 = CARTESIAN_POINT('',(20.84948498631,-9.612749691792,
    6.12727594384));
#10382 = CARTESIAN_POINT('',(20.86675530645,-9.622247797528,
    6.126850833012));
#10383 = CARTESIAN_POINT('',(20.883975432815,-9.632008135363,
    6.128206334548));
#10384 = CARTESIAN_POINT('',(20.90091817755,-9.641899932255,
    6.13131639838));
#10385 = CARTESIAN_POINT('',(20.94618475784,-9.669125089204,
    6.144528828065));
#10386 = CARTESIAN_POINT('',(20.973486701573,-9.68646102687,
    6.158130515783));
#10387 = CARTESIAN_POINT('',(20.998111306686,-9.703101981523,
    6.176583288061));
#10388 = CARTESIAN_POINT('',(21.018992746303,-9.718352372925,
    6.199202878065));
#10389 = CARTESIAN_POINT('',(21.035322436409,-9.731614867753,
    6.22500396113));
#10390 = CARTESIAN_POINT('',(21.055159852876,-9.750625831778,
    6.273853659235));
#10391 = CARTESIAN_POINT('',(21.060834577706,-9.757420482792,
    6.29601672312));
#10392 = CARTESIAN_POINT('',(21.063454593852,-9.762650573418,
    6.318861280806));
#10393 = CARTESIAN_POINT('',(21.062932882281,-9.766183392621,
    6.341854718035));
#10394 = CARTESIAN_POINT('',(21.059301967071,-9.767949192431,
    6.364457175169));
#10395 = CARTESIAN_POINT('',(21.052717822436,-9.767949192431,
    6.386162563612));
#10396 = ( BOUNDED_SURFACE() B_SPLINE_SURFACE(6,2,(
    (#10397,#10398,#10399,#10400)
    ,(#10401,#10402,#10403,#10404)
    ,(#10405,#10406,#10407,#10408)
    ,(#10409,#10410,#10411,#10412)
    ,(#10413,#10414,#10415,#10416)
    ,(#10417,#10418,#10419,#10420)
    ,(#10421,#10422,#10423,#10424
)),.UNSPECIFIED.,.F.,.F.,.F.) B_SPLINE_SURFACE_WITH_KNOTS((7,7),(3,1,3),
  (0.,8.767282772495),(-0.352998490577,6.168843056153E-14,8.767282772495
),.UNSPECIFIED.) GEOMETRIC_REPRESENTATION_ITEM() 
RATIONAL_B_SPLINE_SURFACE((
    (1.056651799772,1.056651799772,1.056651799772,1.056651799772)
    ,(1.017452375137,1.017452375137,1.017452375137,1.017452375137)
    ,(0.99632276822,0.99632276822,0.99632276822,0.99632276822)
    ,(0.98937924261,0.98937924261,0.98937924261,0.98937924261)
    ,(0.99632276822,0.99632276822,0.99632276822,0.99632276822)
    ,(1.017452375137,1.017452375137,1.017452375137,1.017452375137)
    ,(1.056651799772,1.056651799772,1.056651799772,1.056651799772
))) REPRESENTATION_ITEM('') SURFACE() );
#10397 = CARTESIAN_POINT('',(20.815700852387,-3.647001509423,
    6.133381019457));
#10398 = CARTESIAN_POINT('',(20.815700852387,-3.823500754712,
    6.133381019457));
#10399 = CARTESIAN_POINT('',(20.815700852387,-8.383641386248,
    6.133381019457));
#10400 = CARTESIAN_POINT('',(20.815700852387,-12.76728277249,
    6.133381019457));
#10401 = CARTESIAN_POINT('',(20.886326611668,-3.647001509423,
    6.116831794903));
#10402 = CARTESIAN_POINT('',(20.886326611668,-3.823500754712,
    6.116831794903));
#10403 = CARTESIAN_POINT('',(20.886326611668,-8.383641386248,
    6.116831794903));
#10404 = CARTESIAN_POINT('',(20.886326611668,-12.76728277249,
    6.116831794903));
#10405 = CARTESIAN_POINT('',(20.960617076032,-3.647001509423,
    6.131309483799));
#10406 = CARTESIAN_POINT('',(20.960617076032,-3.823500754712,
    6.131309483799));
#10407 = CARTESIAN_POINT('',(20.960617076032,-8.383641386248,
    6.131309483799));
#10408 = CARTESIAN_POINT('',(20.960617076032,-12.76728277249,
    6.131309483799));
#10409 = CARTESIAN_POINT('',(21.024039693315,-3.647001509423,
    6.175543653575));
#10410 = CARTESIAN_POINT('',(21.024039693315,-3.823500754712,
    6.175543653575));
#10411 = CARTESIAN_POINT('',(21.024039693315,-8.383641386248,
    6.175543653575));
#10412 = CARTESIAN_POINT('',(21.024039693315,-12.76728277249,
    6.175543653575));
#10413 = CARTESIAN_POINT('',(21.064103916252,-3.647001509423,
    6.241679485008));
#10414 = CARTESIAN_POINT('',(21.064103916252,-3.823500754712,
    6.241679485008));
#10415 = CARTESIAN_POINT('',(21.064103916252,-8.383641386248,
    6.241679485008));
#10416 = CARTESIAN_POINT('',(21.064103916252,-12.76728277249,
    6.241679485008));
#10417 = CARTESIAN_POINT('',(21.073774388154,-3.647001509423,
    6.316747178087));
#10418 = CARTESIAN_POINT('',(21.073774388154,-3.823500754712,
    6.316747178087));
#10419 = CARTESIAN_POINT('',(21.073774388155,-8.383641386248,
    6.316747178087));
#10420 = CARTESIAN_POINT('',(21.073774388155,-12.76728277249,
    6.316747178087));
#10421 = CARTESIAN_POINT('',(21.052717822436,-3.647001509423,
    6.386162563612));
#10422 = CARTESIAN_POINT('',(21.052717822436,-3.823500754712,
    6.386162563612));
#10423 = CARTESIAN_POINT('',(21.052717822436,-8.383641386248,
    6.386162563612));
#10424 = CARTESIAN_POINT('',(21.052717822436,-12.76728277249,
    6.386162563612));
#10425 = ADVANCED_FACE('',(#10426),#10431,.T.);
#10426 = FACE_BOUND('',#10427,.F.);
#10427 = EDGE_LOOP('',(#10428,#10429,#10430));
#10428 = ORIENTED_EDGE('',*,*,#6274,.T.);
#10429 = ORIENTED_EDGE('',*,*,#10377,.F.);
#10430 = ORIENTED_EDGE('',*,*,#4296,.F.);
#10431 = CONICAL_SURFACE('',#10432,17.,1.047197551197);
#10432 = AXIS2_PLACEMENT_3D('',#10433,#10434,#10435);
#10433 = CARTESIAN_POINT('',(-3.705835203723E-15,-6.881197846483,
    2.955304958552E-15));
#10434 = DIRECTION('',(2.164774830908E-16,-1.,-1.726350320572E-16));
#10435 = DIRECTION('',(-0.222520933956,-2.164774830908E-16,
    0.974927912182));
#10436 = ADVANCED_FACE('',(#10437),#10461,.T.);
#10437 = FACE_BOUND('',#10438,.F.);
#10438 = EDGE_LOOP('',(#10439,#10459,#10460));
#10439 = ORIENTED_EDGE('',*,*,#10440,.T.);
#10440 = EDGE_CURVE('',#4222,#6283,#10441,.T.);
#10441 = B_SPLINE_CURVE_WITH_KNOTS('',6,(#10442,#10443,#10444,#10445,
    #10446,#10447,#10448,#10449,#10450,#10451,#10452,#10453,#10454,
    #10455,#10456,#10457,#10458),.UNSPECIFIED.,.F.,.F.,(7,5,5,7),(0.,
    0.24554134772,0.675708691458,1.),.UNSPECIFIED.);
#10442 = CARTESIAN_POINT('',(21.415472721725,-9.595033644246,
    3.505608764672));
#10443 = CARTESIAN_POINT('',(21.428814921945,-9.603639768478,
    3.516375355295));
#10444 = CARTESIAN_POINT('',(21.443262281577,-9.612749691788,
    3.525767634084));
#10445 = CARTESIAN_POINT('',(21.458637853684,-9.622247797523,
    3.533643956783));
#10446 = CARTESIAN_POINT('',(21.474740781511,-9.632008135356,
    3.539894224914));
#10447 = CARTESIAN_POINT('',(21.491355073175,-9.641899932245,
    3.544443335661));
#10448 = CARTESIAN_POINT('',(21.537871511162,-9.669125089192,
    3.552179780963));
#10449 = CARTESIAN_POINT('',(21.568371263625,-9.686461026859,
    3.551770953213));
#10450 = CARTESIAN_POINT('',(21.59856362405,-9.703101981512,
    3.545829795608));
#10451 = CARTESIAN_POINT('',(21.627191423351,-9.718352372916,
    3.534510366312));
#10452 = CARTESIAN_POINT('',(21.653098636154,-9.731614867745,
    3.518349580716));
#10453 = CARTESIAN_POINT('',(21.692166620485,-9.750625831773,
    3.48294465595));
#10454 = CARTESIAN_POINT('',(21.706895563923,-9.757420482789,
    3.465438596199));
#10455 = CARTESIAN_POINT('',(21.719167999014,-9.762650573417,
    3.445993143322));
#10456 = CARTESIAN_POINT('',(21.728674431653,-9.76618339262,
    3.425050410043));
#10457 = CARTESIAN_POINT('',(21.735209928703,-9.767949192431,
    3.403110904757));
#10458 = CARTESIAN_POINT('',(21.738695434462,-9.767949192431,
    3.380698272207));
#10459 = ORIENTED_EDGE('',*,*,#6282,.T.);
#10460 = ORIENTED_EDGE('',*,*,#4230,.T.);
#10461 = CONICAL_SURFACE('',#10462,17.,1.047197551197);
#10462 = AXIS2_PLACEMENT_3D('',#10463,#10464,#10465);
#10463 = CARTESIAN_POINT('',(-3.705835203723E-15,-6.881197846483,
    2.955304958552E-15));
#10464 = DIRECTION('',(2.164774830908E-16,-1.,-1.726350320572E-16));
#10465 = DIRECTION('',(-0.222520933956,-2.164774830908E-16,
    0.974927912182));
#10466 = ADVANCED_FACE('',(#10467),#10479,.F.);
#10467 = FACE_BOUND('',#10468,.F.);
#10468 = EDGE_LOOP('',(#10469,#10470,#10471,#10478));
#10469 = ORIENTED_EDGE('',*,*,#4221,.F.);
#10470 = ORIENTED_EDGE('',*,*,#9917,.F.);
#10471 = ORIENTED_EDGE('',*,*,#10472,.T.);
#10472 = EDGE_CURVE('',#9918,#6283,#10473,.T.);
#10473 = ( BOUNDED_CURVE() B_SPLINE_CURVE(2,(#10474,#10475,#10476,#10477
),.UNSPECIFIED.,.F.,.F.) B_SPLINE_CURVE_WITH_KNOTS((3,1,3),(
    -0.352998490577,6.157075717328E-14,8.767282772495),.UNSPECIFIED.) 
CURVE() GEOMETRIC_REPRESENTATION_ITEM() RATIONAL_B_SPLINE_CURVE((
    1.056651799772,1.056651799772,1.056651799772,1.056651799772)) 
REPRESENTATION_ITEM('') );
#10474 = CARTESIAN_POINT('',(21.738695434462,-3.647001509423,
    3.380698272207));
#10475 = CARTESIAN_POINT('',(21.738695434462,-3.823500754712,
    3.380698272207));
#10476 = CARTESIAN_POINT('',(21.738695434462,-8.383641386248,
    3.380698272207));
#10477 = CARTESIAN_POINT('',(21.738695434462,-12.76728277249,
    3.380698272207));
#10478 = ORIENTED_EDGE('',*,*,#10440,.F.);
#10479 = ( BOUNDED_SURFACE() B_SPLINE_SURFACE(6,2,(
    (#10480,#10481,#10482,#10483)
    ,(#10484,#10485,#10486,#10487)
    ,(#10488,#10489,#10490,#10491)
    ,(#10492,#10493,#10494,#10495)
    ,(#10496,#10497,#10498,#10499)
    ,(#10500,#10501,#10502,#10503)
    ,(#10504,#10505,#10506,#10507
)),.UNSPECIFIED.,.F.,.F.,.F.) B_SPLINE_SURFACE_WITH_KNOTS((7,7),(3,1,3),
  (0.,8.767282772495),(-0.352998490577,6.157075717328E-14,8.767282772495
),.UNSPECIFIED.) GEOMETRIC_REPRESENTATION_ITEM() 
RATIONAL_B_SPLINE_SURFACE((
    (1.056651799772,1.056651799772,1.056651799772,1.056651799772)
    ,(1.017452375137,1.017452375137,1.017452375137,1.017452375137)
    ,(0.99632276822,0.99632276822,0.99632276822,0.99632276822)
    ,(0.98937924261,0.98937924261,0.98937924261,0.98937924261)
    ,(0.99632276822,0.99632276822,0.99632276822,0.99632276822)
    ,(1.017452375137,1.017452375137,1.017452375137,1.017452375137)
    ,(1.056651799772,1.056651799772,1.056651799772,1.056651799772
))) REPRESENTATION_ITEM('') SURFACE() );
#10480 = CARTESIAN_POINT('',(21.415472721725,-3.647001509423,
    3.505608764672));
#10481 = CARTESIAN_POINT('',(21.415472721725,-3.823500754712,
    3.505608764672));
#10482 = CARTESIAN_POINT('',(21.415472721725,-8.383641386248,
    3.505608764672));
#10483 = CARTESIAN_POINT('',(21.415472721725,-12.76728277249,
    3.505608764672));
#10484 = CARTESIAN_POINT('',(21.471923892681,-3.647001509423,
    3.551162469298));
#10485 = CARTESIAN_POINT('',(21.471923892681,-3.823500754712,
    3.551162469298));
#10486 = CARTESIAN_POINT('',(21.471923892681,-8.383641386248,
    3.551162469298));
#10487 = CARTESIAN_POINT('',(21.471923892681,-12.76728277249,
    3.551162469298));
#10488 = CARTESIAN_POINT('',(21.545138922046,-3.647001509423,
    3.570351946782));
#10489 = CARTESIAN_POINT('',(21.545138922046,-3.823500754712,
    3.570351946782));
#10490 = CARTESIAN_POINT('',(21.545138922046,-8.383641386248,
    3.570351946782));
#10491 = CARTESIAN_POINT('',(21.545138922046,-12.76728277249,
    3.570351946782));
#10492 = CARTESIAN_POINT('',(21.621473212718,-3.647001509423,
    3.558016379247));
#10493 = CARTESIAN_POINT('',(21.621473212718,-3.823500754712,
    3.558016379247));
#10494 = CARTESIAN_POINT('',(21.621473212718,-8.383641386248,
    3.558016379247));
#10495 = CARTESIAN_POINT('',(21.621473212718,-12.76728277249,
    3.558016379247));
#10496 = CARTESIAN_POINT('',(21.686265092133,-3.647001509423,
    3.515813268927));
#10497 = CARTESIAN_POINT('',(21.686265092133,-3.823500754712,
    3.515813268927));
#10498 = CARTESIAN_POINT('',(21.686265092133,-8.383641386248,
    3.515813268927));
#10499 = CARTESIAN_POINT('',(21.686265092133,-12.76728277249,
    3.515813268927));
#10500 = CARTESIAN_POINT('',(21.727548537615,-3.647001509423,
    3.452375474985));
#10501 = CARTESIAN_POINT('',(21.727548537615,-3.823500754712,
    3.452375474985));
#10502 = CARTESIAN_POINT('',(21.727548537615,-8.383641386248,
    3.452375474985));
#10503 = CARTESIAN_POINT('',(21.727548537615,-12.76728277249,
    3.452375474985));
#10504 = CARTESIAN_POINT('',(21.738695434462,-3.647001509423,
    3.380698272207));
#10505 = CARTESIAN_POINT('',(21.738695434462,-3.823500754712,
    3.380698272207));
#10506 = CARTESIAN_POINT('',(21.738695434462,-8.383641386248,
    3.380698272207));
#10507 = CARTESIAN_POINT('',(21.738695434462,-12.76728277249,
    3.380698272207));
#10508 = ADVANCED_FACE('',(#10509),#10514,.T.);
#10509 = FACE_BOUND('',#10510,.F.);
#10510 = EDGE_LOOP('',(#10511,#10512,#10513));
#10511 = ORIENTED_EDGE('',*,*,#5632,.F.);
#10512 = ORIENTED_EDGE('',*,*,#10252,.F.);
#10513 = ORIENTED_EDGE('',*,*,#4179,.F.);
#10514 = CONICAL_SURFACE('',#10515,25.,1.047197551197);
#10515 = AXIS2_PLACEMENT_3D('',#10516,#10517,#10518);
#10516 = CARTESIAN_POINT('',(-1.623581123181E-15,-16.5,
    1.294762740429E-15));
#10517 = DIRECTION('',(-2.164774830908E-16,1.,1.726350320572E-16));
#10518 = DIRECTION('',(-0.222520933956,-2.164774830908E-16,
    0.974927912182));
#10519 = ADVANCED_FACE('',(#10520),#10544,.T.);
#10520 = FACE_BOUND('',#10521,.F.);
#10521 = EDGE_LOOP('',(#10522,#10542,#10543));
#10522 = ORIENTED_EDGE('',*,*,#10523,.T.);
#10523 = EDGE_CURVE('',#4105,#5641,#10524,.T.);
#10524 = B_SPLINE_CURVE_WITH_KNOTS('',6,(#10525,#10526,#10527,#10528,
    #10529,#10530,#10531,#10532,#10533,#10534,#10535,#10536,#10537,
    #10538,#10539,#10540,#10541),.UNSPECIFIED.,.F.,.F.,(7,5,5,7),(0.,
    0.245541347732,0.675708691471,1.),.UNSPECIFIED.);
#10525 = CARTESIAN_POINT('',(20.815700852387,-18.40496635575,
    6.133381019457));
#10526 = CARTESIAN_POINT('',(20.832393208012,-18.39636023152,
    6.129469620211));
#10527 = CARTESIAN_POINT('',(20.849484986305,-18.38725030821,
    6.127275943841));
#10528 = CARTESIAN_POINT('',(20.866755306443,-18.37775220247,
    6.126850833013));
#10529 = CARTESIAN_POINT('',(20.883975432805,-18.36799186464,
    6.128206334547));
#10530 = CARTESIAN_POINT('',(20.900918177539,-18.35810006775,
    6.131316398378));
#10531 = CARTESIAN_POINT('',(20.946184757827,-18.3308749108,
    6.144528828059));
#10532 = CARTESIAN_POINT('',(20.973486701561,-18.31353897313,
    6.158130515775));
#10533 = CARTESIAN_POINT('',(20.998111306675,-18.29689801848,
    6.176583288051));
#10534 = CARTESIAN_POINT('',(21.018992746294,-18.28164762708,
    6.199202878054));
#10535 = CARTESIAN_POINT('',(21.035322436402,-18.26838513225,
    6.225003961118));
#10536 = CARTESIAN_POINT('',(21.055159852873,-18.24937416822,
    6.273853659223));
#10537 = CARTESIAN_POINT('',(21.060834577705,-18.24257951721,
    6.29601672311));
#10538 = CARTESIAN_POINT('',(21.063454593852,-18.23734942658,
    6.318861280799));
#10539 = CARTESIAN_POINT('',(21.062932882282,-18.23381660738,
    6.341854718031));
#10540 = CARTESIAN_POINT('',(21.059301967072,-18.23205080756,
    6.364457175166));
#10541 = CARTESIAN_POINT('',(21.052717822436,-18.23205080756,
    6.386162563612));
#10542 = ORIENTED_EDGE('',*,*,#5640,.F.);
#10543 = ORIENTED_EDGE('',*,*,#4113,.T.);
#10544 = CONICAL_SURFACE('',#10545,25.,1.047197551197);
#10545 = AXIS2_PLACEMENT_3D('',#10546,#10547,#10548);
#10546 = CARTESIAN_POINT('',(-1.623581123181E-15,-16.5,
    1.294762740429E-15));
#10547 = DIRECTION('',(-2.164774830908E-16,1.,1.726350320572E-16));
#10548 = DIRECTION('',(-0.222520933956,-2.164774830908E-16,
    0.974927912182));
#10549 = ADVANCED_FACE('',(#10550),#10562,.T.);
#10550 = FACE_BOUND('',#10551,.T.);
#10551 = EDGE_LOOP('',(#10552,#10553,#10554,#10561));
#10552 = ORIENTED_EDGE('',*,*,#4104,.F.);
#10553 = ORIENTED_EDGE('',*,*,#10523,.T.);
#10554 = ORIENTED_EDGE('',*,*,#10555,.T.);
#10555 = EDGE_CURVE('',#5641,#4344,#10556,.T.);
#10556 = ( BOUNDED_CURVE() B_SPLINE_CURVE(2,(#10557,#10558,#10559,#10560
),.UNSPECIFIED.,.F.,.F.) B_SPLINE_CURVE_WITH_KNOTS((3,1,3),(
-2.999333580064,5.767949192431,6.120947683008),.UNSPECIFIED.) CURVE() 
GEOMETRIC_REPRESENTATION_ITEM() RATIONAL_B_SPLINE_CURVE((1.056651799772,
1.056651799772,1.056651799772,1.056651799772)) REPRESENTATION_ITEM('') 
  );
#10557 = CARTESIAN_POINT('',(21.052717822436,-15.2327172275,
    6.386162563612));
#10558 = CARTESIAN_POINT('',(21.052717822436,-19.61635861375,
    6.386162563612));
#10559 = CARTESIAN_POINT('',(21.052717822436,-24.17649924528,
    6.386162563612));
#10560 = CARTESIAN_POINT('',(21.052717822436,-24.35299849057,
    6.386162563612));
#10561 = ORIENTED_EDGE('',*,*,#4388,.T.);
#10562 = ( BOUNDED_SURFACE() B_SPLINE_SURFACE(6,2,(
    (#10563,#10564,#10565,#10566)
    ,(#10567,#10568,#10569,#10570)
    ,(#10571,#10572,#10573,#10574)
    ,(#10575,#10576,#10577,#10578)
    ,(#10579,#10580,#10581,#10582)
    ,(#10583,#10584,#10585,#10586)
    ,(#10587,#10588,#10589,#10590
)),.UNSPECIFIED.,.F.,.F.,.F.) B_SPLINE_SURFACE_WITH_KNOTS((7,7),(3,1,3),
  (0.,8.767282772495),(-2.999333580064,5.767949192431,6.120947683008),
.UNSPECIFIED.) GEOMETRIC_REPRESENTATION_ITEM() RATIONAL_B_SPLINE_SURFACE
((
    (1.056651799772,1.056651799772,1.056651799772,1.056651799772)
    ,(1.017452375137,1.017452375137,1.017452375137,1.017452375137)
    ,(0.99632276822,0.99632276822,0.99632276822,0.99632276822)
    ,(0.98937924261,0.98937924261,0.98937924261,0.98937924261)
    ,(0.99632276822,0.99632276822,0.99632276822,0.99632276822)
    ,(1.017452375137,1.017452375137,1.017452375137,1.017452375137)
    ,(1.056651799772,1.056651799772,1.056651799772,1.056651799772
))) REPRESENTATION_ITEM('') SURFACE() );
#10563 = CARTESIAN_POINT('',(20.815700852387,-15.2327172275,
    6.133381019457));
#10564 = CARTESIAN_POINT('',(20.815700852387,-19.61635861375,
    6.133381019457));
#10565 = CARTESIAN_POINT('',(20.815700852387,-24.17649924528,
    6.133381019457));
#10566 = CARTESIAN_POINT('',(20.815700852387,-24.35299849057,
    6.133381019457));
#10567 = CARTESIAN_POINT('',(20.886326611668,-15.2327172275,
    6.116831794903));
#10568 = CARTESIAN_POINT('',(20.886326611668,-19.61635861375,
    6.116831794903));
#10569 = CARTESIAN_POINT('',(20.886326611668,-24.17649924528,
    6.116831794903));
#10570 = CARTESIAN_POINT('',(20.886326611668,-24.35299849057,
    6.116831794903));
#10571 = CARTESIAN_POINT('',(20.960617076032,-15.2327172275,
    6.131309483799));
#10572 = CARTESIAN_POINT('',(20.960617076032,-19.61635861375,
    6.131309483799));
#10573 = CARTESIAN_POINT('',(20.960617076032,-24.17649924528,
    6.131309483799));
#10574 = CARTESIAN_POINT('',(20.960617076032,-24.35299849057,
    6.131309483799));
#10575 = CARTESIAN_POINT('',(21.024039693315,-15.2327172275,
    6.175543653575));
#10576 = CARTESIAN_POINT('',(21.024039693315,-19.61635861375,
    6.175543653575));
#10577 = CARTESIAN_POINT('',(21.024039693315,-24.17649924528,
    6.175543653575));
#10578 = CARTESIAN_POINT('',(21.024039693315,-24.35299849057,
    6.175543653575));
#10579 = CARTESIAN_POINT('',(21.064103916252,-15.2327172275,
    6.241679485008));
#10580 = CARTESIAN_POINT('',(21.064103916252,-19.61635861375,
    6.241679485008));
#10581 = CARTESIAN_POINT('',(21.064103916252,-24.17649924528,
    6.241679485008));
#10582 = CARTESIAN_POINT('',(21.064103916252,-24.35299849057,
    6.241679485008));
#10583 = CARTESIAN_POINT('',(21.073774388155,-15.2327172275,
    6.316747178087));
#10584 = CARTESIAN_POINT('',(21.073774388155,-19.61635861375,
    6.316747178087));
#10585 = CARTESIAN_POINT('',(21.073774388155,-24.17649924528,
    6.316747178087));
#10586 = CARTESIAN_POINT('',(21.073774388155,-24.35299849057,
    6.316747178087));
#10587 = CARTESIAN_POINT('',(21.052717822436,-15.2327172275,
    6.386162563612));
#10588 = CARTESIAN_POINT('',(21.052717822436,-19.61635861375,
    6.386162563612));
#10589 = CARTESIAN_POINT('',(21.052717822436,-24.17649924528,
    6.386162563612));
#10590 = CARTESIAN_POINT('',(21.052717822436,-24.35299849057,
    6.386162563612));
#10591 = ADVANCED_FACE('',(#10592),#10604,.T.);
#10592 = FACE_BOUND('',#10593,.F.);
#10593 = EDGE_LOOP('',(#10594,#10595,#10596,#10597));
#10594 = ORIENTED_EDGE('',*,*,#5649,.F.);
#10595 = ORIENTED_EDGE('',*,*,#10555,.T.);
#10596 = ORIENTED_EDGE('',*,*,#4343,.T.);
#10597 = ORIENTED_EDGE('',*,*,#10598,.F.);
#10598 = EDGE_CURVE('',#5650,#4346,#10599,.T.);
#10599 = ( BOUNDED_CURVE() B_SPLINE_CURVE(2,(#10600,#10601,#10602,#10603
),.UNSPECIFIED.,.F.,.F.) B_SPLINE_CURVE_WITH_KNOTS((3,1,3),(
-2.999333580064,5.767949192431,6.120947683008),.UNSPECIFIED.) CURVE() 
GEOMETRIC_REPRESENTATION_ITEM() RATIONAL_B_SPLINE_CURVE((1.056651799772,
1.056651799772,1.056651799772,1.056651799772)) REPRESENTATION_ITEM('') 
  );
#10600 = CARTESIAN_POINT('',(18.119057808089,-15.2327172275,
    12.477970353672));
#10601 = CARTESIAN_POINT('',(18.119057808089,-19.61635861375,
    12.477970353672));
#10602 = CARTESIAN_POINT('',(18.119057808089,-24.17649924528,
    12.477970353672));
#10603 = CARTESIAN_POINT('',(18.119057808089,-24.35299849057,
    12.477970353672));
#10604 = CYLINDRICAL_SURFACE('',#10605,22.);
#10605 = AXIS2_PLACEMENT_3D('',#10606,#10607,#10608);
#10606 = CARTESIAN_POINT('',(6.661338147751E-15,-4.,-4.440892098501E-15)
  );
#10607 = DIRECTION('',(-3.330669073875E-16,-1.,2.22044604925E-16));
#10608 = DIRECTION('',(-3.229739708E-16,2.22044604925E-16,1.));
#10609 = ADVANCED_FACE('',(#10610),#10635,.F.);
#10610 = FACE_BOUND('',#10611,.F.);
#10611 = EDGE_LOOP('',(#10612,#10613,#10633,#10634));
#10612 = ORIENTED_EDGE('',*,*,#4523,.F.);
#10613 = ORIENTED_EDGE('',*,*,#10614,.T.);
#10614 = EDGE_CURVE('',#4513,#5650,#10615,.T.);
#10615 = B_SPLINE_CURVE_WITH_KNOTS('',6,(#10616,#10617,#10618,#10619,
    #10620,#10621,#10622,#10623,#10624,#10625,#10626,#10627,#10628,
    #10629,#10630,#10631,#10632),.UNSPECIFIED.,.F.,.F.,(7,5,5,7),(0.,
    0.245541347766,0.675708691504,1.),.UNSPECIFIED.);
#10616 = CARTESIAN_POINT('',(17.773647574988,-18.40496635575,
    12.450269739487));
#10617 = CARTESIAN_POINT('',(17.78099703342,-18.39636023152,
    12.465759066175));
#10618 = CARTESIAN_POINT('',(17.789938497634,-18.3872503082,
    12.480489691382));
#10619 = CARTESIAN_POINT('',(17.800374001088,-18.37775220247,
    12.494257223647));
#10620 = CARTESIAN_POINT('',(17.812170348038,-18.36799186463,
    12.506875319187));
#10621 = CARTESIAN_POINT('',(17.825165522413,-18.35810006774,
    12.518182597338));
#10622 = CARTESIAN_POINT('',(17.863718667075,-18.33087491079,
    12.545335619746));
#10623 = CARTESIAN_POINT('',(17.891375378237,-18.31353897313,
    12.558200625309));
#10624 = CARTESIAN_POINT('',(17.921155526705,-18.29689801847,
    12.565947801498));
#10625 = CARTESIAN_POINT('',(17.95185959894,-18.28164762707,
    12.5681704847));
#10626 = CARTESIAN_POINT('',(17.982213093211,-18.26838513224,
    12.564850838356));
#10627 = CARTESIAN_POINT('',(18.03277375196,-18.24937416822,
    12.549903066489));
#10628 = CARTESIAN_POINT('',(18.053639666113,-18.2425795172,
    12.540521300705));
#10629 = CARTESIAN_POINT('',(18.073133813863,-18.23734942658,
    12.528326363067));
#10630 = CARTESIAN_POINT('',(18.090785525136,-18.23381660737,
    12.513582298914));
#10631 = CARTESIAN_POINT('',(18.106192999099,-18.23205080756,
    12.496651133573));
#10632 = CARTESIAN_POINT('',(18.119057808089,-18.23205080756,
    12.477970353672));
#10633 = ORIENTED_EDGE('',*,*,#10598,.T.);
#10634 = ORIENTED_EDGE('',*,*,#4354,.T.);
#10635 = ( BOUNDED_SURFACE() B_SPLINE_SURFACE(6,2,(
    (#10636,#10637,#10638,#10639)
    ,(#10640,#10641,#10642,#10643)
    ,(#10644,#10645,#10646,#10647)
    ,(#10648,#10649,#10650,#10651)
    ,(#10652,#10653,#10654,#10655)
    ,(#10656,#10657,#10658,#10659)
    ,(#10660,#10661,#10662,#10663
)),.UNSPECIFIED.,.F.,.F.,.F.) B_SPLINE_SURFACE_WITH_KNOTS((7,7),(3,1,3),
  (0.,8.767282772495),(-2.999333580064,5.767949192431,6.120947683008),
.UNSPECIFIED.) GEOMETRIC_REPRESENTATION_ITEM() RATIONAL_B_SPLINE_SURFACE
((
    (1.056651799772,1.056651799772,1.056651799772,1.056651799772)
    ,(1.017452375137,1.017452375137,1.017452375137,1.017452375137)
    ,(0.99632276822,0.99632276822,0.99632276822,0.99632276822)
    ,(0.98937924261,0.98937924261,0.98937924261,0.98937924261)
    ,(0.99632276822,0.99632276822,0.99632276822,0.99632276822)
    ,(1.017452375137,1.017452375137,1.017452375137,1.017452375137)
    ,(1.056651799772,1.056651799772,1.056651799772,1.056651799772
))) REPRESENTATION_ITEM('') SURFACE() );
#10636 = CARTESIAN_POINT('',(17.773647574988,-15.2327172275,
    12.450269739487));
#10637 = CARTESIAN_POINT('',(17.773647574988,-19.61635861375,
    12.450269739487));
#10638 = CARTESIAN_POINT('',(17.773647574988,-24.17649924528,
    12.450269739487));
#10639 = CARTESIAN_POINT('',(17.773647574988,-24.35299849057,
    12.450269739487));
#10640 = CARTESIAN_POINT('',(17.804743310882,-15.2327172275,
    12.515805454305));
#10641 = CARTESIAN_POINT('',(17.804743310882,-19.61635861375,
    12.515805454305));
#10642 = CARTESIAN_POINT('',(17.804743310882,-24.17649924528,
    12.515805454305));
#10643 = CARTESIAN_POINT('',(17.804743310882,-24.35299849057,
    12.515805454305));
#10644 = CARTESIAN_POINT('',(17.862381770761,-15.2327172275,
    12.56486138681));
#10645 = CARTESIAN_POINT('',(17.862381770761,-19.61635861375,
    12.56486138681));
#10646 = CARTESIAN_POINT('',(17.862381770761,-24.17649924528,
    12.56486138681));
#10647 = CARTESIAN_POINT('',(17.862381770761,-24.35299849057,
    12.56486138681));
#10648 = CARTESIAN_POINT('',(17.936508792376,-15.2327172275,
    12.586867631953));
#10649 = CARTESIAN_POINT('',(17.936508792376,-19.61635861375,
    12.586867631953));
#10650 = CARTESIAN_POINT('',(17.936508792376,-24.17649924528,
    12.586867631953));
#10651 = CARTESIAN_POINT('',(17.936508792376,-24.35299849057,
    12.586867631953));
#10652 = CARTESIAN_POINT('',(18.01319550193,-15.2327172275,
    12.576956086331));
#10653 = CARTESIAN_POINT('',(18.01319550193,-19.61635861375,
    12.576956086331));
#10654 = CARTESIAN_POINT('',(18.01319550193,-24.17649924528,
    12.576956086331));
#10655 = CARTESIAN_POINT('',(18.01319550193,-24.35299849057,
    12.576956086331));
#10656 = CARTESIAN_POINT('',(18.077915228306,-15.2327172275,
    12.53771282463));
#10657 = CARTESIAN_POINT('',(18.077915228306,-19.61635861375,
    12.53771282463));
#10658 = CARTESIAN_POINT('',(18.077915228306,-24.17649924528,
    12.53771282463));
#10659 = CARTESIAN_POINT('',(18.077915228306,-24.35299849057,
    12.53771282463));
#10660 = CARTESIAN_POINT('',(18.119057808089,-15.2327172275,
    12.477970353672));
#10661 = CARTESIAN_POINT('',(18.119057808089,-19.61635861375,
    12.477970353672));
#10662 = CARTESIAN_POINT('',(18.119057808089,-24.17649924528,
    12.477970353672));
#10663 = CARTESIAN_POINT('',(18.119057808089,-24.35299849057,
    12.477970353672));
#10664 = ADVANCED_FACE('',(#10665),#10721,.T.);
#10665 = FACE_BOUND('',#10666,.T.);
#10666 = EDGE_LOOP('',(#10667,#10668,#10669,#10691,#10700,#10720));
#10667 = ORIENTED_EDGE('',*,*,#5878,.T.);
#10668 = ORIENTED_EDGE('',*,*,#4875,.T.);
#10669 = ORIENTED_EDGE('',*,*,#10670,.F.);
#10670 = EDGE_CURVE('',#10671,#4876,#10673,.T.);
#10671 = VERTEX_POINT('',#10672);
#10672 = CARTESIAN_POINT('',(10.910718567164,-4.4,19.103827374329));
#10673 = B_SPLINE_CURVE_WITH_KNOTS('',6,(#10674,#10675,#10676,#10677,
    #10678,#10679,#10680,#10681,#10682,#10683,#10684,#10685,#10686,
    #10687,#10688,#10689,#10690),.UNSPECIFIED.,.F.,.F.,(7,5,5,7),(0.,
    0.316956850824,0.754284106065,1.),.UNSPECIFIED.);
#10674 = CARTESIAN_POINT('',(10.910718564732,-4.4,19.103827375718));
#10675 = CARTESIAN_POINT('',(10.891441627808,-4.399999999997,
    19.11483696188));
#10676 = CARTESIAN_POINT('',(10.870697303636,-4.397070317427,
    19.123279878729));
#10677 = CARTESIAN_POINT('',(10.848917929892,-4.391208924147,
    19.128906624951));
#10678 = CARTESIAN_POINT('',(10.826591529449,-4.382528879527,
    19.131573736823));
#10679 = CARTESIAN_POINT('',(10.80422373522,-4.371244413353,
    19.131247661536));
#10680 = CARTESIAN_POINT('',(10.752049630295,-4.338909528272,
    19.123539515737));
#10681 = CARTESIAN_POINT('',(10.722644328406,-4.315777243679,
    19.113524165719));
#10682 = CARTESIAN_POINT('',(10.695355830247,-4.289046259317,
    19.09816724747));
#10683 = CARTESIAN_POINT('',(10.671382633868,-4.259802772457,
    19.078065910673));
#10684 = CARTESIAN_POINT('',(10.651667234584,-4.229304042876,
    19.054146533543));
#10685 = CARTESIAN_POINT('',(10.628484962784,-4.181679658808,
    19.012545230856));
#10686 = CARTESIAN_POINT('',(10.621683761675,-4.164549816948,
    18.996722497505));
#10687 = CARTESIAN_POINT('',(10.616530194051,-4.147646440075,
    18.980238179954));
#10688 = CARTESIAN_POINT('',(10.613100444291,-4.13119498975,
    18.963306650477));
#10689 = CARTESIAN_POINT('',(10.611434577004,-4.115413123858,
    18.946152515679));
#10690 = CARTESIAN_POINT('',(10.611533546543,-4.100501485124,
    18.929002099859));
#10691 = ORIENTED_EDGE('',*,*,#10692,.F.);
#10692 = EDGE_CURVE('',#10693,#10671,#10695,.T.);
#10693 = VERTEX_POINT('',#10694);
#10694 = CARTESIAN_POINT('',(16.196991251037,-4.4,14.888165582564));
#10695 = CIRCLE('',#10696,22.);
#10696 = AXIS2_PLACEMENT_3D('',#10697,#10698,#10699);
#10697 = CARTESIAN_POINT('',(6.528111384796E-15,-4.4,-6.528111384796E-15
    ));
#10698 = DIRECTION('',(-3.330669073875E-16,-1.,3.330669073875E-16));
#10699 = DIRECTION('',(-2.3415612883E-16,3.330669073875E-16,1.));
#10700 = ORIENTED_EDGE('',*,*,#10701,.T.);
#10701 = EDGE_CURVE('',#10693,#4641,#10702,.T.);
#10702 = B_SPLINE_CURVE_WITH_KNOTS('',6,(#10703,#10704,#10705,#10706,
    #10707,#10708,#10709,#10710,#10711,#10712,#10713,#10714,#10715,
    #10716,#10717,#10718,#10719),.UNSPECIFIED.,.F.,.F.,(7,5,5,7),(0.,
    0.316956850849,0.75428410609,1.),.UNSPECIFIED.);
#10703 = CARTESIAN_POINT('',(16.19699125285,-4.4,14.888165580591));
#10704 = CARTESIAN_POINT('',(16.21201432771,-4.399999999997,
    14.871821820117));
#10705 = CARTESIAN_POINT('',(16.22486160959,-4.397070317427,
    14.853476324994));
#10706 = CARTESIAN_POINT('',(16.235193648057,-4.391208924146,
    14.833495074516));
#10707 = CARTESIAN_POINT('',(16.24276198122,-4.382528879525,
    14.812321931902));
#10708 = CARTESIAN_POINT('',(16.247421383863,-4.371244413349,
    14.79044238631));
#10709 = CARTESIAN_POINT('',(16.251516327925,-4.338909528265,
    14.737861171321));
#10710 = CARTESIAN_POINT('',(16.248295378881,-4.315777243671,
    14.706964496704));
#10711 = CARTESIAN_POINT('',(16.23939575273,-4.289046259308,
    14.676942942376));
#10712 = CARTESIAN_POINT('',(16.225132936461,-4.259802772447,
    14.649097835844));
#10713 = CARTESIAN_POINT('',(16.206200357116,-4.229304042866,
    14.624554180645));
#10714 = CARTESIAN_POINT('',(16.170800626715,-4.1816796588,
    14.592695976075));
#10715 = CARTESIAN_POINT('',(16.156888011947,-4.164549816942,
    14.582544405876));
#10716 = CARTESIAN_POINT('',(16.141963767336,-4.14764644007,
    14.573851943216));
#10717 = CARTESIAN_POINT('',(16.126219937774,-4.131194989747,
    14.566740564691));
#10718 = CARTESIAN_POINT('',(16.109866583297,-4.115413123857,
    14.56129931008));
#10719 = CARTESIAN_POINT('',(16.093124141416,-4.100501485124,
    14.5575794717));
#10720 = ORIENTED_EDGE('',*,*,#4649,.T.);
#10721 = CONICAL_SURFACE('',#10722,21.6,0.785398163397);
#10722 = AXIS2_PLACEMENT_3D('',#10723,#10724,#10725);
#10723 = CARTESIAN_POINT('',(6.661338147751E-15,-4.,-6.661338147751E-15)
  );
#10724 = DIRECTION('',(-3.330669073875E-16,-1.,3.330669073875E-16));
#10725 = DIRECTION('',(-2.302684791815E-16,3.330669073875E-16,1.));
#10726 = ADVANCED_FACE('',(#10727),#10758,.T.);
#10727 = FACE_BOUND('',#10728,.T.);
#10728 = EDGE_LOOP('',(#10729,#10730,#10731,#10738));
#10729 = ORIENTED_EDGE('',*,*,#4640,.F.);
#10730 = ORIENTED_EDGE('',*,*,#10701,.F.);
#10731 = ORIENTED_EDGE('',*,*,#10732,.T.);
#10732 = EDGE_CURVE('',#10693,#6240,#10733,.T.);
#10733 = ( BOUNDED_CURVE() B_SPLINE_CURVE(2,(#10734,#10735,#10736,#10737
),.UNSPECIFIED.,.F.,.F.) B_SPLINE_CURVE_WITH_KNOTS((3,1,3),(
    -0.352998490577,6.168843056153E-14,8.767282772495),.UNSPECIFIED.) 
CURVE() GEOMETRIC_REPRESENTATION_ITEM() RATIONAL_B_SPLINE_CURVE((
    1.056651799772,1.056651799772,1.056651799772,1.056651799772)) 
REPRESENTATION_ITEM('') );
#10734 = CARTESIAN_POINT('',(16.196991251037,-3.647001509423,
    14.888165582564));
#10735 = CARTESIAN_POINT('',(16.196991251037,-3.823500754712,
    14.888165582564));
#10736 = CARTESIAN_POINT('',(16.196991251037,-8.383641386248,
    14.888165582564));
#10737 = CARTESIAN_POINT('',(16.196991251037,-12.76728277249,
    14.888165582564));
#10738 = ORIENTED_EDGE('',*,*,#10739,.F.);
#10739 = EDGE_CURVE('',#4630,#6240,#10740,.T.);
#10740 = B_SPLINE_CURVE_WITH_KNOTS('',6,(#10741,#10742,#10743,#10744,
    #10745,#10746,#10747,#10748,#10749,#10750,#10751,#10752,#10753,
    #10754,#10755,#10756,#10757),.UNSPECIFIED.,.F.,.F.,(7,5,5,7),(0.,
    0.245541347766,0.675708691505,1.),.UNSPECIFIED.);
#10741 = CARTESIAN_POINT('',(16.093124141416,-9.595033644246,
    14.5575794717));
#10742 = CARTESIAN_POINT('',(16.109860526699,-9.60363976848,
    14.561297964424));
#10743 = CARTESIAN_POINT('',(16.126211487345,-9.612749691792,
    14.566737374983));
#10744 = CARTESIAN_POINT('',(16.141955956807,-9.622247797528,
    14.57384767444));
#10745 = CARTESIAN_POINT('',(16.156882624488,-9.632008135363,
    14.582540471939));
#10746 = CARTESIAN_POINT('',(16.170798103906,-9.641899932255,
    14.592693724066));
#10747 = CARTESIAN_POINT('',(16.20584922511,-9.669125089204,
    14.624238144994));
#10748 = CARTESIAN_POINT('',(16.224545875321,-9.68646102687,
    14.648338711611));
#10749 = CARTESIAN_POINT('',(16.238725520079,-9.703101981523,
    14.675648300701));
#10750 = CARTESIAN_POINT('',(16.247724774803,-9.718352372925,
    14.705087964198));
#10751 = CARTESIAN_POINT('',(16.251242646817,-9.731614867753,
    14.7354191238));
#10752 = CARTESIAN_POINT('',(16.247920451805,-9.750625831778,
    14.78803831343));
#10753 = CARTESIAN_POINT('',(16.243417009182,-9.757420482792,
    14.810468714835));
#10754 = CARTESIAN_POINT('',(16.235865680055,-9.762650573418,
    14.832187732513));
#10755 = CARTESIAN_POINT('',(16.225419155652,-9.766183392621,
    14.852677741456));
#10756 = CARTESIAN_POINT('',(16.212340975472,-9.767949192431,
    14.871466456604));
#10757 = CARTESIAN_POINT('',(16.196991251037,-9.767949192431,
    14.888165582564));
#10758 = ( BOUNDED_SURFACE() B_SPLINE_SURFACE(6,2,(
    (#10759,#10760,#10761,#10762)
    ,(#10763,#10764,#10765,#10766)
    ,(#10767,#10768,#10769,#10770)
    ,(#10771,#10772,#10773,#10774)
    ,(#10775,#10776,#10777,#10778)
    ,(#10779,#10780,#10781,#10782)
    ,(#10783,#10784,#10785,#10786
)),.UNSPECIFIED.,.F.,.F.,.F.) B_SPLINE_SURFACE_WITH_KNOTS((7,7),(3,1,3),
  (0.,8.767282772495),(-0.352998490577,6.168843056153E-14,8.767282772495
),.UNSPECIFIED.) GEOMETRIC_REPRESENTATION_ITEM() 
RATIONAL_B_SPLINE_SURFACE((
    (1.056651799772,1.056651799772,1.056651799772,1.056651799772)
    ,(1.017452375137,1.017452375137,1.017452375137,1.017452375137)
    ,(0.99632276822,0.99632276822,0.99632276822,0.99632276822)
    ,(0.98937924261,0.98937924261,0.98937924261,0.98937924261)
    ,(0.99632276822,0.99632276822,0.99632276822,0.99632276822)
    ,(1.017452375137,1.017452375137,1.017452375137,1.017452375137)
    ,(1.056651799772,1.056651799772,1.056651799772,1.056651799772
))) REPRESENTATION_ITEM('') SURFACE() );
#10759 = CARTESIAN_POINT('',(16.093124141416,-3.647001509423,
    14.5575794717));
#10760 = CARTESIAN_POINT('',(16.093124141416,-3.823500754712,
    14.5575794717));
#10761 = CARTESIAN_POINT('',(16.093124141416,-8.383641386248,
    14.5575794717));
#10762 = CARTESIAN_POINT('',(16.093124141416,-12.76728277249,
    14.5575794717));
#10763 = CARTESIAN_POINT('',(16.16393619123,-3.647001509423,
    14.573312504104));
#10764 = CARTESIAN_POINT('',(16.16393619123,-3.823500754712,
    14.573312504104));
#10765 = CARTESIAN_POINT('',(16.16393619123,-8.383641386248,
    14.573312504104));
#10766 = CARTESIAN_POINT('',(16.16393619123,-12.76728277249,
    14.573312504104));
#10767 = CARTESIAN_POINT('',(16.224587953011,-3.647001509423,
    14.618589875538));
#10768 = CARTESIAN_POINT('',(16.224587953011,-3.823500754712,
    14.618589875538));
#10769 = CARTESIAN_POINT('',(16.224587953011,-8.383641386248,
    14.618589875538));
#10770 = CARTESIAN_POINT('',(16.224587953011,-12.76728277249,
    14.618589875538));
#10771 = CARTESIAN_POINT('',(16.262537269724,-3.647001509423,
    14.685961527735));
#10772 = CARTESIAN_POINT('',(16.262537269724,-3.823500754712,
    14.685961527735));
#10773 = CARTESIAN_POINT('',(16.262537269724,-8.383641386248,
    14.685961527735));
#10774 = CARTESIAN_POINT('',(16.262537269724,-12.76728277249,
    14.685961527735));
#10775 = CARTESIAN_POINT('',(16.269938625476,-3.647001509423,
    14.762931067761));
#10776 = CARTESIAN_POINT('',(16.269938625476,-3.823500754712,
    14.762931067761));
#10777 = CARTESIAN_POINT('',(16.269938625476,-8.383641386248,
    14.762931067761));
#10778 = CARTESIAN_POINT('',(16.269938625476,-12.76728277249,
    14.762931067761));
#10779 = CARTESIAN_POINT('',(16.246080768238,-3.647001509423,
    14.834760582719));
#10780 = CARTESIAN_POINT('',(16.246080768238,-3.823500754712,
    14.834760582719));
#10781 = CARTESIAN_POINT('',(16.246080768238,-8.383641386248,
    14.834760582719));
#10782 = CARTESIAN_POINT('',(16.246080768238,-12.76728277249,
    14.834760582719));
#10783 = CARTESIAN_POINT('',(16.196991251037,-3.647001509423,
    14.888165582564));
#10784 = CARTESIAN_POINT('',(16.196991251037,-3.823500754712,
    14.888165582564));
#10785 = CARTESIAN_POINT('',(16.196991251037,-8.383641386248,
    14.888165582564));
#10786 = CARTESIAN_POINT('',(16.196991251037,-12.76728277249,
    14.888165582564));
#10787 = ADVANCED_FACE('',(#10788),#10793,.T.);
#10788 = FACE_BOUND('',#10789,.F.);
#10789 = EDGE_LOOP('',(#10790,#10791,#10792));
#10790 = ORIENTED_EDGE('',*,*,#6248,.T.);
#10791 = ORIENTED_EDGE('',*,*,#10739,.F.);
#10792 = ORIENTED_EDGE('',*,*,#4629,.F.);
#10793 = CONICAL_SURFACE('',#10794,17.,1.047197551197);
#10794 = AXIS2_PLACEMENT_3D('',#10795,#10796,#10797);
#10795 = CARTESIAN_POINT('',(-2.971849092539E-15,-6.881197846483,
    1.431167093893E-15));
#10796 = DIRECTION('',(1.736014626426E-16,-1.,-8.360205819652E-17));
#10797 = DIRECTION('',(-0.623489801859,-1.736014626426E-16,
    0.781831482468));
#10798 = ADVANCED_FACE('',(#10799),#10823,.T.);
#10799 = FACE_BOUND('',#10800,.F.);
#10800 = EDGE_LOOP('',(#10801,#10821,#10822));
#10801 = ORIENTED_EDGE('',*,*,#10802,.T.);
#10802 = EDGE_CURVE('',#4555,#6257,#10803,.T.);
#10803 = B_SPLINE_CURVE_WITH_KNOTS('',6,(#10804,#10805,#10806,#10807,
    #10808,#10809,#10810,#10811,#10812,#10813,#10814,#10815,#10816,
    #10817,#10818,#10819,#10820),.UNSPECIFIED.,.F.,.F.,(7,5,5,7),(0.,
    0.24554134772,0.675708691458,1.),.UNSPECIFIED.);
#10804 = CARTESIAN_POINT('',(17.773647574988,-9.595033644246,
    12.450269739487));
#10805 = CARTESIAN_POINT('',(17.780997033419,-9.603639768478,
    12.465759066172));
#10806 = CARTESIAN_POINT('',(17.789938497631,-9.612749691788,
    12.480489691377));
#10807 = CARTESIAN_POINT('',(17.800374001082,-9.622247797523,
    12.494257223639));
#10808 = CARTESIAN_POINT('',(17.812170348029,-9.632008135356,
    12.506875319177));
#10809 = CARTESIAN_POINT('',(17.8251655224,-9.641899932245,
    12.518182597327));
#10810 = CARTESIAN_POINT('',(17.863718667058,-9.669125089192,
    12.545335619737));
#10811 = CARTESIAN_POINT('',(17.891375378218,-9.686461026859,
    12.558200625303));
#10812 = CARTESIAN_POINT('',(17.921155526686,-9.703101981512,
    12.565947801495));
#10813 = CARTESIAN_POINT('',(17.95185959892,-9.718352372916,
    12.5681704847));
#10814 = CARTESIAN_POINT('',(17.982213093191,-9.731614867745,
    12.564850838359));
#10815 = CARTESIAN_POINT('',(18.032773751946,-9.750625831773,
    12.549903066495));
#10816 = CARTESIAN_POINT('',(18.053639666102,-9.757420482789,
    12.540521300712));
#10817 = CARTESIAN_POINT('',(18.073133813856,-9.762650573417,
    12.528326363073));
#10818 = CARTESIAN_POINT('',(18.090785525131,-9.76618339262,
    12.513582298919));
#10819 = CARTESIAN_POINT('',(18.106192999097,-9.767949192431,
    12.496651133576));
#10820 = CARTESIAN_POINT('',(18.119057808089,-9.767949192431,
    12.477970353672));
#10821 = ORIENTED_EDGE('',*,*,#6256,.T.);
#10822 = ORIENTED_EDGE('',*,*,#4563,.T.);
#10823 = CONICAL_SURFACE('',#10824,17.,1.047197551197);
#10824 = AXIS2_PLACEMENT_3D('',#10825,#10826,#10827);
#10825 = CARTESIAN_POINT('',(-2.971849092539E-15,-6.881197846483,
    1.431167093893E-15));
#10826 = DIRECTION('',(1.736014626426E-16,-1.,-8.360205819652E-17));
#10827 = DIRECTION('',(-0.623489801859,-1.736014626426E-16,
    0.781831482468));
#10828 = ADVANCED_FACE('',(#10829),#10841,.F.);
#10829 = FACE_BOUND('',#10830,.F.);
#10830 = EDGE_LOOP('',(#10831,#10832,#10833,#10840));
#10831 = ORIENTED_EDGE('',*,*,#4554,.F.);
#10832 = ORIENTED_EDGE('',*,*,#10308,.F.);
#10833 = ORIENTED_EDGE('',*,*,#10834,.T.);
#10834 = EDGE_CURVE('',#10309,#6257,#10835,.T.);
#10835 = ( BOUNDED_CURVE() B_SPLINE_CURVE(2,(#10836,#10837,#10838,#10839
),.UNSPECIFIED.,.F.,.F.) B_SPLINE_CURVE_WITH_KNOTS((3,1,3),(
    -0.352998490577,6.157075717328E-14,8.767282772495),.UNSPECIFIED.) 
CURVE() GEOMETRIC_REPRESENTATION_ITEM() RATIONAL_B_SPLINE_CURVE((
    1.056651799772,1.056651799772,1.056651799772,1.056651799772)) 
REPRESENTATION_ITEM('') );
#10836 = CARTESIAN_POINT('',(18.119057808089,-3.647001509423,
    12.477970353672));
#10837 = CARTESIAN_POINT('',(18.119057808089,-3.823500754712,
    12.477970353672));
#10838 = CARTESIAN_POINT('',(18.119057808089,-8.383641386248,
    12.477970353672));
#10839 = CARTESIAN_POINT('',(18.119057808089,-12.76728277249,
    12.477970353672));
#10840 = ORIENTED_EDGE('',*,*,#10802,.F.);
#10841 = ( BOUNDED_SURFACE() B_SPLINE_SURFACE(6,2,(
    (#10842,#10843,#10844,#10845)
    ,(#10846,#10847,#10848,#10849)
    ,(#10850,#10851,#10852,#10853)
    ,(#10854,#10855,#10856,#10857)
    ,(#10858,#10859,#10860,#10861)
    ,(#10862,#10863,#10864,#10865)
    ,(#10866,#10867,#10868,#10869
)),.UNSPECIFIED.,.F.,.F.,.F.) B_SPLINE_SURFACE_WITH_KNOTS((7,7),(3,1,3),
  (0.,8.767282772495),(-0.352998490577,6.157075717328E-14,8.767282772495
),.UNSPECIFIED.) GEOMETRIC_REPRESENTATION_ITEM() 
RATIONAL_B_SPLINE_SURFACE((
    (1.056651799772,1.056651799772,1.056651799772,1.056651799772)
    ,(1.017452375137,1.017452375137,1.017452375137,1.017452375137)
    ,(0.99632276822,0.99632276822,0.99632276822,0.99632276822)
    ,(0.98937924261,0.98937924261,0.98937924261,0.98937924261)
    ,(0.99632276822,0.99632276822,0.99632276822,0.99632276822)
    ,(1.017452375137,1.017452375137,1.017452375137,1.017452375137)
    ,(1.056651799772,1.056651799772,1.056651799772,1.056651799772
))) REPRESENTATION_ITEM('') SURFACE() );
#10842 = CARTESIAN_POINT('',(17.773647574988,-3.647001509423,
    12.450269739487));
#10843 = CARTESIAN_POINT('',(17.773647574988,-3.823500754712,
    12.450269739487));
#10844 = CARTESIAN_POINT('',(17.773647574988,-8.383641386248,
    12.450269739487));
#10845 = CARTESIAN_POINT('',(17.773647574988,-12.76728277249,
    12.450269739487));
#10846 = CARTESIAN_POINT('',(17.804743310882,-3.647001509423,
    12.515805454305));
#10847 = CARTESIAN_POINT('',(17.804743310882,-3.823500754712,
    12.515805454305));
#10848 = CARTESIAN_POINT('',(17.804743310882,-8.383641386248,
    12.515805454305));
#10849 = CARTESIAN_POINT('',(17.804743310882,-12.76728277249,
    12.515805454305));
#10850 = CARTESIAN_POINT('',(17.862381770761,-3.647001509423,
    12.56486138681));
#10851 = CARTESIAN_POINT('',(17.862381770761,-3.823500754712,
    12.56486138681));
#10852 = CARTESIAN_POINT('',(17.862381770761,-8.383641386248,
    12.56486138681));
#10853 = CARTESIAN_POINT('',(17.862381770761,-12.76728277249,
    12.56486138681));
#10854 = CARTESIAN_POINT('',(17.936508792376,-3.647001509423,
    12.586867631953));
#10855 = CARTESIAN_POINT('',(17.936508792376,-3.823500754712,
    12.586867631953));
#10856 = CARTESIAN_POINT('',(17.936508792376,-8.383641386248,
    12.586867631953));
#10857 = CARTESIAN_POINT('',(17.936508792376,-12.76728277249,
    12.586867631953));
#10858 = CARTESIAN_POINT('',(18.01319550193,-3.647001509423,
    12.576956086331));
#10859 = CARTESIAN_POINT('',(18.01319550193,-3.823500754712,
    12.576956086331));
#10860 = CARTESIAN_POINT('',(18.01319550193,-8.383641386248,
    12.576956086331));
#10861 = CARTESIAN_POINT('',(18.01319550193,-12.76728277249,
    12.576956086331));
#10862 = CARTESIAN_POINT('',(18.077915228306,-3.647001509423,
    12.53771282463));
#10863 = CARTESIAN_POINT('',(18.077915228306,-3.823500754712,
    12.53771282463));
#10864 = CARTESIAN_POINT('',(18.077915228306,-8.383641386248,
    12.53771282463));
#10865 = CARTESIAN_POINT('',(18.077915228306,-12.76728277249,
    12.53771282463));
#10866 = CARTESIAN_POINT('',(18.119057808089,-3.647001509423,
    12.477970353672));
#10867 = CARTESIAN_POINT('',(18.119057808089,-3.823500754712,
    12.477970353672));
#10868 = CARTESIAN_POINT('',(18.119057808089,-8.383641386248,
    12.477970353672));
#10869 = CARTESIAN_POINT('',(18.119057808089,-12.76728277249,
    12.477970353672));
#10870 = ADVANCED_FACE('',(#10871),#10876,.T.);
#10871 = FACE_BOUND('',#10872,.F.);
#10872 = EDGE_LOOP('',(#10873,#10874,#10875));
#10873 = ORIENTED_EDGE('',*,*,#5658,.F.);
#10874 = ORIENTED_EDGE('',*,*,#10614,.F.);
#10875 = ORIENTED_EDGE('',*,*,#4512,.F.);
#10876 = CONICAL_SURFACE('',#10877,25.,1.047197551197);
#10877 = AXIS2_PLACEMENT_3D('',#10878,#10879,#10880);
#10878 = CARTESIAN_POINT('',(-1.302010969819E-15,-16.5,
    6.270154364739E-16));
#10879 = DIRECTION('',(-1.736014626426E-16,1.,8.360205819652E-17));
#10880 = DIRECTION('',(-0.623489801859,-1.736014626426E-16,
    0.781831482468));
#10881 = ADVANCED_FACE('',(#10882),#10906,.T.);
#10882 = FACE_BOUND('',#10883,.F.);
#10883 = EDGE_LOOP('',(#10884,#10904,#10905));
#10884 = ORIENTED_EDGE('',*,*,#10885,.T.);
#10885 = EDGE_CURVE('',#4438,#5667,#10886,.T.);
#10886 = B_SPLINE_CURVE_WITH_KNOTS('',6,(#10887,#10888,#10889,#10890,
    #10891,#10892,#10893,#10894,#10895,#10896,#10897,#10898,#10899,
    #10900,#10901,#10902,#10903),.UNSPECIFIED.,.F.,.F.,(7,5,5,7),(0.,
    0.245541347732,0.675708691471,1.),.UNSPECIFIED.);
#10887 = CARTESIAN_POINT('',(16.093124141416,-18.40496635575,
    14.5575794717));
#10888 = CARTESIAN_POINT('',(16.109860526696,-18.39636023152,
    14.561297964424));
#10889 = CARTESIAN_POINT('',(16.126211487341,-18.38725030821,
    14.566737374981));
#10890 = CARTESIAN_POINT('',(16.1419559568,-18.37775220247,
    14.573847674437));
#10891 = CARTESIAN_POINT('',(16.156882624479,-18.36799186464,
    14.582540471934));
#10892 = CARTESIAN_POINT('',(16.170798103897,-18.35810006775,
    14.592693724059));
#10893 = CARTESIAN_POINT('',(16.2058492251,-18.3308749108,
    14.624238144983));
#10894 = CARTESIAN_POINT('',(16.224545875314,-18.31353897313,
    14.648338711599));
#10895 = CARTESIAN_POINT('',(16.238725520073,-18.29689801848,
    14.675648300688));
#10896 = CARTESIAN_POINT('',(16.247724774799,-18.28164762708,
    14.705087964184));
#10897 = CARTESIAN_POINT('',(16.251242646816,-18.26838513225,
    14.735419123786));
#10898 = CARTESIAN_POINT('',(16.247920451808,-18.24937416822,
    14.788038313418));
#10899 = CARTESIAN_POINT('',(16.243417009185,-18.24257951721,
    14.810468714826));
#10900 = CARTESIAN_POINT('',(16.235865680059,-18.23734942658,
    14.832187732507));
#10901 = CARTESIAN_POINT('',(16.225419155655,-18.23381660738,
    14.852677741452));
#10902 = CARTESIAN_POINT('',(16.212340975473,-18.23205080756,
    14.871466456602));
#10903 = CARTESIAN_POINT('',(16.196991251037,-18.23205080756,
    14.888165582564));
#10904 = ORIENTED_EDGE('',*,*,#5666,.F.);
#10905 = ORIENTED_EDGE('',*,*,#4446,.T.);
#10906 = CONICAL_SURFACE('',#10907,25.,1.047197551197);
#10907 = AXIS2_PLACEMENT_3D('',#10908,#10909,#10910);
#10908 = CARTESIAN_POINT('',(-1.302010969819E-15,-16.5,
    6.270154364739E-16));
#10909 = DIRECTION('',(-1.736014626426E-16,1.,8.360205819652E-17));
#10910 = DIRECTION('',(-0.623489801859,-1.736014626426E-16,
    0.781831482468));
#10911 = ADVANCED_FACE('',(#10912),#10924,.T.);
#10912 = FACE_BOUND('',#10913,.T.);
#10913 = EDGE_LOOP('',(#10914,#10915,#10916,#10923));
#10914 = ORIENTED_EDGE('',*,*,#4437,.F.);
#10915 = ORIENTED_EDGE('',*,*,#10885,.T.);
#10916 = ORIENTED_EDGE('',*,*,#10917,.T.);
#10917 = EDGE_CURVE('',#5667,#4677,#10918,.T.);
#10918 = ( BOUNDED_CURVE() B_SPLINE_CURVE(2,(#10919,#10920,#10921,#10922
),.UNSPECIFIED.,.F.,.F.) B_SPLINE_CURVE_WITH_KNOTS((3,1,3),(
-2.999333580064,5.767949192431,6.120947683008),.UNSPECIFIED.) CURVE() 
GEOMETRIC_REPRESENTATION_ITEM() RATIONAL_B_SPLINE_CURVE((1.056651799772,
1.056651799772,1.056651799772,1.056651799772)) REPRESENTATION_ITEM('') 
  );
#10919 = CARTESIAN_POINT('',(16.196991251037,-15.2327172275,
    14.888165582564));
#10920 = CARTESIAN_POINT('',(16.196991251037,-19.61635861375,
    14.888165582564));
#10921 = CARTESIAN_POINT('',(16.196991251037,-24.17649924528,
    14.888165582564));
#10922 = CARTESIAN_POINT('',(16.196991251037,-24.35299849057,
    14.888165582564));
#10923 = ORIENTED_EDGE('',*,*,#4721,.T.);
#10924 = ( BOUNDED_SURFACE() B_SPLINE_SURFACE(6,2,(
    (#10925,#10926,#10927,#10928)
    ,(#10929,#10930,#10931,#10932)
    ,(#10933,#10934,#10935,#10936)
    ,(#10937,#10938,#10939,#10940)
    ,(#10941,#10942,#10943,#10944)
    ,(#10945,#10946,#10947,#10948)
    ,(#10949,#10950,#10951,#10952
)),.UNSPECIFIED.,.F.,.F.,.F.) B_SPLINE_SURFACE_WITH_KNOTS((7,7),(3,1,3),
  (0.,8.767282772495),(-2.999333580064,5.767949192431,6.120947683008),
.UNSPECIFIED.) GEOMETRIC_REPRESENTATION_ITEM() RATIONAL_B_SPLINE_SURFACE
((
    (1.056651799772,1.056651799772,1.056651799772,1.056651799772)
    ,(1.017452375137,1.017452375137,1.017452375137,1.017452375137)
    ,(0.99632276822,0.99632276822,0.99632276822,0.99632276822)
    ,(0.98937924261,0.98937924261,0.98937924261,0.98937924261)
    ,(0.99632276822,0.99632276822,0.99632276822,0.99632276822)
    ,(1.017452375137,1.017452375137,1.017452375137,1.017452375137)
    ,(1.056651799772,1.056651799772,1.056651799772,1.056651799772
))) REPRESENTATION_ITEM('') SURFACE() );
#10925 = CARTESIAN_POINT('',(16.093124141416,-15.2327172275,
    14.5575794717));
#10926 = CARTESIAN_POINT('',(16.093124141416,-19.61635861375,
    14.5575794717));
#10927 = CARTESIAN_POINT('',(16.093124141416,-24.17649924528,
    14.5575794717));
#10928 = CARTESIAN_POINT('',(16.093124141416,-24.35299849057,
    14.5575794717));
#10929 = CARTESIAN_POINT('',(16.16393619123,-15.2327172275,
    14.573312504104));
#10930 = CARTESIAN_POINT('',(16.16393619123,-19.61635861375,
    14.573312504104));
#10931 = CARTESIAN_POINT('',(16.16393619123,-24.17649924528,
    14.573312504104));
#10932 = CARTESIAN_POINT('',(16.16393619123,-24.35299849057,
    14.573312504104));
#10933 = CARTESIAN_POINT('',(16.224587953011,-15.2327172275,
    14.618589875538));
#10934 = CARTESIAN_POINT('',(16.224587953011,-19.61635861375,
    14.618589875538));
#10935 = CARTESIAN_POINT('',(16.224587953011,-24.17649924528,
    14.618589875538));
#10936 = CARTESIAN_POINT('',(16.224587953011,-24.35299849057,
    14.618589875538));
#10937 = CARTESIAN_POINT('',(16.262537269724,-15.2327172275,
    14.685961527735));
#10938 = CARTESIAN_POINT('',(16.262537269724,-19.61635861375,
    14.685961527735));
#10939 = CARTESIAN_POINT('',(16.262537269724,-24.17649924528,
    14.685961527735));
#10940 = CARTESIAN_POINT('',(16.262537269724,-24.35299849057,
    14.685961527735));
#10941 = CARTESIAN_POINT('',(16.269938625476,-15.2327172275,
    14.762931067761));
#10942 = CARTESIAN_POINT('',(16.269938625476,-19.61635861375,
    14.762931067761));
#10943 = CARTESIAN_POINT('',(16.269938625476,-24.17649924528,
    14.762931067761));
#10944 = CARTESIAN_POINT('',(16.269938625476,-24.35299849057,
    14.762931067761));
#10945 = CARTESIAN_POINT('',(16.246080768238,-15.2327172275,
    14.834760582719));
#10946 = CARTESIAN_POINT('',(16.246080768238,-19.61635861375,
    14.834760582719));
#10947 = CARTESIAN_POINT('',(16.246080768238,-24.17649924528,
    14.834760582719));
#10948 = CARTESIAN_POINT('',(16.246080768238,-24.35299849057,
    14.834760582719));
#10949 = CARTESIAN_POINT('',(16.196991251037,-15.2327172275,
    14.888165582564));
#10950 = CARTESIAN_POINT('',(16.196991251037,-19.61635861375,
    14.888165582564));
#10951 = CARTESIAN_POINT('',(16.196991251037,-24.17649924528,
    14.888165582564));
#10952 = CARTESIAN_POINT('',(16.196991251037,-24.35299849057,
    14.888165582564));
#10953 = ADVANCED_FACE('',(#10954),#10966,.T.);
#10954 = FACE_BOUND('',#10955,.F.);
#10955 = EDGE_LOOP('',(#10956,#10957,#10958,#10959));
#10956 = ORIENTED_EDGE('',*,*,#5675,.F.);
#10957 = ORIENTED_EDGE('',*,*,#10917,.T.);
#10958 = ORIENTED_EDGE('',*,*,#4676,.T.);
#10959 = ORIENTED_EDGE('',*,*,#10960,.F.);
#10960 = EDGE_CURVE('',#5676,#4679,#10961,.T.);
#10961 = ( BOUNDED_CURVE() B_SPLINE_CURVE(2,(#10962,#10963,#10964,#10965
),.UNSPECIFIED.,.F.,.F.) B_SPLINE_CURVE_WITH_KNOTS((3,1,3),(
-2.999333580064,5.767949192431,6.120947683008),.UNSPECIFIED.) CURVE() 
GEOMETRIC_REPRESENTATION_ITEM() RATIONAL_B_SPLINE_CURVE((1.056651799772,
1.056651799772,1.056651799772,1.056651799772)) REPRESENTATION_ITEM('') 
  );
#10962 = CARTESIAN_POINT('',(10.910718567164,-15.2327172275,
    19.103827374329));
#10963 = CARTESIAN_POINT('',(10.910718567164,-19.61635861375,
    19.103827374329));
#10964 = CARTESIAN_POINT('',(10.910718567164,-24.17649924528,
    19.103827374329));
#10965 = CARTESIAN_POINT('',(10.910718567164,-24.35299849057,
    19.103827374329));
#10966 = CYLINDRICAL_SURFACE('',#10967,22.);
#10967 = AXIS2_PLACEMENT_3D('',#10968,#10969,#10970);
#10968 = CARTESIAN_POINT('',(6.661338147751E-15,-4.,-4.440892098501E-15)
  );
#10969 = DIRECTION('',(-3.330669073875E-16,-1.,2.22044604925E-16));
#10970 = DIRECTION('',(-3.229739708E-16,2.22044604925E-16,1.));
#10971 = ADVANCED_FACE('',(#10972),#10997,.F.);
#10972 = FACE_BOUND('',#10973,.F.);
#10973 = EDGE_LOOP('',(#10974,#10975,#10995,#10996));
#10974 = ORIENTED_EDGE('',*,*,#4856,.F.);
#10975 = ORIENTED_EDGE('',*,*,#10976,.T.);
#10976 = EDGE_CURVE('',#4846,#5676,#10977,.T.);
#10977 = B_SPLINE_CURVE_WITH_KNOTS('',6,(#10978,#10979,#10980,#10981,
    #10982,#10983,#10984,#10985,#10986,#10987,#10988,#10989,#10990,
    #10991,#10992,#10993,#10994),.UNSPECIFIED.,.F.,.F.,(7,5,5,7),(0.,
    0.245541347766,0.675708691504,1.),.UNSPECIFIED.);
#10978 = CARTESIAN_POINT('',(10.611533546543,-18.40496635575,
    18.929002099859));
#10979 = CARTESIAN_POINT('',(10.611434612806,-18.39636023152,
    18.946146311495));
#10980 = CARTESIAN_POINT('',(10.613099214952,-18.3872503082,
    18.963297702138));
#10981 = CARTESIAN_POINT('',(10.616527770307,-18.37775220247,
    18.980229615354));
#10982 = CARTESIAN_POINT('',(10.621681125191,-18.36799186463,
    18.99671636973));
#10983 = CARTESIAN_POINT('',(10.628483328612,-18.35810006774,
    19.012542270173));
#10984 = CARTESIAN_POINT('',(10.651437256822,-18.33087491079,
    19.053733880593));
#10985 = CARTESIAN_POINT('',(10.67077317585,-18.31353897313,
    19.077324647341));
#10986 = CARTESIAN_POINT('',(10.694242788729,-18.29689801847,
    19.09722573407));
#10987 = CARTESIAN_POINT('',(10.720941815831,-18.28164762707,
    19.112550300106));
#10988 = CARTESIAN_POINT('',(10.74972970977,-18.26838513224,
    19.122729289688));
#10989 = CARTESIAN_POINT('',(10.801768884393,-18.24937416822,
    19.131199260261));
#10990 = CARTESIAN_POINT('',(10.824639019063,-18.2425795172,
    19.131799962217));
#10991 = CARTESIAN_POINT('',(10.847493824433,-18.23734942658,
    19.129270896775));
#10992 = CARTESIAN_POINT('',(10.869794676439,-18.23381660737,
    19.123645744476));
#10993 = CARTESIAN_POINT('',(10.891022488139,-18.23205080756,
    19.11507634402));
#10994 = CARTESIAN_POINT('',(10.910718567164,-18.23205080756,
    19.103827374329));
#10995 = ORIENTED_EDGE('',*,*,#10960,.T.);
#10996 = ORIENTED_EDGE('',*,*,#4687,.T.);
#10997 = ( BOUNDED_SURFACE() B_SPLINE_SURFACE(6,2,(
    (#10998,#10999,#11000,#11001)
    ,(#11002,#11003,#11004,#11005)
    ,(#11006,#11007,#11008,#11009)
    ,(#11010,#11011,#11012,#11013)
    ,(#11014,#11015,#11016,#11017)
    ,(#11018,#11019,#11020,#11021)
    ,(#11022,#11023,#11024,#11025
)),.UNSPECIFIED.,.F.,.F.,.F.) B_SPLINE_SURFACE_WITH_KNOTS((7,7),(3,1,3),
  (0.,8.767282772495),(-2.999333580064,5.767949192431,6.120947683008),
.UNSPECIFIED.) GEOMETRIC_REPRESENTATION_ITEM() RATIONAL_B_SPLINE_SURFACE
((
    (1.056651799772,1.056651799772,1.056651799772,1.056651799772)
    ,(1.017452375137,1.017452375137,1.017452375137,1.017452375137)
    ,(0.99632276822,0.99632276822,0.99632276822,0.99632276822)
    ,(0.98937924261,0.98937924261,0.98937924261,0.98937924261)
    ,(0.99632276822,0.99632276822,0.99632276822,0.99632276822)
    ,(1.017452375137,1.017452375137,1.017452375137,1.017452375137)
    ,(1.056651799772,1.056651799772,1.056651799772,1.056651799772
))) REPRESENTATION_ITEM('') SURFACE() );
#10998 = CARTESIAN_POINT('',(10.611533546543,-15.2327172275,
    18.929002099859));
#10999 = CARTESIAN_POINT('',(10.611533546543,-19.61635861375,
    18.929002099859));
#11000 = CARTESIAN_POINT('',(10.611533546543,-24.17649924528,
    18.929002099859));
#11001 = CARTESIAN_POINT('',(10.611533546543,-24.35299849057,
    18.929002099859));
#11002 = CARTESIAN_POINT('',(10.611114955517,-15.2327172275,
    19.001539672806));
#11003 = CARTESIAN_POINT('',(10.611114955517,-19.61635861375,
    19.001539672806));
#11004 = CARTESIAN_POINT('',(10.611114955517,-24.17649924528,
    19.001539672806));
#11005 = CARTESIAN_POINT('',(10.611114955517,-24.35299849057,
    19.001539672806));
#11006 = CARTESIAN_POINT('',(10.64176084204,-15.2327172275,
    19.070745931268));
#11007 = CARTESIAN_POINT('',(10.64176084204,-19.61635861375,
    19.070745931268));
#11008 = CARTESIAN_POINT('',(10.64176084204,-24.17649924528,
    19.070745931268));
#11009 = CARTESIAN_POINT('',(10.64176084204,-24.35299849057,
    19.070745931268));
#11010 = CARTESIAN_POINT('',(10.698998828859,-15.2327172275,
    19.122735382349));
#11011 = CARTESIAN_POINT('',(10.698998828859,-19.61635861375,
    19.122735382349));
#11012 = CARTESIAN_POINT('',(10.698998828859,-24.17649924528,
    19.122735382349));
#11013 = CARTESIAN_POINT('',(10.698998828859,-24.35299849057,
    19.122735382349));
#11014 = CARTESIAN_POINT('',(10.772391625224,-15.2327172275,
    19.147078504593));
#11015 = CARTESIAN_POINT('',(10.772391625224,-19.61635861375,
    19.147078504593));
#11016 = CARTESIAN_POINT('',(10.772391625224,-24.17649924528,
    19.147078504593));
#11017 = CARTESIAN_POINT('',(10.772391625224,-24.35299849057,
    19.147078504593));
#11018 = CARTESIAN_POINT('',(10.84772909695,-15.2327172275,19.1398023844
    ));
#11019 = CARTESIAN_POINT('',(10.84772909695,-19.61635861375,
    19.1398023844));
#11020 = CARTESIAN_POINT('',(10.84772909695,-24.17649924528,
    19.1398023844));
#11021 = CARTESIAN_POINT('',(10.84772909695,-24.35299849057,
    19.1398023844));
#11022 = CARTESIAN_POINT('',(10.910718567164,-15.2327172275,
    19.103827374329));
#11023 = CARTESIAN_POINT('',(10.910718567164,-19.61635861375,
    19.103827374329));
#11024 = CARTESIAN_POINT('',(10.910718567164,-24.17649924528,
    19.103827374329));
#11025 = CARTESIAN_POINT('',(10.910718567164,-24.35299849057,
    19.103827374329));
#11026 = ADVANCED_FACE('',(#11027),#11058,.T.);
#11027 = FACE_BOUND('',#11028,.T.);
#11028 = EDGE_LOOP('',(#11029,#11030,#11031,#11038));
#11029 = ORIENTED_EDGE('',*,*,#4973,.F.);
#11030 = ORIENTED_EDGE('',*,*,#6554,.F.);
#11031 = ORIENTED_EDGE('',*,*,#11032,.T.);
#11032 = EDGE_CURVE('',#6546,#6214,#11033,.T.);
#11033 = ( BOUNDED_CURVE() B_SPLINE_CURVE(2,(#11034,#11035,#11036,#11037
),.UNSPECIFIED.,.F.,.F.) B_SPLINE_CURVE_WITH_KNOTS((3,1,3),(
    -0.352998490577,6.168843056153E-14,8.767282772495),.UNSPECIFIED.) 
CURVE() GEOMETRIC_REPRESENTATION_ITEM() RATIONAL_B_SPLINE_CURVE((
    1.056651799772,1.056651799772,1.056651799772,1.056651799772)) 
REPRESENTATION_ITEM('') );
#11034 = CARTESIAN_POINT('',(8.133251919308,-3.647001509423,
    20.441384816521));
#11035 = CARTESIAN_POINT('',(8.133251919308,-3.823500754712,
    20.441384816521));
#11036 = CARTESIAN_POINT('',(8.133251919308,-8.383641386248,
    20.441384816521));
#11037 = CARTESIAN_POINT('',(8.133251919308,-12.76728277249,
    20.441384816521));
#11038 = ORIENTED_EDGE('',*,*,#11039,.F.);
#11039 = EDGE_CURVE('',#4963,#6214,#11040,.T.);
#11040 = B_SPLINE_CURVE_WITH_KNOTS('',6,(#11041,#11042,#11043,#11044,
    #11045,#11046,#11047,#11048,#11049,#11050,#11051,#11052,#11053,
    #11054,#11055,#11056,#11057),.UNSPECIFIED.,.F.,.F.,(7,5,5,7),(0.,
    0.245541347766,0.675708691505,1.),.UNSPECIFIED.);
#11041 = CARTESIAN_POINT('',(8.183106825022,-9.595033644246,
    20.098470772578));
#11042 = CARTESIAN_POINT('',(8.196572393596,-9.60363976848,
    20.109082664183));
#11043 = CARTESIAN_POINT('',(8.208944028307,-9.612749691792,
    20.1210778197));
#11044 = CARTESIAN_POINT('',(8.220044261819,-9.622247797528,
    20.134315247433));
#11045 = CARTESIAN_POINT('',(8.229721061219,-9.632008135363,
    20.14862362574));
#11046 = CARTESIAN_POINT('',(8.23785314396,-9.641899932255,
    20.163809090057));
#11047 = CARTESIAN_POINT('',(8.255746501649,-9.669125089204,
    20.207437742796));
#11048 = CARTESIAN_POINT('',(8.262134757464,-9.68646102687,
    20.23726377552));
#11049 = CARTESIAN_POINT('',(8.263060989321,-9.703101981523,
    20.268021182372));
#11050 = CARTESIAN_POINT('',(8.258395646385,-9.718352372925,
    20.298450032954));
#11051 = CARTESIAN_POINT('',(8.248404942612,-9.731614867753,
    20.327303810946));
#11052 = CARTESIAN_POINT('',(8.222581137587,-9.750625831778,
    20.373270616262));
#11053 = CARTESIAN_POINT('',(8.208791489553,-9.757420482792,
    20.391525739099));
#11054 = CARTESIAN_POINT('',(8.192564448499,-9.762650573418,
    20.407817498951));
#11055 = CARTESIAN_POINT('',(8.174262173539,-9.766183392621,
    20.421745782043));
#11056 = CARTESIAN_POINT('',(8.154327022366,-9.767949192431,
    20.432999419742));
#11057 = CARTESIAN_POINT('',(8.133251919308,-9.767949192431,
    20.441384816521));
#11058 = ( BOUNDED_SURFACE() B_SPLINE_SURFACE(6,2,(
    (#11059,#11060,#11061,#11062)
    ,(#11063,#11064,#11065,#11066)
    ,(#11067,#11068,#11069,#11070)
    ,(#11071,#11072,#11073,#11074)
    ,(#11075,#11076,#11077,#11078)
    ,(#11079,#11080,#11081,#11082)
    ,(#11083,#11084,#11085,#11086
)),.UNSPECIFIED.,.F.,.F.,.F.) B_SPLINE_SURFACE_WITH_KNOTS((7,7),(3,1,3),
  (0.,8.767282772495),(-0.352998490577,6.168843056153E-14,8.767282772495
),.UNSPECIFIED.) GEOMETRIC_REPRESENTATION_ITEM() 
RATIONAL_B_SPLINE_SURFACE((
    (1.056651799772,1.056651799772,1.056651799772,1.056651799772)
    ,(1.017452375137,1.017452375137,1.017452375137,1.017452375137)
    ,(0.99632276822,0.99632276822,0.99632276822,0.99632276822)
    ,(0.98937924261,0.98937924261,0.98937924261,0.98937924261)
    ,(0.99632276822,0.99632276822,0.99632276822,0.99632276822)
    ,(1.017452375137,1.017452375137,1.017452375137,1.017452375137)
    ,(1.056651799772,1.056651799772,1.056651799772,1.056651799772
))) REPRESENTATION_ITEM('') SURFACE() );
#11059 = CARTESIAN_POINT('',(8.183106825022,-3.647001509423,
    20.098470772578));
#11060 = CARTESIAN_POINT('',(8.183106825022,-3.823500754712,
    20.098470772578));
#11061 = CARTESIAN_POINT('',(8.183106825022,-8.383641386248,
    20.098470772578));
#11062 = CARTESIAN_POINT('',(8.183106825022,-12.76728277249,
    20.098470772578));
#11063 = CARTESIAN_POINT('',(8.24007997045,-3.647001509423,
    20.143369941919));
#11064 = CARTESIAN_POINT('',(8.24007997045,-3.823500754712,
    20.143369941919));
#11065 = CARTESIAN_POINT('',(8.24007997045,-8.383641386248,
    20.143369941919));
#11066 = CARTESIAN_POINT('',(8.24007997045,-12.76728277249,
    20.143369941919));
#11067 = CARTESIAN_POINT('',(8.275080204383,-3.647001509423,
    20.210479257187));
#11068 = CARTESIAN_POINT('',(8.275080204383,-3.823500754712,
    20.210479257187));
#11069 = CARTESIAN_POINT('',(8.275080204383,-8.383641386248,
    20.210479257187));
#11070 = CARTESIAN_POINT('',(8.275080204383,-12.76728277249,
    20.210479257187));
#11071 = CARTESIAN_POINT('',(8.280039892934,-3.647001509423,
    20.287644609829));
#11072 = CARTESIAN_POINT('',(8.280039892934,-3.823500754712,
    20.287644609829));
#11073 = CARTESIAN_POINT('',(8.280039892934,-8.383641386248,
    20.287644609829));
#11074 = CARTESIAN_POINT('',(8.280039892934,-12.76728277249,
    20.287644609829));
#11075 = CARTESIAN_POINT('',(8.253312452222,-3.647001509423,
    20.360203097077));
#11076 = CARTESIAN_POINT('',(8.253312452222,-3.823500754712,
    20.360203097077));
#11077 = CARTESIAN_POINT('',(8.253312452222,-8.383641386248,
    20.360203097077));
#11078 = CARTESIAN_POINT('',(8.253312452222,-12.76728277249,
    20.360203097077));
#11079 = CARTESIAN_POINT('',(8.200651607067,-3.647001509423,
    20.414567717545));
#11080 = CARTESIAN_POINT('',(8.200651607067,-3.823500754712,
    20.414567717545));
#11081 = CARTESIAN_POINT('',(8.200651607067,-8.383641386248,
    20.414567717545));
#11082 = CARTESIAN_POINT('',(8.200651607067,-12.76728277249,
    20.414567717545));
#11083 = CARTESIAN_POINT('',(8.133251919308,-3.647001509423,
    20.441384816521));
#11084 = CARTESIAN_POINT('',(8.133251919308,-3.823500754712,
    20.441384816521));
#11085 = CARTESIAN_POINT('',(8.133251919308,-8.383641386248,
    20.441384816521));
#11086 = CARTESIAN_POINT('',(8.133251919308,-12.76728277249,
    20.441384816521));
#11087 = ADVANCED_FACE('',(#11088),#11093,.T.);
#11088 = FACE_BOUND('',#11089,.F.);
#11089 = EDGE_LOOP('',(#11090,#11091,#11092));
#11090 = ORIENTED_EDGE('',*,*,#6222,.T.);
#11091 = ORIENTED_EDGE('',*,*,#11039,.F.);
#11092 = ORIENTED_EDGE('',*,*,#4962,.F.);
#11093 = CONICAL_SURFACE('',#11094,17.,1.047197551197);
#11094 = AXIS2_PLACEMENT_3D('',#11095,#11096,#11097);
#11095 = CARTESIAN_POINT('',(-1.649251821241E-15,-6.881197846483,
    3.764309658244E-16));
#11096 = DIRECTION('',(9.634154343575E-17,-1.,-2.198932860189E-17));
#11097 = DIRECTION('',(-0.900968867902,-9.634154343575E-17,
    0.433883739118));
#11098 = ADVANCED_FACE('',(#11099),#11123,.T.);
#11099 = FACE_BOUND('',#11100,.F.);
#11100 = EDGE_LOOP('',(#11101,#11121,#11122));
#11101 = ORIENTED_EDGE('',*,*,#11102,.T.);
#11102 = EDGE_CURVE('',#4888,#6231,#11103,.T.);
#11103 = B_SPLINE_CURVE_WITH_KNOTS('',6,(#11104,#11105,#11106,#11107,
    #11108,#11109,#11110,#11111,#11112,#11113,#11114,#11115,#11116,
    #11117,#11118,#11119,#11120),.UNSPECIFIED.,.F.,.F.,(7,5,5,7),(0.,
    0.24554134772,0.675708691458,1.),.UNSPECIFIED.);
#11104 = CARTESIAN_POINT('',(10.611533546543,-9.595033644246,
    18.929002099859));
#11105 = CARTESIAN_POINT('',(10.611434612806,-9.603639768478,
    18.946146311491));
#11106 = CARTESIAN_POINT('',(10.613099214951,-9.612749691788,
    18.963297702131));
#11107 = CARTESIAN_POINT('',(10.616527770306,-9.622247797523,
    18.980229615344));
#11108 = CARTESIAN_POINT('',(10.621681125187,-9.632008135356,
    18.996716369718));
#11109 = CARTESIAN_POINT('',(10.628483328606,-9.641899932245,
    19.012542270158));
#11110 = CARTESIAN_POINT('',(10.65143725681,-9.669125089192,
    19.053733880577));
#11111 = CARTESIAN_POINT('',(10.670773175836,-9.686461026859,
    19.077324647327));
#11112 = CARTESIAN_POINT('',(10.694242788713,-9.703101981512,
    19.097225734059));
#11113 = CARTESIAN_POINT('',(10.720941815814,-9.718352372916,
    19.112550300097));
#11114 = CARTESIAN_POINT('',(10.749729709751,-9.731614867745,
    19.122729289682));
#11115 = CARTESIAN_POINT('',(10.801768884377,-9.750625831773,
    19.131199260261));
#11116 = CARTESIAN_POINT('',(10.82463901905,-9.757420482789,
    19.131799962218));
#11117 = CARTESIAN_POINT('',(10.847493824423,-9.762650573417,
    19.129270896778));
#11118 = CARTESIAN_POINT('',(10.869794676433,-9.76618339262,
    19.123645744478));
#11119 = CARTESIAN_POINT('',(10.891022488136,-9.767949192431,
    19.115076344021));
#11120 = CARTESIAN_POINT('',(10.910718567164,-9.767949192431,
    19.103827374329));
#11121 = ORIENTED_EDGE('',*,*,#6230,.T.);
#11122 = ORIENTED_EDGE('',*,*,#4896,.T.);
#11123 = CONICAL_SURFACE('',#11124,17.,1.047197551197);
#11124 = AXIS2_PLACEMENT_3D('',#11125,#11126,#11127);
#11125 = CARTESIAN_POINT('',(-1.649251821241E-15,-6.881197846483,
    3.764309658244E-16));
#11126 = DIRECTION('',(9.634154343575E-17,-1.,-2.198932860189E-17));
#11127 = DIRECTION('',(-0.900968867902,-9.634154343575E-17,
    0.433883739118));
#11128 = ADVANCED_FACE('',(#11129),#11141,.F.);
#11129 = FACE_BOUND('',#11130,.F.);
#11130 = EDGE_LOOP('',(#11131,#11132,#11133,#11140));
#11131 = ORIENTED_EDGE('',*,*,#4887,.F.);
#11132 = ORIENTED_EDGE('',*,*,#10670,.F.);
#11133 = ORIENTED_EDGE('',*,*,#11134,.T.);
#11134 = EDGE_CURVE('',#10671,#6231,#11135,.T.);
#11135 = ( BOUNDED_CURVE() B_SPLINE_CURVE(2,(#11136,#11137,#11138,#11139
),.UNSPECIFIED.,.F.,.F.) B_SPLINE_CURVE_WITH_KNOTS((3,1,3),(
    -0.352998490577,6.157075717328E-14,8.767282772495),.UNSPECIFIED.) 
CURVE() GEOMETRIC_REPRESENTATION_ITEM() RATIONAL_B_SPLINE_CURVE((
    1.056651799772,1.056651799772,1.056651799772,1.056651799772)) 
REPRESENTATION_ITEM('') );
#11136 = CARTESIAN_POINT('',(10.910718567164,-3.647001509423,
    19.103827374329));
#11137 = CARTESIAN_POINT('',(10.910718567164,-3.823500754712,
    19.103827374329));
#11138 = CARTESIAN_POINT('',(10.910718567164,-8.383641386248,
    19.103827374329));
#11139 = CARTESIAN_POINT('',(10.910718567164,-12.76728277249,
    19.103827374329));
#11140 = ORIENTED_EDGE('',*,*,#11102,.F.);
#11141 = ( BOUNDED_SURFACE() B_SPLINE_SURFACE(6,2,(
    (#11142,#11143,#11144,#11145)
    ,(#11146,#11147,#11148,#11149)
    ,(#11150,#11151,#11152,#11153)
    ,(#11154,#11155,#11156,#11157)
    ,(#11158,#11159,#11160,#11161)
    ,(#11162,#11163,#11164,#11165)
    ,(#11166,#11167,#11168,#11169
)),.UNSPECIFIED.,.F.,.F.,.F.) B_SPLINE_SURFACE_WITH_KNOTS((7,7),(3,1,3),
  (0.,8.767282772495),(-0.352998490577,6.157075717328E-14,8.767282772495
),.UNSPECIFIED.) GEOMETRIC_REPRESENTATION_ITEM() 
RATIONAL_B_SPLINE_SURFACE((
    (1.056651799772,1.056651799772,1.056651799772,1.056651799772)
    ,(1.017452375137,1.017452375137,1.017452375137,1.017452375137)
    ,(0.99632276822,0.99632276822,0.99632276822,0.99632276822)
    ,(0.98937924261,0.98937924261,0.98937924261,0.98937924261)
    ,(0.99632276822,0.99632276822,0.99632276822,0.99632276822)
    ,(1.017452375137,1.017452375137,1.017452375137,1.017452375137)
    ,(1.056651799772,1.056651799772,1.056651799772,1.056651799772
))) REPRESENTATION_ITEM('') SURFACE() );
#11142 = CARTESIAN_POINT('',(10.611533546543,-3.647001509423,
    18.929002099859));
#11143 = CARTESIAN_POINT('',(10.611533546543,-3.823500754712,
    18.929002099859));
#11144 = CARTESIAN_POINT('',(10.611533546543,-8.383641386248,
    18.929002099859));
#11145 = CARTESIAN_POINT('',(10.611533546543,-12.76728277249,
    18.929002099859));
#11146 = CARTESIAN_POINT('',(10.611114955517,-3.647001509423,
    19.001539672806));
#11147 = CARTESIAN_POINT('',(10.611114955517,-3.823500754712,
    19.001539672806));
#11148 = CARTESIAN_POINT('',(10.611114955517,-8.383641386248,
    19.001539672806));
#11149 = CARTESIAN_POINT('',(10.611114955517,-12.76728277249,
    19.001539672806));
#11150 = CARTESIAN_POINT('',(10.64176084204,-3.647001509423,
    19.070745931268));
#11151 = CARTESIAN_POINT('',(10.64176084204,-3.823500754712,
    19.070745931268));
#11152 = CARTESIAN_POINT('',(10.64176084204,-8.383641386248,
    19.070745931268));
#11153 = CARTESIAN_POINT('',(10.64176084204,-12.76728277249,
    19.070745931268));
#11154 = CARTESIAN_POINT('',(10.698998828859,-3.647001509423,
    19.122735382349));
#11155 = CARTESIAN_POINT('',(10.698998828859,-3.823500754712,
    19.122735382349));
#11156 = CARTESIAN_POINT('',(10.698998828859,-8.383641386248,
    19.122735382349));
#11157 = CARTESIAN_POINT('',(10.698998828859,-12.76728277249,
    19.122735382349));
#11158 = CARTESIAN_POINT('',(10.772391625224,-3.647001509423,
    19.147078504593));
#11159 = CARTESIAN_POINT('',(10.772391625224,-3.823500754712,
    19.147078504593));
#11160 = CARTESIAN_POINT('',(10.772391625224,-8.383641386248,
    19.147078504593));
#11161 = CARTESIAN_POINT('',(10.772391625224,-12.76728277249,
    19.147078504593));
#11162 = CARTESIAN_POINT('',(10.84772909695,-3.647001509423,
    19.1398023844));
#11163 = CARTESIAN_POINT('',(10.84772909695,-3.823500754712,
    19.1398023844));
#11164 = CARTESIAN_POINT('',(10.84772909695,-8.383641386248,
    19.1398023844));
#11165 = CARTESIAN_POINT('',(10.84772909695,-12.76728277249,
    19.1398023844));
#11166 = CARTESIAN_POINT('',(10.910718567164,-3.647001509423,
    19.103827374329));
#11167 = CARTESIAN_POINT('',(10.910718567164,-3.823500754712,
    19.103827374329));
#11168 = CARTESIAN_POINT('',(10.910718567164,-8.383641386248,
    19.103827374329));
#11169 = CARTESIAN_POINT('',(10.910718567164,-12.76728277249,
    19.103827374329));
#11170 = ADVANCED_FACE('',(#11171),#11176,.T.);
#11171 = FACE_BOUND('',#11172,.F.);
#11172 = EDGE_LOOP('',(#11173,#11174,#11175));
#11173 = ORIENTED_EDGE('',*,*,#5684,.F.);
#11174 = ORIENTED_EDGE('',*,*,#10976,.F.);
#11175 = ORIENTED_EDGE('',*,*,#4845,.F.);
#11176 = CONICAL_SURFACE('',#11177,25.,1.047197551197);
#11177 = AXIS2_PLACEMENT_3D('',#11178,#11179,#11180);
#11178 = CARTESIAN_POINT('',(-7.225615757682E-16,-16.5,
    1.649199645141E-16));
#11179 = DIRECTION('',(-9.634154343575E-17,1.,2.198932860189E-17));
#11180 = DIRECTION('',(-0.900968867902,-9.634154343575E-17,
    0.433883739118));
#11181 = ADVANCED_FACE('',(#11182),#11206,.T.);
#11182 = FACE_BOUND('',#11183,.F.);
#11183 = EDGE_LOOP('',(#11184,#11204,#11205));
#11184 = ORIENTED_EDGE('',*,*,#11185,.T.);
#11185 = EDGE_CURVE('',#4771,#5693,#11186,.T.);
#11186 = B_SPLINE_CURVE_WITH_KNOTS('',6,(#11187,#11188,#11189,#11190,
    #11191,#11192,#11193,#11194,#11195,#11196,#11197,#11198,#11199,
    #11200,#11201,#11202,#11203),.UNSPECIFIED.,.F.,.F.,(7,5,5,7),(0.,
    0.245541347732,0.675708691471,1.),.UNSPECIFIED.);
#11187 = CARTESIAN_POINT('',(8.183106825022,-18.40496635575,
    20.098470772578));
#11188 = CARTESIAN_POINT('',(8.196572393595,-18.39636023152,
    20.109082664182));
#11189 = CARTESIAN_POINT('',(8.208944028304,-18.38725030821,
    20.121077819697));
#11190 = CARTESIAN_POINT('',(8.220044261814,-18.37775220247,
    20.134315247427));
#11191 = CARTESIAN_POINT('',(8.229721061213,-18.36799186464,
    20.148623625733));
#11192 = CARTESIAN_POINT('',(8.237853143954,-18.35810006775,
    20.163809090046));
#11193 = CARTESIAN_POINT('',(8.255746501645,-18.3308749108,
    20.207437742783));
#11194 = CARTESIAN_POINT('',(8.262134757463,-18.31353897313,
    20.237263775506));
#11195 = CARTESIAN_POINT('',(8.263060989322,-18.29689801848,
    20.268021182358));
#11196 = CARTESIAN_POINT('',(8.258395646388,-18.28164762708,
    20.298450032939));
#11197 = CARTESIAN_POINT('',(8.248404942617,-18.26838513225,
    20.327303810932));
#11198 = CARTESIAN_POINT('',(8.222581137594,-18.24937416822,
    20.373270616253));
#11199 = CARTESIAN_POINT('',(8.20879148956,-18.24257951721,
    20.391525739092));
#11200 = CARTESIAN_POINT('',(8.192564448504,-18.23734942658,
    20.407817498947));
#11201 = CARTESIAN_POINT('',(8.174262173543,-18.23381660738,
    20.421745782041));
#11202 = CARTESIAN_POINT('',(8.154327022368,-18.23205080756,
    20.432999419741));
#11203 = CARTESIAN_POINT('',(8.133251919308,-18.23205080756,
    20.441384816521));
#11204 = ORIENTED_EDGE('',*,*,#5692,.F.);
#11205 = ORIENTED_EDGE('',*,*,#4779,.T.);
#11206 = CONICAL_SURFACE('',#11207,25.,1.047197551197);
#11207 = AXIS2_PLACEMENT_3D('',#11208,#11209,#11210);
#11208 = CARTESIAN_POINT('',(-7.225615757682E-16,-16.5,
    1.649199645141E-16));
#11209 = DIRECTION('',(-9.634154343575E-17,1.,2.198932860189E-17));
#11210 = DIRECTION('',(-0.900968867902,-9.634154343575E-17,
    0.433883739118));
#11211 = ADVANCED_FACE('',(#11212),#11224,.T.);
#11212 = FACE_BOUND('',#11213,.T.);
#11213 = EDGE_LOOP('',(#11214,#11215,#11216,#11223));
#11214 = ORIENTED_EDGE('',*,*,#4770,.F.);
#11215 = ORIENTED_EDGE('',*,*,#11185,.T.);
#11216 = ORIENTED_EDGE('',*,*,#11217,.T.);
#11217 = EDGE_CURVE('',#5693,#5010,#11218,.T.);
#11218 = ( BOUNDED_CURVE() B_SPLINE_CURVE(2,(#11219,#11220,#11221,#11222
),.UNSPECIFIED.,.F.,.F.) B_SPLINE_CURVE_WITH_KNOTS((3,1,3),(
-2.999333580064,5.767949192431,6.120947683008),.UNSPECIFIED.) CURVE() 
GEOMETRIC_REPRESENTATION_ITEM() RATIONAL_B_SPLINE_CURVE((1.056651799772,
1.056651799772,1.056651799772,1.056651799772)) REPRESENTATION_ITEM('') 
  );
#11219 = CARTESIAN_POINT('',(8.133251919308,-15.2327172275,
    20.441384816521));
#11220 = CARTESIAN_POINT('',(8.133251919308,-19.61635861375,
    20.441384816521));
#11221 = CARTESIAN_POINT('',(8.133251919308,-24.17649924528,
    20.441384816521));
#11222 = CARTESIAN_POINT('',(8.133251919308,-24.35299849057,
    20.441384816521));
#11223 = ORIENTED_EDGE('',*,*,#5043,.T.);
#11224 = ( BOUNDED_SURFACE() B_SPLINE_SURFACE(6,2,(
    (#11225,#11226,#11227,#11228)
    ,(#11229,#11230,#11231,#11232)
    ,(#11233,#11234,#11235,#11236)
    ,(#11237,#11238,#11239,#11240)
    ,(#11241,#11242,#11243,#11244)
    ,(#11245,#11246,#11247,#11248)
    ,(#11249,#11250,#11251,#11252
)),.UNSPECIFIED.,.F.,.F.,.F.) B_SPLINE_SURFACE_WITH_KNOTS((7,7),(3,1,3),
  (0.,8.767282772495),(-2.999333580064,5.767949192431,6.120947683008),
.UNSPECIFIED.) GEOMETRIC_REPRESENTATION_ITEM() RATIONAL_B_SPLINE_SURFACE
((
    (1.056651799772,1.056651799772,1.056651799772,1.056651799772)
    ,(1.017452375137,1.017452375137,1.017452375137,1.017452375137)
    ,(0.99632276822,0.99632276822,0.99632276822,0.99632276822)
    ,(0.98937924261,0.98937924261,0.98937924261,0.98937924261)
    ,(0.99632276822,0.99632276822,0.99632276822,0.99632276822)
    ,(1.017452375137,1.017452375137,1.017452375137,1.017452375137)
    ,(1.056651799772,1.056651799772,1.056651799772,1.056651799772
))) REPRESENTATION_ITEM('') SURFACE() );
#11225 = CARTESIAN_POINT('',(8.183106825022,-15.2327172275,
    20.098470772578));
#11226 = CARTESIAN_POINT('',(8.183106825022,-19.61635861375,
    20.098470772578));
#11227 = CARTESIAN_POINT('',(8.183106825022,-24.17649924528,
    20.098470772578));
#11228 = CARTESIAN_POINT('',(8.183106825022,-24.35299849057,
    20.098470772578));
#11229 = CARTESIAN_POINT('',(8.24007997045,-15.2327172275,
    20.143369941919));
#11230 = CARTESIAN_POINT('',(8.24007997045,-19.61635861375,
    20.143369941919));
#11231 = CARTESIAN_POINT('',(8.24007997045,-24.17649924528,
    20.143369941919));
#11232 = CARTESIAN_POINT('',(8.24007997045,-24.35299849057,
    20.143369941919));
#11233 = CARTESIAN_POINT('',(8.275080204383,-15.2327172275,
    20.210479257187));
#11234 = CARTESIAN_POINT('',(8.275080204383,-19.61635861375,
    20.210479257187));
#11235 = CARTESIAN_POINT('',(8.275080204383,-24.17649924528,
    20.210479257187));
#11236 = CARTESIAN_POINT('',(8.275080204383,-24.35299849057,
    20.210479257187));
#11237 = CARTESIAN_POINT('',(8.280039892934,-15.2327172275,
    20.287644609829));
#11238 = CARTESIAN_POINT('',(8.280039892934,-19.61635861375,
    20.287644609829));
#11239 = CARTESIAN_POINT('',(8.280039892934,-24.17649924528,
    20.287644609829));
#11240 = CARTESIAN_POINT('',(8.280039892934,-24.35299849057,
    20.287644609829));
#11241 = CARTESIAN_POINT('',(8.253312452222,-15.2327172275,
    20.360203097077));
#11242 = CARTESIAN_POINT('',(8.253312452222,-19.61635861375,
    20.360203097077));
#11243 = CARTESIAN_POINT('',(8.253312452222,-24.17649924528,
    20.360203097077));
#11244 = CARTESIAN_POINT('',(8.253312452222,-24.35299849057,
    20.360203097077));
#11245 = CARTESIAN_POINT('',(8.200651607067,-15.2327172275,
    20.414567717545));
#11246 = CARTESIAN_POINT('',(8.200651607067,-19.61635861375,
    20.414567717545));
#11247 = CARTESIAN_POINT('',(8.200651607067,-24.17649924528,
    20.414567717545));
#11248 = CARTESIAN_POINT('',(8.200651607067,-24.35299849057,
    20.414567717545));
#11249 = CARTESIAN_POINT('',(8.133251919308,-15.2327172275,
    20.441384816521));
#11250 = CARTESIAN_POINT('',(8.133251919308,-19.61635861375,
    20.441384816521));
#11251 = CARTESIAN_POINT('',(8.133251919308,-24.17649924528,
    20.441384816521));
#11252 = CARTESIAN_POINT('',(8.133251919308,-24.35299849057,
    20.441384816521));
#11253 = ADVANCED_FACE('',(#11254),#11260,.T.);
#11254 = FACE_BOUND('',#11255,.F.);
#11255 = EDGE_LOOP('',(#11256,#11257,#11258,#11259));
#11256 = ORIENTED_EDGE('',*,*,#5701,.F.);
#11257 = ORIENTED_EDGE('',*,*,#11217,.T.);
#11258 = ORIENTED_EDGE('',*,*,#5009,.T.);
#11259 = ORIENTED_EDGE('',*,*,#5119,.F.);
#11260 = CYLINDRICAL_SURFACE('',#11261,22.);
#11261 = AXIS2_PLACEMENT_3D('',#11262,#11263,#11264);
#11262 = CARTESIAN_POINT('',(6.661338147751E-15,-4.,-4.440892098501E-15)
  );
#11263 = DIRECTION('',(-3.330669073875E-16,-1.,2.22044604925E-16));
#11264 = DIRECTION('',(-3.229739708E-16,2.22044604925E-16,1.));
#11265 = ADVANCED_FACE('',(#11266),#11285,.F.);
#11266 = FACE_BOUND('',#11267,.F.);
#11267 = EDGE_LOOP('',(#11268,#11276,#11283,#11284));
#11268 = ORIENTED_EDGE('',*,*,#11269,.T.);
#11269 = EDGE_CURVE('',#5072,#11270,#11272,.T.);
#11270 = VERTEX_POINT('',#11271);
#11271 = CARTESIAN_POINT('',(-1.887379141863E-15,-21.5,11.));
#11272 = LINE('',#11273,#11274);
#11273 = CARTESIAN_POINT('',(-2.442490654175E-15,-24.,11.));
#11274 = VECTOR('',#11275,1.);
#11275 = DIRECTION('',(2.22044604925E-16,1.,-2.22044604925E-16));
#11276 = ORIENTED_EDGE('',*,*,#11277,.F.);
#11277 = EDGE_CURVE('',#11270,#11270,#11278,.T.);
#11278 = CIRCLE('',#11279,11.);
#11279 = AXIS2_PLACEMENT_3D('',#11280,#11281,#11282);
#11280 = CARTESIAN_POINT('',(8.326672684689E-16,-21.5,
    -5.551115123126E-16));
#11281 = DIRECTION('',(3.330669073875E-16,1.,-2.22044604925E-16));
#11282 = DIRECTION('',(-2.472769463938E-16,2.22044604925E-16,1.));
#11283 = ORIENTED_EDGE('',*,*,#11269,.F.);
#11284 = ORIENTED_EDGE('',*,*,#5079,.T.);
#11285 = CYLINDRICAL_SURFACE('',#11286,11.);
#11286 = AXIS2_PLACEMENT_3D('',#11287,#11288,#11289);
#11287 = CARTESIAN_POINT('',(-1.313717310305E-46,-24.,8.75811540203E-47)
  );
#11288 = DIRECTION('',(3.330669073875E-16,1.,-2.22044604925E-16));
#11289 = DIRECTION('',(-2.22044604925E-16,2.22044604925E-16,1.));
#11290 = ADVANCED_FACE('',(#11291),#11312,.F.);
#11291 = FACE_BOUND('',#11292,.F.);
#11292 = EDGE_LOOP('',(#11293,#11302,#11308,#11309,#11310,#11311));
#11293 = ORIENTED_EDGE('',*,*,#11294,.F.);
#11294 = EDGE_CURVE('',#11295,#11295,#11297,.T.);
#11295 = VERTEX_POINT('',#11296);
#11296 = CARTESIAN_POINT('',(6.,-18.45,1.998401444325E-15));
#11297 = CIRCLE('',#11298,0.95);
#11298 = AXIS2_PLACEMENT_3D('',#11299,#11300,#11301);
#11299 = CARTESIAN_POINT('',(6.,-17.5,1.998401444325E-15));
#11300 = DIRECTION('',(-1.,4.440892098501E-16,-4.440892098501E-16));
#11301 = DIRECTION('',(-4.440892098501E-16,-1.,0.));
#11302 = ORIENTED_EDGE('',*,*,#11303,.T.);
#11303 = EDGE_CURVE('',#11295,#10216,#11304,.T.);
#11304 = LINE('',#11305,#11306);
#11305 = CARTESIAN_POINT('',(6.,-18.45,1.998401444325E-15));
#11306 = VECTOR('',#11307,1.);
#11307 = DIRECTION('',(1.,-4.440892098501E-16,4.440892098501E-16));
#11308 = ORIENTED_EDGE('',*,*,#10215,.T.);
#11309 = ORIENTED_EDGE('',*,*,#5476,.T.);
#11310 = ORIENTED_EDGE('',*,*,#10230,.T.);
#11311 = ORIENTED_EDGE('',*,*,#11303,.F.);
#11312 = CYLINDRICAL_SURFACE('',#11313,0.95);
#11313 = AXIS2_PLACEMENT_3D('',#11314,#11315,#11316);
#11314 = CARTESIAN_POINT('',(6.,-17.5,1.998401444325E-15));
#11315 = DIRECTION('',(-1.,4.440892098501E-16,-4.440892098501E-16));
#11316 = DIRECTION('',(-4.440892098501E-16,-1.,0.));
#11317 = ADVANCED_FACE('',(#11318),#11329,.T.);
#11318 = FACE_BOUND('',#11319,.F.);
#11319 = EDGE_LOOP('',(#11320,#11321,#11327,#11328));
#11320 = ORIENTED_EDGE('',*,*,#6094,.T.);
#11321 = ORIENTED_EDGE('',*,*,#11322,.T.);
#11322 = EDGE_CURVE('',#6087,#5270,#11323,.T.);
#11323 = LINE('',#11324,#11325);
#11324 = CARTESIAN_POINT('',(-25.,-11.5,0.));
#11325 = VECTOR('',#11326,1.);
#11326 = DIRECTION('',(0.,-1.,0.));
#11327 = ORIENTED_EDGE('',*,*,#5277,.F.);
#11328 = ORIENTED_EDGE('',*,*,#11322,.F.);
#11329 = CYLINDRICAL_SURFACE('',#11330,25.);
#11330 = AXIS2_PLACEMENT_3D('',#11331,#11332,#11333);
#11331 = CARTESIAN_POINT('',(0.,-11.5,0.));
#11332 = DIRECTION('',(-0.,-1.,-0.));
#11333 = DIRECTION('',(-1.,0.,0.));
#11334 = ADVANCED_FACE('',(#11335),#11354,.F.);
#11335 = FACE_BOUND('',#11336,.T.);
#11336 = EDGE_LOOP('',(#11337,#11345,#11352,#11353));
#11337 = ORIENTED_EDGE('',*,*,#11338,.F.);
#11338 = EDGE_CURVE('',#11339,#5890,#11341,.T.);
#11339 = VERTEX_POINT('',#11340);
#11340 = CARTESIAN_POINT('',(-5.656854249492,-4.4,7.806854249492));
#11341 = LINE('',#11342,#11343);
#11342 = CARTESIAN_POINT('',(-5.656854249492,-4.4,7.806854249492));
#11343 = VECTOR('',#11344,1.);
#11344 = DIRECTION('',(-6.408168058116E-16,0.707106781187,0.707106781187
    ));
#11345 = ORIENTED_EDGE('',*,*,#11346,.T.);
#11346 = EDGE_CURVE('',#11339,#11339,#11347,.T.);
#11347 = CIRCLE('',#11348,2.15);
#11348 = AXIS2_PLACEMENT_3D('',#11349,#11350,#11351);
#11349 = CARTESIAN_POINT('',(-5.656854249492,-4.4,5.656854249492));
#11350 = DIRECTION('',(-3.330669073875E-16,-1.,2.22044604925E-16));
#11351 = DIRECTION('',(-1.239318725163E-15,2.22044604925E-16,1.));
#11352 = ORIENTED_EDGE('',*,*,#11338,.T.);
#11353 = ORIENTED_EDGE('',*,*,#5889,.F.);
#11354 = CONICAL_SURFACE('',#11355,2.15,0.785398163397);
#11355 = AXIS2_PLACEMENT_3D('',#11356,#11357,#11358);
#11356 = CARTESIAN_POINT('',(-5.656854249492,-4.4,5.656854249492));
#11357 = DIRECTION('',(3.330669073875E-16,1.,-2.22044604925E-16));
#11358 = DIRECTION('',(-1.239318725163E-15,2.22044604925E-16,1.));
#11359 = ADVANCED_FACE('',(#11360),#11379,.F.);
#11360 = FACE_BOUND('',#11361,.T.);
#11361 = EDGE_LOOP('',(#11362,#11370,#11377,#11378));
#11362 = ORIENTED_EDGE('',*,*,#11363,.F.);
#11363 = EDGE_CURVE('',#11364,#5901,#11366,.T.);
#11364 = VERTEX_POINT('',#11365);
#11365 = CARTESIAN_POINT('',(-7.806854249492,-4.4,-5.656854249492));
#11366 = LINE('',#11367,#11368);
#11367 = CARTESIAN_POINT('',(-7.806854249492,-4.4,-5.656854249492));
#11368 = VECTOR('',#11369,1.);
#11369 = DIRECTION('',(-0.707106781187,0.707106781187,1.35100979003E-16)
  );
#11370 = ORIENTED_EDGE('',*,*,#11371,.T.);
#11371 = EDGE_CURVE('',#11364,#11364,#11372,.T.);
#11372 = CIRCLE('',#11373,2.15);
#11373 = AXIS2_PLACEMENT_3D('',#11374,#11375,#11376);
#11374 = CARTESIAN_POINT('',(-5.656854249492,-4.4,-5.656854249492));
#11375 = DIRECTION('',(-3.330669073875E-16,-1.,2.22044604925E-16));
#11376 = DIRECTION('',(-1.,3.330669073875E-16,4.13106241721E-16));
#11377 = ORIENTED_EDGE('',*,*,#11363,.T.);
#11378 = ORIENTED_EDGE('',*,*,#5900,.F.);
#11379 = CONICAL_SURFACE('',#11380,2.15,0.785398163397);
#11380 = AXIS2_PLACEMENT_3D('',#11381,#11382,#11383);
#11381 = CARTESIAN_POINT('',(-5.656854249492,-4.4,-5.656854249492));
#11382 = DIRECTION('',(3.330669073875E-16,1.,-2.22044604925E-16));
#11383 = DIRECTION('',(-1.,3.330669073875E-16,4.13106241721E-16));
#11384 = ADVANCED_FACE('',(#11385),#11404,.F.);
#11385 = FACE_BOUND('',#11386,.T.);
#11386 = EDGE_LOOP('',(#11387,#11395,#11402,#11403));
#11387 = ORIENTED_EDGE('',*,*,#11388,.F.);
#11388 = EDGE_CURVE('',#11389,#5912,#11391,.T.);
#11389 = VERTEX_POINT('',#11390);
#11390 = CARTESIAN_POINT('',(7.806854249492,-4.4,5.656854249492));
#11391 = LINE('',#11392,#11393);
#11392 = CARTESIAN_POINT('',(7.806854249492,-4.4,5.656854249492));
#11393 = VECTOR('',#11394,1.);
#11394 = DIRECTION('',(0.707106781187,0.707106781187,2.179872553103E-15)
  );
#11395 = ORIENTED_EDGE('',*,*,#11396,.T.);
#11396 = EDGE_CURVE('',#11389,#11389,#11397,.T.);
#11397 = CIRCLE('',#11398,2.15);
#11398 = AXIS2_PLACEMENT_3D('',#11399,#11400,#11401);
#11399 = CARTESIAN_POINT('',(5.656854249492,-4.4,5.656854249492));
#11400 = DIRECTION('',(-3.330669073875E-16,-1.,2.22044604925E-16));
#11401 = DIRECTION('',(1.,-3.330669073875E-16,3.304849933768E-15));
#11402 = ORIENTED_EDGE('',*,*,#11388,.T.);
#11403 = ORIENTED_EDGE('',*,*,#5911,.F.);
#11404 = CONICAL_SURFACE('',#11405,2.15,0.785398163397);
#11405 = AXIS2_PLACEMENT_3D('',#11406,#11407,#11408);
#11406 = CARTESIAN_POINT('',(5.656854249492,-4.4,5.656854249492));
#11407 = DIRECTION('',(3.330669073875E-16,1.,-2.22044604925E-16));
#11408 = DIRECTION('',(1.,-3.330669073875E-16,3.304849933768E-15));
#11409 = ADVANCED_FACE('',(#11410),#11429,.F.);
#11410 = FACE_BOUND('',#11411,.T.);
#11411 = EDGE_LOOP('',(#11412,#11420,#11421,#11422));
#11412 = ORIENTED_EDGE('',*,*,#11413,.F.);
#11413 = EDGE_CURVE('',#5923,#11414,#11416,.T.);
#11414 = VERTEX_POINT('',#11415);
#11415 = CARTESIAN_POINT('',(3.719247132494E-15,-4.4,2.65));
#11416 = LINE('',#11417,#11418);
#11417 = CARTESIAN_POINT('',(3.719247132494E-15,-4.4,2.65));
#11418 = VECTOR('',#11419,1.);
#11419 = DIRECTION('',(5.139830973238E-16,-0.707106781187,
    -0.707106781187));
#11420 = ORIENTED_EDGE('',*,*,#5922,.T.);
#11421 = ORIENTED_EDGE('',*,*,#11413,.T.);
#11422 = ORIENTED_EDGE('',*,*,#11423,.F.);
#11423 = EDGE_CURVE('',#11414,#11414,#11424,.T.);
#11424 = CIRCLE('',#11425,2.65);
#11425 = AXIS2_PLACEMENT_3D('',#11426,#11427,#11428);
#11426 = CARTESIAN_POINT('',(6.528111384796E-15,-4.4,-4.352074256531E-15
    ));
#11427 = DIRECTION('',(3.330669073875E-16,1.,-2.22044604925E-16));
#11428 = DIRECTION('',(-1.059948774453E-15,2.22044604925E-16,1.));
#11429 = CONICAL_SURFACE('',#11430,2.65,0.785398163397);
#11430 = AXIS2_PLACEMENT_3D('',#11431,#11432,#11433);
#11431 = CARTESIAN_POINT('',(6.528111384796E-15,-4.4,-4.352074256531E-15
    ));
#11432 = DIRECTION('',(3.330669073875E-16,1.,-2.22044604925E-16));
#11433 = DIRECTION('',(-1.059948774453E-15,2.22044604925E-16,1.));
#11434 = ADVANCED_FACE('',(#11435),#11454,.F.);
#11435 = FACE_BOUND('',#11436,.T.);
#11436 = EDGE_LOOP('',(#11437,#11445,#11452,#11453));
#11437 = ORIENTED_EDGE('',*,*,#11438,.F.);
#11438 = EDGE_CURVE('',#11439,#5934,#11441,.T.);
#11439 = VERTEX_POINT('',#11440);
#11440 = CARTESIAN_POINT('',(5.656854249492,-4.4,-7.806854249492));
#11441 = LINE('',#11442,#11443);
#11442 = CARTESIAN_POINT('',(5.656854249492,-4.4,-7.806854249492));
#11443 = VECTOR('',#11444,1.);
#11444 = DIRECTION('',(1.69606499316E-15,0.707106781187,-0.707106781187)
  );
#11445 = ORIENTED_EDGE('',*,*,#11446,.T.);
#11446 = EDGE_CURVE('',#11439,#11439,#11447,.T.);
#11447 = CIRCLE('',#11448,2.15);
#11448 = AXIS2_PLACEMENT_3D('',#11449,#11450,#11451);
#11449 = CARTESIAN_POINT('',(5.656854249492,-4.4,-5.656854249492));
#11450 = DIRECTION('',(-3.330669073875E-16,-1.,2.22044604925E-16));
#11451 = DIRECTION('',(2.065531208605E-15,-2.22044604925E-16,-1.));
#11452 = ORIENTED_EDGE('',*,*,#11438,.T.);
#11453 = ORIENTED_EDGE('',*,*,#5933,.F.);
#11454 = CONICAL_SURFACE('',#11455,2.15,0.785398163397);
#11455 = AXIS2_PLACEMENT_3D('',#11456,#11457,#11458);
#11456 = CARTESIAN_POINT('',(5.656854249492,-4.4,-5.656854249492));
#11457 = DIRECTION('',(3.330669073875E-16,1.,-2.22044604925E-16));
#11458 = DIRECTION('',(2.065531208605E-15,-2.22044604925E-16,-1.));
#11459 = ADVANCED_FACE('',(#11460),#11466,.T.);
#11460 = FACE_BOUND('',#11461,.F.);
#11461 = EDGE_LOOP('',(#11462,#11463,#11464,#11465));
#11462 = ORIENTED_EDGE('',*,*,#6014,.T.);
#11463 = ORIENTED_EDGE('',*,*,#6180,.T.);
#11464 = ORIENTED_EDGE('',*,*,#6822,.F.);
#11465 = ORIENTED_EDGE('',*,*,#5975,.F.);
#11466 = CYLINDRICAL_SURFACE('',#11467,22.);
#11467 = AXIS2_PLACEMENT_3D('',#11468,#11469,#11470);
#11468 = CARTESIAN_POINT('',(6.661338147751E-15,-4.,-4.440892098501E-15)
  );
#11469 = DIRECTION('',(-3.330669073875E-16,-1.,2.22044604925E-16));
#11470 = DIRECTION('',(-3.229739708E-16,2.22044604925E-16,1.));
#11471 = ADVANCED_FACE('',(#11472),#11479,.T.);
#11472 = FACE_BOUND('',#11473,.F.);
#11473 = EDGE_LOOP('',(#11474,#11475,#11476,#11477,#11478));
#11474 = ORIENTED_EDGE('',*,*,#7444,.T.);
#11475 = ORIENTED_EDGE('',*,*,#6102,.T.);
#11476 = ORIENTED_EDGE('',*,*,#6075,.T.);
#11477 = ORIENTED_EDGE('',*,*,#7909,.F.);
#11478 = ORIENTED_EDGE('',*,*,#7405,.F.);
#11479 = CYLINDRICAL_SURFACE('',#11480,22.);
#11480 = AXIS2_PLACEMENT_3D('',#11481,#11482,#11483);
#11481 = CARTESIAN_POINT('',(6.661338147751E-15,-4.,-4.440892098501E-15)
  );
#11482 = DIRECTION('',(-3.330669073875E-16,-1.,2.22044604925E-16));
#11483 = DIRECTION('',(-3.229739708E-16,2.22044604925E-16,1.));
#11484 = ADVANCED_FACE('',(#11485),#11491,.T.);
#11485 = FACE_BOUND('',#11486,.F.);
#11486 = EDGE_LOOP('',(#11487,#11488,#11489,#11490));
#11487 = ORIENTED_EDGE('',*,*,#7768,.F.);
#11488 = ORIENTED_EDGE('',*,*,#7807,.T.);
#11489 = ORIENTED_EDGE('',*,*,#6447,.T.);
#11490 = ORIENTED_EDGE('',*,*,#8271,.F.);
#11491 = CYLINDRICAL_SURFACE('',#11492,22.);
#11492 = AXIS2_PLACEMENT_3D('',#11493,#11494,#11495);
#11493 = CARTESIAN_POINT('',(6.661338147751E-15,-4.,-4.440892098501E-15)
  );
#11494 = DIRECTION('',(-3.330669073875E-16,-1.,2.22044604925E-16));
#11495 = DIRECTION('',(-3.229739708E-16,2.22044604925E-16,1.));
#11496 = ADVANCED_FACE('',(#11497),#11503,.T.);
#11497 = FACE_BOUND('',#11498,.F.);
#11498 = EDGE_LOOP('',(#11499,#11500,#11501,#11502));
#11499 = ORIENTED_EDGE('',*,*,#8130,.F.);
#11500 = ORIENTED_EDGE('',*,*,#8169,.T.);
#11501 = ORIENTED_EDGE('',*,*,#6421,.T.);
#11502 = ORIENTED_EDGE('',*,*,#8633,.F.);
#11503 = CYLINDRICAL_SURFACE('',#11504,22.);
#11504 = AXIS2_PLACEMENT_3D('',#11505,#11506,#11507);
#11505 = CARTESIAN_POINT('',(6.661338147751E-15,-4.,-4.440892098501E-15)
  );
#11506 = DIRECTION('',(-3.330669073875E-16,-1.,2.22044604925E-16));
#11507 = DIRECTION('',(-3.229739708E-16,2.22044604925E-16,1.));
#11508 = ADVANCED_FACE('',(#11509),#11515,.T.);
#11509 = FACE_BOUND('',#11510,.F.);
#11510 = EDGE_LOOP('',(#11511,#11512,#11513,#11514));
#11511 = ORIENTED_EDGE('',*,*,#8492,.F.);
#11512 = ORIENTED_EDGE('',*,*,#8531,.T.);
#11513 = ORIENTED_EDGE('',*,*,#6395,.T.);
#11514 = ORIENTED_EDGE('',*,*,#8995,.F.);
#11515 = CYLINDRICAL_SURFACE('',#11516,22.);
#11516 = AXIS2_PLACEMENT_3D('',#11517,#11518,#11519);
#11517 = CARTESIAN_POINT('',(6.661338147751E-15,-4.,-4.440892098501E-15)
  );
#11518 = DIRECTION('',(-3.330669073875E-16,-1.,2.22044604925E-16));
#11519 = DIRECTION('',(-3.229739708E-16,2.22044604925E-16,1.));
#11520 = ADVANCED_FACE('',(#11521),#11527,.T.);
#11521 = FACE_BOUND('',#11522,.F.);
#11522 = EDGE_LOOP('',(#11523,#11524,#11525,#11526));
#11523 = ORIENTED_EDGE('',*,*,#8853,.F.);
#11524 = ORIENTED_EDGE('',*,*,#8893,.T.);
#11525 = ORIENTED_EDGE('',*,*,#6369,.T.);
#11526 = ORIENTED_EDGE('',*,*,#9357,.F.);
#11527 = CYLINDRICAL_SURFACE('',#11528,22.);
#11528 = AXIS2_PLACEMENT_3D('',#11529,#11530,#11531);
#11529 = CARTESIAN_POINT('',(6.661338147751E-15,-4.,-4.440892098501E-15)
  );
#11530 = DIRECTION('',(-3.330669073875E-16,-1.,2.22044604925E-16));
#11531 = DIRECTION('',(-3.229739708E-16,2.22044604925E-16,1.));
#11532 = ADVANCED_FACE('',(#11533),#11539,.T.);
#11533 = FACE_BOUND('',#11534,.F.);
#11534 = EDGE_LOOP('',(#11535,#11536,#11537,#11538));
#11535 = ORIENTED_EDGE('',*,*,#9215,.F.);
#11536 = ORIENTED_EDGE('',*,*,#9255,.T.);
#11537 = ORIENTED_EDGE('',*,*,#6343,.T.);
#11538 = ORIENTED_EDGE('',*,*,#9719,.F.);
#11539 = CYLINDRICAL_SURFACE('',#11540,22.);
#11540 = AXIS2_PLACEMENT_3D('',#11541,#11542,#11543);
#11541 = CARTESIAN_POINT('',(6.661338147751E-15,-4.,-4.440892098501E-15)
  );
#11542 = DIRECTION('',(-3.330669073875E-16,-1.,2.22044604925E-16));
#11543 = DIRECTION('',(-3.229739708E-16,2.22044604925E-16,1.));
#11544 = ADVANCED_FACE('',(#11545),#11551,.T.);
#11545 = FACE_BOUND('',#11546,.F.);
#11546 = EDGE_LOOP('',(#11547,#11548,#11549,#11550));
#11547 = ORIENTED_EDGE('',*,*,#9577,.F.);
#11548 = ORIENTED_EDGE('',*,*,#9617,.T.);
#11549 = ORIENTED_EDGE('',*,*,#6317,.T.);
#11550 = ORIENTED_EDGE('',*,*,#10081,.F.);
#11551 = CYLINDRICAL_SURFACE('',#11552,22.);
#11552 = AXIS2_PLACEMENT_3D('',#11553,#11554,#11555);
#11553 = CARTESIAN_POINT('',(6.661338147751E-15,-4.,-4.440892098501E-15)
  );
#11554 = DIRECTION('',(-3.330669073875E-16,-1.,2.22044604925E-16));
#11555 = DIRECTION('',(-3.229739708E-16,2.22044604925E-16,1.));
#11556 = ADVANCED_FACE('',(#11557),#11563,.T.);
#11557 = FACE_BOUND('',#11558,.F.);
#11558 = EDGE_LOOP('',(#11559,#11560,#11561,#11562));
#11559 = ORIENTED_EDGE('',*,*,#9939,.F.);
#11560 = ORIENTED_EDGE('',*,*,#9979,.T.);
#11561 = ORIENTED_EDGE('',*,*,#6291,.T.);
#11562 = ORIENTED_EDGE('',*,*,#10472,.F.);
#11563 = CYLINDRICAL_SURFACE('',#11564,22.);
#11564 = AXIS2_PLACEMENT_3D('',#11565,#11566,#11567);
#11565 = CARTESIAN_POINT('',(6.661338147751E-15,-4.,-4.440892098501E-15)
  );
#11566 = DIRECTION('',(-3.330669073875E-16,-1.,2.22044604925E-16));
#11567 = DIRECTION('',(-3.229739708E-16,2.22044604925E-16,1.));
#11568 = ADVANCED_FACE('',(#11569),#11575,.T.);
#11569 = FACE_BOUND('',#11570,.F.);
#11570 = EDGE_LOOP('',(#11571,#11572,#11573,#11574));
#11571 = ORIENTED_EDGE('',*,*,#10330,.F.);
#11572 = ORIENTED_EDGE('',*,*,#10370,.T.);
#11573 = ORIENTED_EDGE('',*,*,#6265,.T.);
#11574 = ORIENTED_EDGE('',*,*,#10834,.F.);
#11575 = CYLINDRICAL_SURFACE('',#11576,22.);
#11576 = AXIS2_PLACEMENT_3D('',#11577,#11578,#11579);
#11577 = CARTESIAN_POINT('',(6.661338147751E-15,-4.,-4.440892098501E-15)
  );
#11578 = DIRECTION('',(-3.330669073875E-16,-1.,2.22044604925E-16));
#11579 = DIRECTION('',(-3.229739708E-16,2.22044604925E-16,1.));
#11580 = ADVANCED_FACE('',(#11581),#11587,.T.);
#11581 = FACE_BOUND('',#11582,.F.);
#11582 = EDGE_LOOP('',(#11583,#11584,#11585,#11586));
#11583 = ORIENTED_EDGE('',*,*,#10692,.F.);
#11584 = ORIENTED_EDGE('',*,*,#10732,.T.);
#11585 = ORIENTED_EDGE('',*,*,#6239,.T.);
#11586 = ORIENTED_EDGE('',*,*,#11134,.F.);
#11587 = CYLINDRICAL_SURFACE('',#11588,22.);
#11588 = AXIS2_PLACEMENT_3D('',#11589,#11590,#11591);
#11589 = CARTESIAN_POINT('',(6.661338147751E-15,-4.,-4.440892098501E-15)
  );
#11590 = DIRECTION('',(-3.330669073875E-16,-1.,2.22044604925E-16));
#11591 = DIRECTION('',(-3.229739708E-16,2.22044604925E-16,1.));
#11592 = ADVANCED_FACE('',(#11593),#11599,.T.);
#11593 = FACE_BOUND('',#11594,.F.);
#11594 = EDGE_LOOP('',(#11595,#11596,#11597,#11598));
#11595 = ORIENTED_EDGE('',*,*,#6545,.F.);
#11596 = ORIENTED_EDGE('',*,*,#11032,.T.);
#11597 = ORIENTED_EDGE('',*,*,#6213,.T.);
#11598 = ORIENTED_EDGE('',*,*,#6502,.F.);
#11599 = CYLINDRICAL_SURFACE('',#11600,22.);
#11600 = AXIS2_PLACEMENT_3D('',#11601,#11602,#11603);
#11601 = CARTESIAN_POINT('',(6.661338147751E-15,-4.,-4.440892098501E-15)
  );
#11602 = DIRECTION('',(-3.330669073875E-16,-1.,2.22044604925E-16));
#11603 = DIRECTION('',(-3.229739708E-16,2.22044604925E-16,1.));
#11604 = ADVANCED_FACE('',(#11605),#11611,.T.);
#11605 = FACE_BOUND('',#11606,.F.);
#11606 = EDGE_LOOP('',(#11607,#11608,#11609,#11610));
#11607 = ORIENTED_EDGE('',*,*,#6720,.T.);
#11608 = ORIENTED_EDGE('',*,*,#6154,.T.);
#11609 = ORIENTED_EDGE('',*,*,#7184,.F.);
#11610 = ORIENTED_EDGE('',*,*,#6681,.F.);
#11611 = CYLINDRICAL_SURFACE('',#11612,22.);
#11612 = AXIS2_PLACEMENT_3D('',#11613,#11614,#11615);
#11613 = CARTESIAN_POINT('',(6.661338147751E-15,-4.,-4.440892098501E-15)
  );
#11614 = DIRECTION('',(-3.330669073875E-16,-1.,2.22044604925E-16));
#11615 = DIRECTION('',(-3.229739708E-16,2.22044604925E-16,1.));
#11616 = ADVANCED_FACE('',(#11617),#11623,.T.);
#11617 = FACE_BOUND('',#11618,.F.);
#11618 = EDGE_LOOP('',(#11619,#11620,#11621,#11622));
#11619 = ORIENTED_EDGE('',*,*,#7082,.T.);
#11620 = ORIENTED_EDGE('',*,*,#6128,.T.);
#11621 = ORIENTED_EDGE('',*,*,#7546,.F.);
#11622 = ORIENTED_EDGE('',*,*,#7043,.F.);
#11623 = CYLINDRICAL_SURFACE('',#11624,22.);
#11624 = AXIS2_PLACEMENT_3D('',#11625,#11626,#11627);
#11625 = CARTESIAN_POINT('',(6.661338147751E-15,-4.,-4.440892098501E-15)
  );
#11626 = DIRECTION('',(-3.330669073875E-16,-1.,2.22044604925E-16));
#11627 = DIRECTION('',(-3.229739708E-16,2.22044604925E-16,1.));
#11628 = ADVANCED_FACE('',(#11629,#11673,#11676,#11687,#11698,#11709),
  #11720,.F.);
#11629 = FACE_BOUND('',#11630,.F.);
#11630 = EDGE_LOOP('',(#11631,#11641,#11650,#11659,#11667));
#11631 = ORIENTED_EDGE('',*,*,#11632,.T.);
#11632 = EDGE_CURVE('',#11633,#11635,#11637,.T.);
#11633 = VERTEX_POINT('',#11634);
#11634 = CARTESIAN_POINT('',(6.,-21.5,2.));
#11635 = VERTEX_POINT('',#11636);
#11636 = CARTESIAN_POINT('',(5.015974481594,-21.5,2.));
#11637 = LINE('',#11638,#11639);
#11638 = CARTESIAN_POINT('',(5.273559366969E-16,-21.5,2.));
#11639 = VECTOR('',#11640,1.);
#11640 = DIRECTION('',(-1.,3.330669073875E-16,-3.330669073875E-16));
#11641 = ORIENTED_EDGE('',*,*,#11642,.F.);
#11642 = EDGE_CURVE('',#11643,#11635,#11645,.T.);
#11643 = VERTEX_POINT('',#11644);
#11644 = CARTESIAN_POINT('',(-2.498001805407E-15,-21.5,5.4));
#11645 = CIRCLE('',#11646,5.4);
#11646 = AXIS2_PLACEMENT_3D('',#11647,#11648,#11649);
#11647 = CARTESIAN_POINT('',(8.326672684689E-16,-21.5,
    -5.551115123126E-16));
#11648 = DIRECTION('',(3.330669073875E-16,1.,-2.22044604925E-16));
#11649 = DIRECTION('',(-2.775557561563E-16,2.22044604925E-16,1.));
#11650 = ORIENTED_EDGE('',*,*,#11651,.F.);
#11651 = EDGE_CURVE('',#11652,#11643,#11654,.T.);
#11652 = VERTEX_POINT('',#11653);
#11653 = CARTESIAN_POINT('',(5.015974481594,-21.5,-2.));
#11654 = CIRCLE('',#11655,5.4);
#11655 = AXIS2_PLACEMENT_3D('',#11656,#11657,#11658);
#11656 = CARTESIAN_POINT('',(8.326672684689E-16,-21.5,
    -5.551115123126E-16));
#11657 = DIRECTION('',(3.330669073875E-16,1.,-2.22044604925E-16));
#11658 = DIRECTION('',(0.916515138991,-3.940787048877E-16,-0.4));
#11659 = ORIENTED_EDGE('',*,*,#11660,.T.);
#11660 = EDGE_CURVE('',#11652,#11661,#11663,.T.);
#11661 = VERTEX_POINT('',#11662);
#11662 = CARTESIAN_POINT('',(6.,-21.5,-2.));
#11663 = LINE('',#11664,#11665);
#11664 = CARTESIAN_POINT('',(1.304512053935E-15,-21.5,-2.));
#11665 = VECTOR('',#11666,1.);
#11666 = DIRECTION('',(1.,-3.330669073875E-16,3.330669073875E-16));
#11667 = ORIENTED_EDGE('',*,*,#11668,.F.);
#11668 = EDGE_CURVE('',#11633,#11661,#11669,.T.);
#11669 = LINE('',#11670,#11671);
#11670 = CARTESIAN_POINT('',(6.,-21.5,1.360023205166E-15));
#11671 = VECTOR('',#11672,1.);
#11672 = DIRECTION('',(3.330669073875E-16,-2.22044604925E-16,-1.));
#11673 = FACE_BOUND('',#11674,.F.);
#11674 = EDGE_LOOP('',(#11675));
#11675 = ORIENTED_EDGE('',*,*,#11277,.T.);
#11676 = FACE_BOUND('',#11677,.F.);
#11677 = EDGE_LOOP('',(#11678));
#11678 = ORIENTED_EDGE('',*,*,#11679,.T.);
#11679 = EDGE_CURVE('',#11680,#11680,#11682,.T.);
#11680 = VERTEX_POINT('',#11681);
#11681 = CARTESIAN_POINT('',(-5.656854249492,-21.5,8.206854249492));
#11682 = CIRCLE('',#11683,2.55);
#11683 = AXIS2_PLACEMENT_3D('',#11684,#11685,#11686);
#11684 = CARTESIAN_POINT('',(-5.656854249492,-21.5,5.656854249492));
#11685 = DIRECTION('',(-3.330669073875E-16,-1.,2.22044604925E-16));
#11686 = DIRECTION('',(4.179357557457E-31,2.22044604925E-16,1.));
#11687 = FACE_BOUND('',#11688,.F.);
#11688 = EDGE_LOOP('',(#11689));
#11689 = ORIENTED_EDGE('',*,*,#11690,.T.);
#11690 = EDGE_CURVE('',#11691,#11691,#11693,.T.);
#11691 = VERTEX_POINT('',#11692);
#11692 = CARTESIAN_POINT('',(8.206854249492,-21.5,5.656854249492));
#11693 = CIRCLE('',#11694,2.55);
#11694 = AXIS2_PLACEMENT_3D('',#11695,#11696,#11697);
#11695 = CARTESIAN_POINT('',(5.656854249492,-21.5,5.656854249492));
#11696 = DIRECTION('',(-3.330669073875E-16,-1.,2.22044604925E-16));
#11697 = DIRECTION('',(1.,-3.330669073875E-16,-3.38820345193E-31));
#11698 = FACE_BOUND('',#11699,.F.);
#11699 = EDGE_LOOP('',(#11700));
#11700 = ORIENTED_EDGE('',*,*,#11701,.T.);
#11701 = EDGE_CURVE('',#11702,#11702,#11704,.T.);
#11702 = VERTEX_POINT('',#11703);
#11703 = CARTESIAN_POINT('',(5.656854249492,-21.5,-8.206854249492));
#11704 = CIRCLE('',#11705,2.55);
#11705 = AXIS2_PLACEMENT_3D('',#11706,#11707,#11708);
#11706 = CARTESIAN_POINT('',(5.656854249492,-21.5,-5.656854249492));
#11707 = DIRECTION('',(-3.330669073875E-16,-1.,2.22044604925E-16));
#11708 = DIRECTION('',(-5.159700688219E-33,-2.22044604925E-16,-1.));
#11709 = FACE_BOUND('',#11710,.F.);
#11710 = EDGE_LOOP('',(#11711));
#11711 = ORIENTED_EDGE('',*,*,#11712,.T.);
#11712 = EDGE_CURVE('',#11713,#11713,#11715,.T.);
#11713 = VERTEX_POINT('',#11714);
#11714 = CARTESIAN_POINT('',(-8.206854249492,-21.5,-5.656854249492));
#11715 = CIRCLE('',#11716,2.55);
#11716 = AXIS2_PLACEMENT_3D('',#11717,#11718,#11719);
#11717 = CARTESIAN_POINT('',(-5.656854249492,-21.5,-5.656854249492));
#11718 = DIRECTION('',(-3.330669073875E-16,-1.,2.22044604925E-16));
#11719 = DIRECTION('',(-1.,3.330669073875E-16,6.363630848803E-32));
#11720 = PLANE('',#11721);
#11721 = AXIS2_PLACEMENT_3D('',#11722,#11723,#11724);
#11722 = CARTESIAN_POINT('',(8.326672684689E-16,-21.5,
    -5.551115123126E-16));
#11723 = DIRECTION('',(3.330669073875E-16,1.,-2.22044604925E-16));
#11724 = DIRECTION('',(-2.472769463938E-16,2.22044604925E-16,1.));
#11725 = ADVANCED_FACE('',(#11726,#11752),#11755,.F.);
#11726 = FACE_BOUND('',#11727,.F.);
#11727 = EDGE_LOOP('',(#11728,#11736,#11745,#11751));
#11728 = ORIENTED_EDGE('',*,*,#11729,.T.);
#11729 = EDGE_CURVE('',#11661,#11730,#11732,.T.);
#11730 = VERTEX_POINT('',#11731);
#11731 = CARTESIAN_POINT('',(6.,-17.5,-2.));
#11732 = LINE('',#11733,#11734);
#11733 = CARTESIAN_POINT('',(6.,-27.5,-2.));
#11734 = VECTOR('',#11735,1.);
#11735 = DIRECTION('',(4.440892098501E-16,1.,-3.730669073875E-16));
#11736 = ORIENTED_EDGE('',*,*,#11737,.T.);
#11737 = EDGE_CURVE('',#11730,#11738,#11740,.T.);
#11738 = VERTEX_POINT('',#11739);
#11739 = CARTESIAN_POINT('',(6.,-17.5,2.));
#11740 = CIRCLE('',#11741,2.);
#11741 = AXIS2_PLACEMENT_3D('',#11742,#11743,#11744);
#11742 = CARTESIAN_POINT('',(6.,-17.5,-1.665334536938E-16));
#11743 = DIRECTION('',(1.,-4.440892098501E-16,3.330669073875E-16));
#11744 = DIRECTION('',(4.440892098501E-16,1.,-3.330669073875E-16));
#11745 = ORIENTED_EDGE('',*,*,#11746,.T.);
#11746 = EDGE_CURVE('',#11738,#11633,#11747,.T.);
#11747 = LINE('',#11748,#11749);
#11748 = CARTESIAN_POINT('',(6.,-17.5,2.));
#11749 = VECTOR('',#11750,1.);
#11750 = DIRECTION('',(-4.440892098501E-16,-1.,2.930669073875E-16));
#11751 = ORIENTED_EDGE('',*,*,#11668,.T.);
#11752 = FACE_BOUND('',#11753,.F.);
#11753 = EDGE_LOOP('',(#11754));
#11754 = ORIENTED_EDGE('',*,*,#11294,.T.);
#11755 = PLANE('',#11756);
#11756 = AXIS2_PLACEMENT_3D('',#11757,#11758,#11759);
#11757 = CARTESIAN_POINT('',(6.,-22.5,1.498801083244E-15));
#11758 = DIRECTION('',(1.,-4.440892098501E-16,3.330669073875E-16));
#11759 = DIRECTION('',(4.440892098501E-16,1.,0.));
#11760 = ADVANCED_FACE('',(#11761),#11780,.F.);
#11761 = FACE_BOUND('',#11762,.F.);
#11762 = EDGE_LOOP('',(#11763,#11771,#11778,#11779));
#11763 = ORIENTED_EDGE('',*,*,#11764,.F.);
#11764 = EDGE_CURVE('',#11765,#11339,#11767,.T.);
#11765 = VERTEX_POINT('',#11766);
#11766 = CARTESIAN_POINT('',(-5.656854249492,-21.1,7.806854249492));
#11767 = LINE('',#11768,#11769);
#11768 = CARTESIAN_POINT('',(-5.656854249492,-21.5,7.806854249492));
#11769 = VECTOR('',#11770,1.);
#11770 = DIRECTION('',(4.E-16,1.,-4.930380657631E-32));
#11771 = ORIENTED_EDGE('',*,*,#11772,.F.);
#11772 = EDGE_CURVE('',#11765,#11765,#11773,.T.);
#11773 = CIRCLE('',#11774,2.15);
#11774 = AXIS2_PLACEMENT_3D('',#11775,#11776,#11777);
#11775 = CARTESIAN_POINT('',(-5.656854249492,-21.1,5.656854249492));
#11776 = DIRECTION('',(-3.330669073875E-16,-1.,2.22044604925E-16));
#11777 = DIRECTION('',(4.179357557457E-31,2.22044604925E-16,1.));
#11778 = ORIENTED_EDGE('',*,*,#11764,.T.);
#11779 = ORIENTED_EDGE('',*,*,#11346,.T.);
#11780 = CYLINDRICAL_SURFACE('',#11781,2.15);
#11781 = AXIS2_PLACEMENT_3D('',#11782,#11783,#11784);
#11782 = CARTESIAN_POINT('',(-5.656854249492,-21.5,5.656854249492));
#11783 = DIRECTION('',(-1.77955395075E-16,-1.,-1.232595164408E-31));
#11784 = DIRECTION('',(1.110223024625E-16,-1.479114197289E-31,1.));
#11785 = ADVANCED_FACE('',(#11786),#11805,.F.);
#11786 = FACE_BOUND('',#11787,.F.);
#11787 = EDGE_LOOP('',(#11788,#11796,#11803,#11804));
#11788 = ORIENTED_EDGE('',*,*,#11789,.F.);
#11789 = EDGE_CURVE('',#11790,#11364,#11792,.T.);
#11790 = VERTEX_POINT('',#11791);
#11791 = CARTESIAN_POINT('',(-7.806854249492,-21.1,-5.656854249492));
#11792 = LINE('',#11793,#11794);
#11793 = CARTESIAN_POINT('',(-7.806854249492,-21.5,-5.656854249492));
#11794 = VECTOR('',#11795,1.);
#11795 = DIRECTION('',(4.E-16,1.,-1.094764425254E-47));
#11796 = ORIENTED_EDGE('',*,*,#11797,.F.);
#11797 = EDGE_CURVE('',#11790,#11790,#11798,.T.);
#11798 = CIRCLE('',#11799,2.15);
#11799 = AXIS2_PLACEMENT_3D('',#11800,#11801,#11802);
#11800 = CARTESIAN_POINT('',(-5.656854249492,-21.1,-5.656854249492));
#11801 = DIRECTION('',(-3.330669073875E-16,-1.,2.22044604925E-16));
#11802 = DIRECTION('',(-1.,3.330669073875E-16,6.363630848803E-32));
#11803 = ORIENTED_EDGE('',*,*,#11789,.T.);
#11804 = ORIENTED_EDGE('',*,*,#11371,.T.);
#11805 = CYLINDRICAL_SURFACE('',#11806,2.15);
#11806 = AXIS2_PLACEMENT_3D('',#11807,#11808,#11809);
#11807 = CARTESIAN_POINT('',(-5.656854249492,-21.5,-5.656854249492));
#11808 = DIRECTION('',(-4.E-16,-1.,2.22044604925E-16));
#11809 = DIRECTION('',(-1.,4.E-16,1.224646799147E-16));
#11810 = ADVANCED_FACE('',(#11811),#11830,.F.);
#11811 = FACE_BOUND('',#11812,.F.);
#11812 = EDGE_LOOP('',(#11813,#11821,#11828,#11829));
#11813 = ORIENTED_EDGE('',*,*,#11814,.F.);
#11814 = EDGE_CURVE('',#11815,#11389,#11817,.T.);
#11815 = VERTEX_POINT('',#11816);
#11816 = CARTESIAN_POINT('',(7.806854249492,-21.1,5.656854249492));
#11817 = LINE('',#11818,#11819);
#11818 = CARTESIAN_POINT('',(7.806854249492,-21.5,5.656854249492));
#11819 = VECTOR('',#11820,1.);
#11820 = DIRECTION('',(4.E-16,1.,0.));
#11821 = ORIENTED_EDGE('',*,*,#11822,.F.);
#11822 = EDGE_CURVE('',#11815,#11815,#11823,.T.);
#11823 = CIRCLE('',#11824,2.15);
#11824 = AXIS2_PLACEMENT_3D('',#11825,#11826,#11827);
#11825 = CARTESIAN_POINT('',(5.656854249492,-21.1,5.656854249492));
#11826 = DIRECTION('',(-3.330669073875E-16,-1.,2.22044604925E-16));
#11827 = DIRECTION('',(1.,-3.330669073875E-16,-3.38820345193E-31));
#11828 = ORIENTED_EDGE('',*,*,#11814,.T.);
#11829 = ORIENTED_EDGE('',*,*,#11396,.T.);
#11830 = CYLINDRICAL_SURFACE('',#11831,2.15);
#11831 = AXIS2_PLACEMENT_3D('',#11832,#11833,#11834);
#11832 = CARTESIAN_POINT('',(5.656854249492,-21.5,5.656854249492));
#11833 = DIRECTION('',(-4.E-16,-1.,-2.22044604925E-16));
#11834 = DIRECTION('',(1.,-4.E-16,0.));
#11835 = ADVANCED_FACE('',(#11836),#11855,.F.);
#11836 = FACE_BOUND('',#11837,.F.);
#11837 = EDGE_LOOP('',(#11838,#11846,#11847,#11848));
#11838 = ORIENTED_EDGE('',*,*,#11839,.T.);
#11839 = EDGE_CURVE('',#11840,#11414,#11842,.T.);
#11840 = VERTEX_POINT('',#11841);
#11841 = CARTESIAN_POINT('',(1.876276911617E-15,-13.1,2.65));
#11842 = LINE('',#11843,#11844);
#11843 = CARTESIAN_POINT('',(1.743050148661E-15,-13.5,2.65));
#11844 = VECTOR('',#11845,1.);
#11845 = DIRECTION('',(2.22044604925E-16,1.,-2.22044604925E-16));
#11846 = ORIENTED_EDGE('',*,*,#11423,.F.);
#11847 = ORIENTED_EDGE('',*,*,#11839,.F.);
#11848 = ORIENTED_EDGE('',*,*,#11849,.T.);
#11849 = EDGE_CURVE('',#11840,#11840,#11850,.T.);
#11850 = CIRCLE('',#11851,2.65);
#11851 = AXIS2_PLACEMENT_3D('',#11852,#11853,#11854);
#11852 = CARTESIAN_POINT('',(3.630429290524E-15,-13.1,
    -2.420286193683E-15));
#11853 = DIRECTION('',(3.330669073875E-16,1.,-2.22044604925E-16));
#11854 = DIRECTION('',(-6.619442939275E-16,2.22044604925E-16,1.));
#11855 = CYLINDRICAL_SURFACE('',#11856,2.65);
#11856 = AXIS2_PLACEMENT_3D('',#11857,#11858,#11859);
#11857 = CARTESIAN_POINT('',(3.497202527569E-15,-13.5,
    -2.331468351713E-15));
#11858 = DIRECTION('',(3.330669073875E-16,1.,-2.22044604925E-16));
#11859 = DIRECTION('',(-6.619442939275E-16,2.22044604925E-16,1.));
#11860 = ADVANCED_FACE('',(#11861),#11880,.F.);
#11861 = FACE_BOUND('',#11862,.F.);
#11862 = EDGE_LOOP('',(#11863,#11871,#11878,#11879));
#11863 = ORIENTED_EDGE('',*,*,#11864,.F.);
#11864 = EDGE_CURVE('',#11865,#11439,#11867,.T.);
#11865 = VERTEX_POINT('',#11866);
#11866 = CARTESIAN_POINT('',(5.656854249492,-21.1,-7.806854249492));
#11867 = LINE('',#11868,#11869);
#11868 = CARTESIAN_POINT('',(5.656854249492,-21.5,-7.806854249492));
#11869 = VECTOR('',#11870,1.);
#11870 = DIRECTION('',(4.E-16,1.,4.930380657631E-32));
#11871 = ORIENTED_EDGE('',*,*,#11872,.F.);
#11872 = EDGE_CURVE('',#11865,#11865,#11873,.T.);
#11873 = CIRCLE('',#11874,2.15);
#11874 = AXIS2_PLACEMENT_3D('',#11875,#11876,#11877);
#11875 = CARTESIAN_POINT('',(5.656854249492,-21.1,-5.656854249492));
#11876 = DIRECTION('',(-3.330669073875E-16,-1.,2.22044604925E-16));
#11877 = DIRECTION('',(-5.159700688219E-33,-2.22044604925E-16,-1.));
#11878 = ORIENTED_EDGE('',*,*,#11864,.T.);
#11879 = ORIENTED_EDGE('',*,*,#11446,.T.);
#11880 = CYLINDRICAL_SURFACE('',#11881,2.15);
#11881 = AXIS2_PLACEMENT_3D('',#11882,#11883,#11884);
#11882 = CARTESIAN_POINT('',(5.656854249492,-21.5,-5.656854249492));
#11883 = DIRECTION('',(-6.22044604925E-16,-1.,1.479114197289E-31));
#11884 = DIRECTION('',(-2.22044604925E-16,1.183291357832E-46,-1.));
#11885 = ADVANCED_FACE('',(#11886),#11913,.T.);
#11886 = FACE_BOUND('',#11887,.T.);
#11887 = EDGE_LOOP('',(#11888,#11898,#11904,#11905,#11906));
#11888 = ORIENTED_EDGE('',*,*,#11889,.T.);
#11889 = EDGE_CURVE('',#11890,#11892,#11894,.T.);
#11890 = VERTEX_POINT('',#11891);
#11891 = CARTESIAN_POINT('',(4.582575694956,-21.1,2.));
#11892 = VERTEX_POINT('',#11893);
#11893 = CARTESIAN_POINT('',(4.582575694956,-17.5,2.));
#11894 = LINE('',#11895,#11896);
#11895 = CARTESIAN_POINT('',(4.582575694956,-21.5,2.));
#11896 = VECTOR('',#11897,1.);
#11897 = DIRECTION('',(3.330669073875E-16,1.,-2.22044604925E-16));
#11898 = ORIENTED_EDGE('',*,*,#11899,.T.);
#11899 = EDGE_CURVE('',#11892,#11738,#11900,.T.);
#11900 = LINE('',#11901,#11902);
#11901 = CARTESIAN_POINT('',(2.22044604925E-15,-17.5,2.));
#11902 = VECTOR('',#11903,1.);
#11903 = DIRECTION('',(1.,-3.330669073875E-16,3.330669073875E-16));
#11904 = ORIENTED_EDGE('',*,*,#11746,.T.);
#11905 = ORIENTED_EDGE('',*,*,#11632,.T.);
#11906 = ORIENTED_EDGE('',*,*,#11907,.T.);
#11907 = EDGE_CURVE('',#11635,#11890,#11908,.T.);
#11908 = HYPERBOLA('',#11909,2.,2.);
#11909 = AXIS2_PLACEMENT_3D('',#11910,#11911,#11912);
#11910 = CARTESIAN_POINT('',(1.965094753587E-15,-16.1,2.));
#11911 = DIRECTION('',(3.330669073875E-16,-2.930669073875E-16,-1.));
#11912 = DIRECTION('',(-3.330669073875E-16,-1.,2.930669073875E-16));
#11913 = PLANE('',#11914);
#11914 = AXIS2_PLACEMENT_3D('',#11915,#11916,#11917);
#11915 = CARTESIAN_POINT('',(2.22044604925E-15,-17.5,2.));
#11916 = DIRECTION('',(3.330669073875E-16,-2.930669073875E-16,-1.));
#11917 = DIRECTION('',(-4.440892098501E-16,-1.,2.930669073875E-16));
#11918 = ADVANCED_FACE('',(#11919),#11938,.F.);
#11919 = FACE_BOUND('',#11920,.F.);
#11920 = EDGE_LOOP('',(#11921,#11929,#11930,#11931));
#11921 = ORIENTED_EDGE('',*,*,#11922,.F.);
#11922 = EDGE_CURVE('',#11643,#11923,#11925,.T.);
#11923 = VERTEX_POINT('',#11924);
#11924 = CARTESIAN_POINT('',(-1.920685832602E-15,-21.1,5.));
#11925 = LINE('',#11926,#11927);
#11926 = CARTESIAN_POINT('',(-1.920685832602E-15,-21.1,5.));
#11927 = VECTOR('',#11928,1.);
#11928 = DIRECTION('',(6.240919274214E-16,0.707106781187,-0.707106781187
    ));
#11929 = ORIENTED_EDGE('',*,*,#11642,.T.);
#11930 = ORIENTED_EDGE('',*,*,#11907,.T.);
#11931 = ORIENTED_EDGE('',*,*,#11932,.F.);
#11932 = EDGE_CURVE('',#11923,#11890,#11933,.T.);
#11933 = CIRCLE('',#11934,5.);
#11934 = AXIS2_PLACEMENT_3D('',#11935,#11936,#11937);
#11935 = CARTESIAN_POINT('',(9.658940314239E-16,-21.1,
    -6.439293542826E-16));
#11936 = DIRECTION('',(3.330669073875E-16,1.,-2.22044604925E-16));
#11937 = DIRECTION('',(-2.775557561563E-16,2.22044604925E-16,1.));
#11938 = CONICAL_SURFACE('',#11939,5.,0.785398163397);
#11939 = AXIS2_PLACEMENT_3D('',#11940,#11941,#11942);
#11940 = CARTESIAN_POINT('',(9.658940314239E-16,-21.1,
    -6.439293542826E-16));
#11941 = DIRECTION('',(-3.330669073875E-16,-1.,2.22044604925E-16));
#11942 = DIRECTION('',(-2.775557561563E-16,2.22044604925E-16,1.));
#11943 = ADVANCED_FACE('',(#11944),#11964,.F.);
#11944 = FACE_BOUND('',#11945,.F.);
#11945 = EDGE_LOOP('',(#11946,#11955,#11956,#11957));
#11946 = ORIENTED_EDGE('',*,*,#11947,.F.);
#11947 = EDGE_CURVE('',#11652,#11948,#11950,.T.);
#11948 = VERTEX_POINT('',#11949);
#11949 = CARTESIAN_POINT('',(4.582575694956,-21.1,-2.));
#11950 = HYPERBOLA('',#11951,2.,2.);
#11951 = AXIS2_PLACEMENT_3D('',#11952,#11953,#11954);
#11952 = CARTESIAN_POINT('',(3.297362383137E-15,-16.1,-2.));
#11953 = DIRECTION('',(3.330669073875E-16,-3.730669073875E-16,-1.));
#11954 = DIRECTION('',(-3.330669073875E-16,-1.,3.730669073875E-16));
#11955 = ORIENTED_EDGE('',*,*,#11651,.T.);
#11956 = ORIENTED_EDGE('',*,*,#11922,.T.);
#11957 = ORIENTED_EDGE('',*,*,#11958,.F.);
#11958 = EDGE_CURVE('',#11948,#11923,#11959,.T.);
#11959 = CIRCLE('',#11960,5.);
#11960 = AXIS2_PLACEMENT_3D('',#11961,#11962,#11963);
#11961 = CARTESIAN_POINT('',(9.658940314239E-16,-21.1,
    -6.439293542826E-16));
#11962 = DIRECTION('',(3.330669073875E-16,1.,-2.22044604925E-16));
#11963 = DIRECTION('',(0.916515138991,-3.940787048877E-16,-0.4));
#11964 = CONICAL_SURFACE('',#11965,5.,0.785398163397);
#11965 = AXIS2_PLACEMENT_3D('',#11966,#11967,#11968);
#11966 = CARTESIAN_POINT('',(9.658940314239E-16,-21.1,
    -6.439293542826E-16));
#11967 = DIRECTION('',(-3.330669073875E-16,-1.,2.22044604925E-16));
#11968 = DIRECTION('',(0.916515138991,-3.940787048877E-16,-0.4));
#11969 = ADVANCED_FACE('',(#11970),#11989,.T.);
#11970 = FACE_BOUND('',#11971,.T.);
#11971 = EDGE_LOOP('',(#11972,#11973,#11974,#11982,#11988));
#11972 = ORIENTED_EDGE('',*,*,#11660,.T.);
#11973 = ORIENTED_EDGE('',*,*,#11729,.T.);
#11974 = ORIENTED_EDGE('',*,*,#11975,.F.);
#11975 = EDGE_CURVE('',#11976,#11730,#11978,.T.);
#11976 = VERTEX_POINT('',#11977);
#11977 = CARTESIAN_POINT('',(4.582575694956,-17.5,-2.));
#11978 = LINE('',#11979,#11980);
#11979 = CARTESIAN_POINT('',(3.552713678801E-15,-17.5,-2.));
#11980 = VECTOR('',#11981,1.);
#11981 = DIRECTION('',(1.,-3.330669073875E-16,3.330669073875E-16));
#11982 = ORIENTED_EDGE('',*,*,#11983,.F.);
#11983 = EDGE_CURVE('',#11948,#11976,#11984,.T.);
#11984 = LINE('',#11985,#11986);
#11985 = CARTESIAN_POINT('',(4.582575694956,-21.5,-2.));
#11986 = VECTOR('',#11987,1.);
#11987 = DIRECTION('',(3.330669073875E-16,1.,-2.22044604925E-16));
#11988 = ORIENTED_EDGE('',*,*,#11947,.F.);
#11989 = PLANE('',#11990);
#11990 = AXIS2_PLACEMENT_3D('',#11991,#11992,#11993);
#11991 = CARTESIAN_POINT('',(-8.881784197001E-16,-27.5,-2.));
#11992 = DIRECTION('',(-3.330669073875E-16,3.730669073875E-16,1.));
#11993 = DIRECTION('',(4.440892098501E-16,1.,-3.730669073875E-16));
#11994 = ADVANCED_FACE('',(#11995),#12006,.F.);
#11995 = FACE_BOUND('',#11996,.T.);
#11996 = EDGE_LOOP('',(#11997,#12003,#12004,#12005));
#11997 = ORIENTED_EDGE('',*,*,#11998,.F.);
#11998 = EDGE_CURVE('',#11680,#11765,#11999,.T.);
#11999 = LINE('',#12000,#12001);
#12000 = CARTESIAN_POINT('',(-5.656854249492,-21.1,7.806854249492));
#12001 = VECTOR('',#12002,1.);
#12002 = DIRECTION('',(2.355138688026E-16,0.707106781187,-0.707106781187
    ));
#12003 = ORIENTED_EDGE('',*,*,#11679,.T.);
#12004 = ORIENTED_EDGE('',*,*,#11998,.T.);
#12005 = ORIENTED_EDGE('',*,*,#11772,.F.);
#12006 = CONICAL_SURFACE('',#12007,2.15,0.785398163397);
#12007 = AXIS2_PLACEMENT_3D('',#12008,#12009,#12010);
#12008 = CARTESIAN_POINT('',(-5.656854249492,-21.1,5.656854249492));
#12009 = DIRECTION('',(-3.330669073875E-16,-1.,2.22044604925E-16));
#12010 = DIRECTION('',(4.179357557457E-31,2.22044604925E-16,1.));
#12011 = ADVANCED_FACE('',(#12012),#12023,.F.);
#12012 = FACE_BOUND('',#12013,.T.);
#12013 = EDGE_LOOP('',(#12014,#12020,#12021,#12022));
#12014 = ORIENTED_EDGE('',*,*,#12015,.F.);
#12015 = EDGE_CURVE('',#11691,#11815,#12016,.T.);
#12016 = LINE('',#12017,#12018);
#12017 = CARTESIAN_POINT('',(7.806854249492,-21.1,5.656854249492));
#12018 = VECTOR('',#12019,1.);
#12019 = DIRECTION('',(-0.707106781187,0.707106781187,
    -1.570092458684E-16));
#12020 = ORIENTED_EDGE('',*,*,#11690,.T.);
#12021 = ORIENTED_EDGE('',*,*,#12015,.T.);
#12022 = ORIENTED_EDGE('',*,*,#11822,.F.);
#12023 = CONICAL_SURFACE('',#12024,2.15,0.785398163397);
#12024 = AXIS2_PLACEMENT_3D('',#12025,#12026,#12027);
#12025 = CARTESIAN_POINT('',(5.656854249492,-21.1,5.656854249492));
#12026 = DIRECTION('',(-3.330669073875E-16,-1.,2.22044604925E-16));
#12027 = DIRECTION('',(1.,-3.330669073875E-16,-3.38820345193E-31));
#12028 = ADVANCED_FACE('',(#12029),#12040,.F.);
#12029 = FACE_BOUND('',#12030,.T.);
#12030 = EDGE_LOOP('',(#12031,#12037,#12038,#12039));
#12031 = ORIENTED_EDGE('',*,*,#12032,.F.);
#12032 = EDGE_CURVE('',#11702,#11865,#12033,.T.);
#12033 = LINE('',#12034,#12035);
#12034 = CARTESIAN_POINT('',(5.656854249492,-21.1,-7.806854249492));
#12035 = VECTOR('',#12036,1.);
#12036 = DIRECTION('',(5.27624093674E-16,0.707106781187,0.707106781187)
  );
#12037 = ORIENTED_EDGE('',*,*,#11701,.T.);
#12038 = ORIENTED_EDGE('',*,*,#12032,.T.);
#12039 = ORIENTED_EDGE('',*,*,#11872,.F.);
#12040 = CONICAL_SURFACE('',#12041,2.15,0.785398163397);
#12041 = AXIS2_PLACEMENT_3D('',#12042,#12043,#12044);
#12042 = CARTESIAN_POINT('',(5.656854249492,-21.1,-5.656854249492));
#12043 = DIRECTION('',(-3.330669073875E-16,-1.,2.22044604925E-16));
#12044 = DIRECTION('',(-5.159700688219E-33,-2.22044604925E-16,-1.));
#12045 = ADVANCED_FACE('',(#12046),#12057,.F.);
#12046 = FACE_BOUND('',#12047,.T.);
#12047 = EDGE_LOOP('',(#12048,#12054,#12055,#12056));
#12048 = ORIENTED_EDGE('',*,*,#12049,.F.);
#12049 = EDGE_CURVE('',#11713,#11790,#12050,.T.);
#12050 = LINE('',#12051,#12052);
#12051 = CARTESIAN_POINT('',(-7.806854249492,-21.1,-5.656854249492));
#12052 = VECTOR('',#12053,1.);
#12053 = DIRECTION('',(0.707106781187,0.707106781187,-4.491194707398E-16
    ));
#12054 = ORIENTED_EDGE('',*,*,#11712,.T.);
#12055 = ORIENTED_EDGE('',*,*,#12049,.T.);
#12056 = ORIENTED_EDGE('',*,*,#11797,.F.);
#12057 = CONICAL_SURFACE('',#12058,2.15,0.785398163397);
#12058 = AXIS2_PLACEMENT_3D('',#12059,#12060,#12061);
#12059 = CARTESIAN_POINT('',(-5.656854249492,-21.1,-5.656854249492));
#12060 = DIRECTION('',(-3.330669073875E-16,-1.,2.22044604925E-16));
#12061 = DIRECTION('',(-1.,3.330669073875E-16,6.363630848803E-32));
#12062 = ADVANCED_FACE('',(#12063),#12130,.F.);
#12063 = FACE_BOUND('',#12064,.T.);
#12064 = EDGE_LOOP('',(#12065,#12097,#12098,#12099,#12100));
#12065 = ORIENTED_EDGE('',*,*,#12066,.F.);
#12066 = EDGE_CURVE('',#11976,#12067,#12069,.T.);
#12067 = VERTEX_POINT('',#12068);
#12068 = CARTESIAN_POINT('',(5.,-15.5,-9.245157784049E-16));
#12069 = B_SPLINE_CURVE_WITH_KNOTS('',6,(#12070,#12071,#12072,#12073,
    #12074,#12075,#12076,#12077,#12078,#12079,#12080,#12081,#12082,
    #12083,#12084,#12085,#12086,#12087,#12088,#12089,#12090,#12091,
    #12092,#12093,#12094,#12095,#12096),.UNSPECIFIED.,.F.,.F.,(7,5,5,5,5
    ,7),(0.,0.159413927921,0.512707259732,0.608721577919,0.733512298901,
    1.),.UNSPECIFIED.);
#12070 = CARTESIAN_POINT('',(4.582575694956,-17.5,-2.));
#12071 = CARTESIAN_POINT('',(4.582575694956,-17.42541928756,-2.));
#12072 = CARTESIAN_POINT('',(4.584032210802,-17.35084267404,
    -1.996662657233));
#12073 = CARTESIAN_POINT('',(4.586945094524,-17.27640468153,
    -1.989988530613));
#12074 = CARTESIAN_POINT('',(4.591292759983,-17.20224223754,
    -1.979976925267));
#12075 = CARTESIAN_POINT('',(4.597032658215,-17.12849501619,
    -1.966626377535));
#12076 = CARTESIAN_POINT('',(4.619768288348,-16.89310370758,
    -1.912943999901));
#12077 = CARTESIAN_POINT('',(4.641943910923,-16.73384542727,
    -1.85959095451));
#12078 = CARTESIAN_POINT('',(4.669946780279,-16.57871587937,
    -1.789852394947));
#12079 = CARTESIAN_POINT('',(4.702710953854,-16.42908875019,
    -1.703466096342));
#12080 = CARTESIAN_POINT('',(4.7387574805,-16.28672156929,
    -1.600052298769));
#12081 = CARTESIAN_POINT('',(4.786335381957,-16.11789850963,
    -1.446435134089));
#12082 = CARTESIAN_POINT('',(4.796605972126,-16.08252299309,
    -1.412316028919));
#12083 = CARTESIAN_POINT('',(4.806942417775,-16.04789397162,
    -1.376893836361));
#12084 = CARTESIAN_POINT('',(4.817304171499,-16.01406230451,
    -1.340159025375));
#12085 = CARTESIAN_POINT('',(4.827647764363,-15.98108416204,
    -1.302103571966));
#12086 = CARTESIAN_POINT('',(4.851286573781,-15.90734826257,
    -1.211535003421));
#12087 = CARTESIAN_POINT('',(4.864540679093,-15.86721057936,
    -1.158094372122));
#12088 = CARTESIAN_POINT('',(4.87758269135,-15.82875867868,
    -1.102400706195));
#12089 = CARTESIAN_POINT('',(4.890298473795,-15.7921529303,
    -1.044464092317));
#12090 = CARTESIAN_POINT('',(4.902567808064,-15.75756393789,
    -0.984303755071));
#12091 = CARTESIAN_POINT('',(4.939247277692,-15.65600323257,
    -0.788791074604));
#12092 = CARTESIAN_POINT('',(4.961848070933,-15.59623719593,
    -0.644430939016));
#12093 = CARTESIAN_POINT('',(4.980396343315,-15.54900863656,
    -0.490792780914));
#12094 = CARTESIAN_POINT('',(4.99340449615,-15.51648890969,
    -0.330323457413));
#12095 = CARTESIAN_POINT('',(5.,-15.5,-0.165775100139));
#12096 = CARTESIAN_POINT('',(5.,-15.5,-8.881784197001E-16));
#12097 = ORIENTED_EDGE('',*,*,#11975,.T.);
#12098 = ORIENTED_EDGE('',*,*,#11737,.T.);
#12099 = ORIENTED_EDGE('',*,*,#11899,.F.);
#12100 = ORIENTED_EDGE('',*,*,#12101,.F.);
#12101 = EDGE_CURVE('',#12067,#11892,#12102,.T.);
#12102 = B_SPLINE_CURVE_WITH_KNOTS('',6,(#12103,#12104,#12105,#12106,
    #12107,#12108,#12109,#12110,#12111,#12112,#12113,#12114,#12115,
    #12116,#12117,#12118,#12119,#12120,#12121,#12122,#12123,#12124,
    #12125,#12126,#12127,#12128,#12129),.UNSPECIFIED.,.F.,.F.,(7,5,5,5,5
    ,7),(0.,0.26648654227,0.391270475861,0.487290548267,0.839515923918,
    1.),.UNSPECIFIED.);
#12103 = CARTESIAN_POINT('',(5.,-15.5,-9.245157784049E-16));
#12104 = CARTESIAN_POINT('',(5.,-15.5,0.165775100313));
#12105 = CARTESIAN_POINT('',(4.993404496136,-15.51648890973,
    0.33032345737));
#12106 = CARTESIAN_POINT('',(4.980396343333,-15.54900863652,
    0.490792780745));
#12107 = CARTESIAN_POINT('',(4.961848070952,-15.59623719587,
    0.644430938973));
#12108 = CARTESIAN_POINT('',(4.939247277663,-15.65600323265,
    0.788791074761));
#12109 = CARTESIAN_POINT('',(4.902568393478,-15.75756231695,
    0.984300634636));
#12110 = CARTESIAN_POINT('',(4.890299701615,-15.7921494689,
    1.044458072001));
#12111 = CARTESIAN_POINT('',(4.877584599931,-15.82875318431,
    1.102392010188));
#12112 = CARTESIAN_POINT('',(4.864543289108,-15.86720288424,
    1.158083226403));
#12113 = CARTESIAN_POINT('',(4.851289889547,-15.90733822144,
    1.211521634075));
#12114 = CARTESIAN_POINT('',(4.827651135459,-15.98107341463,
    1.302091168022));
#12115 = CARTESIAN_POINT('',(4.817306864691,-16.01405351365,
    1.340149474331));
#12116 = CARTESIAN_POINT('',(4.806944429878,-16.04788723153,1.3768869408
    ));
#12117 = CARTESIAN_POINT('',(4.796607314857,-16.08251836683,
    1.412311570341));
#12118 = CARTESIAN_POINT('',(4.786336062186,-16.11789609594,
    1.446432937799));
#12119 = CARTESIAN_POINT('',(4.738870307977,-16.28632121788,
    1.599688007017));
#12120 = CARTESIAN_POINT('',(4.702929106592,-16.42822758661,
    1.702839865898));
#12121 = CARTESIAN_POINT('',(4.670244998627,-16.57735526153,
    1.789065797541));
#12122 = CARTESIAN_POINT('',(4.642284137656,-16.73196257992,
    1.858743442704));
#12123 = CARTESIAN_POINT('',(4.620105028321,-16.89068832439,
    1.912133622848));
#12124 = CARTESIAN_POINT('',(4.597225907884,-17.12602031552,
    1.966176847233));
#12125 = CARTESIAN_POINT('',(4.591409868325,-17.20025129674,
    1.979707245808));
#12126 = CARTESIAN_POINT('',(4.58700394503,-17.27490587364,
    1.989853690396));
#12127 = CARTESIAN_POINT('',(4.584051830446,-17.34984154078,
    1.996617701368));
#12128 = CARTESIAN_POINT('',(4.582575694956,-17.42491863952,2.));
#12129 = CARTESIAN_POINT('',(4.582575694956,-17.5,2.));
#12130 = CYLINDRICAL_SURFACE('',#12131,2.);
#12131 = AXIS2_PLACEMENT_3D('',#12132,#12133,#12134);
#12132 = CARTESIAN_POINT('',(2.886579864025E-15,-17.5,
    -2.164934898019E-15));
#12133 = DIRECTION('',(-1.,4.440892098501E-16,-3.330669073875E-16));
#12134 = DIRECTION('',(4.440892098501E-16,1.,-3.330669073875E-16));
#12135 = ADVANCED_FACE('',(#12136),#12155,.F.);
#12136 = FACE_BOUND('',#12137,.F.);
#12137 = EDGE_LOOP('',(#12138,#12146,#12153,#12154));
#12138 = ORIENTED_EDGE('',*,*,#12139,.F.);
#12139 = EDGE_CURVE('',#12140,#11840,#12142,.T.);
#12140 = VERTEX_POINT('',#12141);
#12141 = CARTESIAN_POINT('',(1.478272431091E-15,-13.5,3.05));
#12142 = LINE('',#12143,#12144);
#12143 = CARTESIAN_POINT('',(1.876276911617E-15,-13.1,2.65));
#12144 = VECTOR('',#12145,1.);
#12145 = DIRECTION('',(7.035791678064E-16,0.707106781187,-0.707106781187
    ));
#12146 = ORIENTED_EDGE('',*,*,#12147,.T.);
#12147 = EDGE_CURVE('',#12140,#12140,#12148,.T.);
#12148 = CIRCLE('',#12149,3.05);
#12149 = AXIS2_PLACEMENT_3D('',#12150,#12151,#12152);
#12150 = CARTESIAN_POINT('',(3.497202527569E-15,-13.5,
    -2.331468351713E-15));
#12151 = DIRECTION('',(3.330669073875E-16,1.,-2.22044604925E-16));
#12152 = DIRECTION('',(-6.619442939275E-16,2.22044604925E-16,1.));
#12153 = ORIENTED_EDGE('',*,*,#12139,.T.);
#12154 = ORIENTED_EDGE('',*,*,#11849,.F.);
#12155 = CONICAL_SURFACE('',#12156,2.65,0.785398163397);
#12156 = AXIS2_PLACEMENT_3D('',#12157,#12158,#12159);
#12157 = CARTESIAN_POINT('',(3.630429290524E-15,-13.1,
    -2.420286193683E-15));
#12158 = DIRECTION('',(-3.330669073875E-16,-1.,2.22044604925E-16));
#12159 = DIRECTION('',(-6.619442939275E-16,2.22044604925E-16,1.));
#12160 = ADVANCED_FACE('',(#12161),#12185,.F.);
#12161 = FACE_BOUND('',#12162,.F.);
#12162 = EDGE_LOOP('',(#12163,#12171,#12172,#12173,#12174,#12175,#12176,
    #12177,#12178));
#12163 = ORIENTED_EDGE('',*,*,#12164,.F.);
#12164 = EDGE_CURVE('',#11923,#12165,#12167,.T.);
#12165 = VERTEX_POINT('',#12166);
#12166 = CARTESIAN_POINT('',(1.221245327088E-15,-13.5,5.));
#12167 = LINE('',#12168,#12169);
#12168 = CARTESIAN_POINT('',(-5.551115123126E-16,-21.5,5.));
#12169 = VECTOR('',#12170,1.);
#12170 = DIRECTION('',(2.22044604925E-16,1.,-2.22044604925E-16));
#12171 = ORIENTED_EDGE('',*,*,#11932,.T.);
#12172 = ORIENTED_EDGE('',*,*,#11889,.T.);
#12173 = ORIENTED_EDGE('',*,*,#12101,.F.);
#12174 = ORIENTED_EDGE('',*,*,#12066,.F.);
#12175 = ORIENTED_EDGE('',*,*,#11983,.F.);
#12176 = ORIENTED_EDGE('',*,*,#11958,.T.);
#12177 = ORIENTED_EDGE('',*,*,#12164,.T.);
#12178 = ORIENTED_EDGE('',*,*,#12179,.F.);
#12179 = EDGE_CURVE('',#12165,#12165,#12180,.T.);
#12180 = CIRCLE('',#12181,5.);
#12181 = AXIS2_PLACEMENT_3D('',#12182,#12183,#12184);
#12182 = CARTESIAN_POINT('',(3.497202527569E-15,-13.5,
    -2.331468351713E-15));
#12183 = DIRECTION('',(3.330669073875E-16,1.,-2.22044604925E-16));
#12184 = DIRECTION('',(-4.551914400963E-16,2.22044604925E-16,1.));
#12185 = CYLINDRICAL_SURFACE('',#12186,5.);
#12186 = AXIS2_PLACEMENT_3D('',#12187,#12188,#12189);
#12187 = CARTESIAN_POINT('',(8.326672684689E-16,-21.5,
    -5.551115123126E-16));
#12188 = DIRECTION('',(3.330669073875E-16,1.,-2.22044604925E-16));
#12189 = DIRECTION('',(-2.775557561563E-16,2.22044604925E-16,1.));
#12190 = ADVANCED_FACE('',(#12191,#12194),#12197,.F.);
#12191 = FACE_BOUND('',#12192,.F.);
#12192 = EDGE_LOOP('',(#12193));
#12193 = ORIENTED_EDGE('',*,*,#12147,.F.);
#12194 = FACE_BOUND('',#12195,.F.);
#12195 = EDGE_LOOP('',(#12196));
#12196 = ORIENTED_EDGE('',*,*,#12179,.T.);
#12197 = PLANE('',#12198);
#12198 = AXIS2_PLACEMENT_3D('',#12199,#12200,#12201);
#12199 = CARTESIAN_POINT('',(3.497202527569E-15,-13.5,
    -2.331468351713E-15));
#12200 = DIRECTION('',(3.330669073875E-16,1.,-2.22044604925E-16));
#12201 = DIRECTION('',(-4.551914400963E-16,2.22044604925E-16,1.));
#12202 = ( GEOMETRIC_REPRESENTATION_CONTEXT(3) 
GLOBAL_UNCERTAINTY_ASSIGNED_CONTEXT((#12206)) 
GLOBAL_UNIT_ASSIGNED_CONTEXT((#12203,#12204,#12205)) 
REPRESENTATION_CONTEXT('Context #1',
  '3D Context with UNIT and UNCERTAINTY') );
#12203 = ( LENGTH_UNIT() NAMED_UNIT(*) SI_UNIT(.MILLI.,.METRE.) );
#12204 = ( NAMED_UNIT(*) PLANE_ANGLE_UNIT() SI_UNIT($,.RADIAN.) );
#12205 = ( NAMED_UNIT(*) SI_UNIT($,.STERADIAN.) SOLID_ANGLE_UNIT() );
#12206 = UNCERTAINTY_MEASURE_WITH_UNIT(LENGTH_MEASURE(5.E-06),#12203,
  'distance_accuracy_value','confusion accuracy');
#12207 = PRODUCT_RELATED_PRODUCT_CATEGORY('part',$,(#7));
#12208 = MECHANICAL_DESIGN_GEOMETRIC_PRESENTATION_REPRESENTATION('',(
    #12209),#12202);
#12209 = STYLED_ITEM('color',(#12210),#15);
#12210 = PRESENTATION_STYLE_ASSIGNMENT((#12211,#12217));
#12211 = SURFACE_STYLE_USAGE(.BOTH.,#12212);
#12212 = SURFACE_SIDE_STYLE('',(#12213));
#12213 = SURFACE_STYLE_FILL_AREA(#12214);
#12214 = FILL_AREA_STYLE('',(#12215));
#12215 = FILL_AREA_STYLE_COLOUR('',#12216);
#12216 = COLOUR_RGB('',7.843137629354E-02,7.843137629354E-02,
  7.843137629354E-02);
#12217 = CURVE_STYLE('',#12218,POSITIVE_LENGTH_MEASURE(0.1),#12219);
#12218 = DRAUGHTING_PRE_DEFINED_CURVE_FONT('continuous');
#12219 = COLOUR_RGB('',0.121568629232,0.121568629232,0.121568629232);
ENDSEC;
END-ISO-10303-21;
